사고번호,사고일시,요일,시군구,사고내용,사망자수,중상자수,경상자수,부상신고자수,사고유형,법규위반,노면상태,기상상태,도로형태,가해운전자 차종,가해운전자 성별,가해운전자 연령,가해운전자 상해정도,피해운전자 차종,피해운전자 성별,피해운전자 연령,피해운전자 상해정도
2016011400100007,2016년 1월 14일 00시,목요일,전라남도 여수시 선원동,경상사고,0,0,3,0,차대차 - 추돌,안전운전불이행,건조,맑음,교차로 - 교차로부근,승용,여,31세,상해없음,승용,남,60세,경상
2016011400100043,2016년 1월 14일 03시,목요일,전라남도 목포시 상동,경상사고,0,0,1,0,차대차 - 추돌,안전운전불이행,건조,맑음,교차로 - 교차로안,승용,남,39세,상해없음,승용,남,47세,경상
2016011400100080,2016년 1월 14일 06시,목요일,전라남도 목포시 상동,사망사고,1,0,0,0,차대사람 - 횡단중,안전운전불이행,건조,맑음,단일로 - 기타,승용,남,35세,상해없음,보행자,남,29세,사망
2016011400100081,2016년 1월 14일 06시,목요일,전라남도 여수시 문수동,경상사고,0,0,3,0,차대차 - 측면직각충돌,신호위반,건조,맑음,교차로 - 교차로안,승용,남,19세,상해없음,승용,여,56세,경상
2016011400100082,2016년 1월 14일 06시,목요일,전라남도 순천시 남정동,중상사고,0,1,0,0,차대차 - 추돌,신호위반,건조,맑음,교차로 - 교차로안,승용,남,35세,상해없음,승용,여,54세,중상
2016011400100110,2016년 1월 14일 07시,목요일,전라남도 장흥군 장흥읍,경상사고,0,0,1,0,차대차 - 측면직각충돌,직진우회전진행방해,건조,맑음,교차로 - 교차로안,승용,남,59세,상해없음,화물,남,63세,상해없음
2016011400100111,2016년 1월 14일 07시,목요일,전라남도 장성군 장성읍,경상사고,0,0,1,0,차량단독 - 전도전복,안전운전불이행,결빙,눈,단일로 - 기타,승용,남,42세,경상,,,,
2016011400100152,2016년 1월 14일 08시,목요일,전라남도 여수시 중흥동,사망사고,1,0,0,0,차량단독 - 기타,기타,건조,맑음,단일로 - 기타,특수,남,45세,사망,,,,
2016011400100153,2016년 1월 14일 08시,목요일,전라남도 순천시 연향동,경상사고,0,0,1,0,차대사람 - 횡단중,안전운전불이행,건조,맑음,교차로 - 교차로부근,승용,여,38세,상해없음,보행자,여,18세,경상
2016011400100154,2016년 1월 14일 08시,목요일,전라남도 광양시 황길동,경상사고,0,0,4,0,차대차 - 측면직각충돌,직진우회전진행방해,건조,맑음,교차로 - 교차로안,승용,남,37세,경상,승용,남,54세,경상
2016011400100178,2016년 1월 14일 09시,목요일,전라남도 목포시 상동,경상사고,0,0,1,0,차대차 - 측면충돌,교차로운행방법위반,건조,맑음,교차로 - 교차로안,화물,여,49세,상해없음,승용,남,39세,경상
2016011400100179,2016년 1월 14일 09시,목요일,전라남도 영암군 삼호읍,경상사고,0,0,1,0,차대차 - 측면직각충돌,안전운전불이행,건조,맑음,단일로 - 기타,건설기계,남,60세,상해없음,승용,여,45세,경상
2016011400100235,2016년 1월 14일 11시,목요일,전라남도 고흥군 동강면,중상사고,0,1,0,0,차대차 - 추돌,안전운전불이행,건조,맑음,단일로 - 기타,화물,남,34세,상해없음,승용,남,66세,중상
2016011400100236,2016년 1월 14일 11시,목요일,전라남도 영암군 영암읍,중상사고,0,1,2,0,차대차 - 측면직각충돌,신호위반,건조,맑음,교차로 - 교차로안,승용,여,56세,상해없음,승용,여,47세,경상
2016011400100237,2016년 1월 14일 11시,목요일,전라남도 무안군 현경면,중상사고,0,2,2,0,차대차 - 측면직각충돌,중앙선침범,건조,맑음,단일로 - 기타,화물,남,68세,중상,화물,남,70세,경상
2016011400100258,2016년 1월 14일 12시,목요일,전라남도 목포시 산정동,경상사고,0,0,1,0,차대차 - 측면충돌,안전운전불이행,건조,맑음,단일로 - 기타,승합,남,51세,상해없음,이륜,남,75세,경상
2016011400100259,2016년 1월 14일 12시,목요일,전라남도 여수시 돌산읍,경상사고,0,0,2,0,차대차 - 측면충돌,교차로운행방법위반,건조,맑음,교차로 - 교차로안,화물,남,64세,상해없음,승용,남,30세,경상
2016011400100260,2016년 1월 14일 12시,목요일,전라남도 나주시 남평읍,중상사고,0,1,0,0,차대차 - 정면충돌,중앙선침범,건조,맑음,단일로 - 기타,승용,남,58세,상해없음,이륜,남,86세,중상
2016011400100317,2016년 1월 14일 14시,목요일,전라남도 해남군 현산면,경상사고,0,0,5,0,차대차 - 정면충돌,안전운전불이행,건조,맑음,단일로 - 기타,화물,남,51세,경상,승용,여,47세,경상
2016011400100318,2016년 1월 14일 14시,목요일,전라남도 해남군 현산면,경상사고,0,0,1,0,차대차 - 정면충돌,안전운전불이행,건조,맑음,교차로 - 교차로안,농기계,남,79세,경상,화물,여,49세,상해없음
2016011400100319,2016년 1월 14일 14시,목요일,전라남도 무안군 일로읍,중상사고,0,1,0,0,차대차 - 정면충돌,직진우회전진행방해,건조,맑음,교차로 - 교차로안,이륜,남,83세,상해없음,이륜,여,61세,중상
2016011400100344,2016년 1월 14일 15시,목요일,전라남도 순천시 조례동,중상사고,0,1,0,0,차대차 - 측면충돌,안전운전불이행,건조,맑음,단일로 - 기타,승용,여,33세,상해없음,이륜,남,33세,중상
2016011400100345,2016년 1월 14일 15시,목요일,전라남도 광양시 도이동,경상사고,0,0,1,0,차대차 - 측면충돌,교차로운행방법위반,건조,맑음,교차로 - 교차로부근,승용,남,48세,상해없음,승용,남,35세,경상
2016011400100346,2016년 1월 14일 15시,목요일,전라남도 구례군 문척면,중상사고,0,1,0,0,차대차 - 측면직각충돌,직진우회전진행방해,건조,맑음,교차로 - 교차로안,농기계,남,72세,상해없음,원동기,남,77세,중상
2016011400100374,2016년 1월 14일 16시,목요일,전라남도 함평군 해보면,부상신고사고,0,0,0,1,차량단독 - 전도전복,안전운전불이행,건조,맑음,단일로 - 기타,승용,남,27세,부상신고,,,,
2016011400100375,2016년 1월 14일 16시,목요일,전라남도 강진군 병영면,중상사고,0,1,0,0,차대사람 - 횡단중,안전운전불이행,건조,맑음,단일로 - 기타,승용,남,56세,상해없음,보행자,여,73세,중상
2016011400100404,2016년 1월 14일 17시,목요일,전라남도 여수시 학동,경상사고,0,0,1,0,차대차 - 측면직각충돌,중앙선침범,건조,맑음,단일로 - 기타,승용,남,30세,상해없음,원동기,남,26세,경상
2016011400100435,2016년 1월 14일 18시,목요일,전라남도 영암군 신북면,중상사고,0,1,1,0,차대차 - 측면직각충돌,신호위반,건조,맑음,교차로 - 교차로부근,승용,남,49세,상해없음,승용,남,45세,경상
2016011400100469,2016년 1월 14일 19시,목요일,전라남도 목포시 상동,경상사고,0,0,4,0,차대차 - 측면충돌,신호위반,건조,맑음,교차로 - 교차로안,승용,남,51세,기타불명,승용,남,33세,경상
2016011400100470,2016년 1월 14일 19시,목요일,전라남도 나주시 다시면,경상사고,0,0,3,0,차대차 - 추돌,차로위반,건조,맑음,단일로 - 기타,승용,남,25세,경상,승용,남,35세,경상
2016011400100471,2016년 1월 14일 19시,목요일,전라남도 나주시 빛가람동,경상사고,0,0,3,1,차대차 - 측면직각충돌,중앙선침범,건조,맑음,단일로 - 기타,승용,남,62세,부상신고,승용,남,45세,경상
2016011400100472,2016년 1월 14일 19시,목요일,전라남도 광양시 광양읍,중상사고,0,1,0,0,차대차 - 추돌,안전운전불이행,건조,맑음,단일로 - 기타,승용,남,67세,상해없음,승용,남,42세,기타불명
2016011400100501,2016년 1월 14일 20시,목요일,전라남도 신안군 지도읍,중상사고,0,1,0,0,차대사람 - 기타,교차로운행방법위반,건조,흐림,교차로 - 교차로안,승용,남,48세,상해없음,보행자,남,56세,중상
2016011400100502,2016년 1월 14일 20시,목요일,전라남도 순천시 해룡면,경상사고,0,0,1,0,차대사람 - 횡단중,안전운전불이행,건조,맑음,교차로 - 교차로안,승용,남,54세,상해없음,보행자,남,51세,경상
2016011400100503,2016년 1월 14일 20시,목요일,전라남도 화순군 화순읍,경상사고,0,0,1,0,차대차 - 측면충돌,안전운전불이행,건조,기타,기타 - 기타,승용,남,61세,상해없음,승용,남,49세,상해없음
2016011400100534,2016년 1월 14일 21시,목요일,전라남도 여수시 문수동,경상사고,0,0,1,0,차량단독 - 기타,안전운전불이행,건조,맑음,단일로 - 기타,승용,남,59세,상해없음,,,,
2016011400100535,2016년 1월 14일 21시,목요일,전라남도 순천시 연향동,중상사고,0,1,0,0,차대사람 - 차도통행중,안전운전불이행,건조,맑음,기타 - 기타,승용,남,25세,상해없음,보행자,여,44세,중상
2016011400100536,2016년 1월 14일 21시,목요일,전라남도 순천시 조례동,경상사고,0,0,1,0,차대차 - 기타,안전운전불이행,건조,맑음,단일로 - 기타,기타불명,기타불명,기타불명,기타불명,승용,남,51세,상해없음
2016011400100537,2016년 1월 14일 21시,목요일,전라남도 광양시 중동,중상사고,0,1,0,0,차대사람 - 횡단중,안전운전불이행,건조,맑음,단일로 - 기타,승용,여,57세,상해없음,보행자,남,19세,중상
2016011500100012,2016년 1월 15일 00시,금요일,전라남도 목포시 대성동,경상사고,0,0,1,0,차대차 - 측면충돌,신호위반,건조,맑음,교차로 - 교차로안,승용,남,27세,상해없음,승용,여,50세,경상
2016011500100013,2016년 1월 15일 00시,금요일,전라남도 목포시 남교동,중상사고,0,1,0,0,차대사람 - 횡단중,안전운전불이행,건조,흐림,단일로 - 기타,승용,남,49세,상해없음,보행자,남,34세,중상
2016011500100021,2016년 1월 15일 01시,금요일,전라남도 나주시 빛가람동,경상사고,0,0,1,0,차대사람 - 기타,안전운전불이행,건조,맑음,단일로 - 기타,기타불명,기타불명,기타불명,기타불명,보행자,남,47세,경상
2016011500100022,2016년 1월 15일 01시,금요일,전라남도 광양시 황금동,중상사고,0,1,1,0,차대차 - 기타,안전운전불이행,건조,맑음,단일로 - 기타,승용,남,25세,중상,승용,남,40세,상해없음
2016011500100043,2016년 1월 15일 03시,금요일,전라남도 해남군 화원면,경상사고,0,0,1,0,차량단독 - 공작물충돌,안전운전불이행,건조,맑음,단일로 - 기타,승용,남,58세,경상,,,,
2016011500100075,2016년 1월 15일 06시,금요일,전라남도 목포시 산정동,경상사고,0,0,1,0,차대차 - 측면충돌,안전운전불이행,건조,맑음,교차로 - 교차로안,승용,남,38세,상해없음,승용,남,60세,상해없음
2016011500100076,2016년 1월 15일 06시,금요일,전라남도 목포시 옥암동,경상사고,0,0,2,0,차대차 - 기타,직진우회전진행방해,건조,흐림,교차로 - 교차로부근,승용,남,38세,경상,승용,여,45세,경상
2016011500100103,2016년 1월 15일 07시,금요일,전라남도 나주시 산포면,중상사고,0,1,0,0,차대차 - 추돌,안전운전불이행,건조,맑음,단일로 - 기타,화물,남,48세,중상,건설기계,남,44세,상해없음
2016011500100138,2016년 1월 15일 08시,금요일,전라남도 완도군 완도읍,중상사고,0,1,0,0,차대사람 - 횡단중,안전운전불이행,건조,맑음,단일로 - 기타,승용,여,46세,상해없음,보행자,남,7세,중상
2016011500100164,2016년 1월 15일 09시,금요일,전라남도 고흥군 고흥읍,중상사고,0,2,0,0,차대차 - 측면충돌,교차로운행방법위반,건조,맑음,교차로 - 교차로안,승용,남,53세,상해없음,이륜,남,72세,중상
2016011500100185,2016년 1월 15일 10시,금요일,전라남도 함평군 학교면,경상사고,0,0,1,1,차대차 - 추돌,신호위반,건조,맑음,교차로 - 교차로부근,승용,남,76세,부상신고,화물,남,49세,경상
2016011500100186,2016년 1월 15일 10시,금요일,전라남도 영암군 삼호읍,사망사고,1,0,0,0,차량단독 - 전도전복,안전운전불이행,건조,맑음,단일로 - 기타,이륜,남,78세,사망,,,,
2016011500100209,2016년 1월 15일 11시,금요일,전라남도 강진군 신전면,중상사고,0,1,0,0,차대사람 - 기타,안전운전불이행,건조,맑음,단일로 - 기타,화물,남,46세,상해없음,보행자,여,80세,중상
2016011500100228,2016년 1월 15일 12시,금요일,전라남도 여수시 학동,중상사고,0,1,0,0,차대사람 - 횡단중,보행자보호의무위반,건조,맑음,단일로 - 기타,승용,여,50세,상해없음,보행자,남,67세,중상
2016011500100256,2016년 1월 15일 13시,금요일,전라남도 보성군 벌교읍,중상사고,0,1,0,0,차대차 - 측면충돌,중앙선침범,건조,맑음,단일로 - 기타,이륜,남,81세,중상,화물,남,50세,상해없음
2016011500100283,2016년 1월 15일 14시,금요일,전라남도 여수시 소라면,경상사고,0,0,1,0,차대차 - 기타,신호위반,건조,맑음,단일로 - 횡단보도상,승용,남,58세,상해없음,자전거,남,10세,경상
2016011500100284,2016년 1월 15일 14시,금요일,전라남도 담양군 용면,경상사고,0,0,1,0,차대차 - 측면직각충돌,안전운전불이행,건조,맑음,단일로 - 기타,원동기,남,75세,경상,농기계,남,64세,상해없음
2016011500100285,2016년 1월 15일 14시,금요일,전라남도 완도군 노화읍,사망사고,1,0,0,0,차량단독 - 전도전복,안전운전불이행,건조,맑음,단일로 - 기타,승용,남,76세,기타불명,,,,
2016011500100314,2016년 1월 15일 15시,금요일,전라남도 목포시 상동,중상사고,0,1,0,0,차대차 - 측면충돌,안전운전불이행,건조,흐림,교차로 - 교차로부근,승용,여,33세,상해없음,승용,여,37세,중상
2016011500100339,2016년 1월 15일 16시,금요일,전라남도 고흥군 고흥읍,경상사고,0,0,1,0,차대차 - 측면직각충돌,안전운전불이행,건조,맑음,단일로 - 기타,승용,남,75세,상해없음,승용,남,57세,경상
2016011500100340,2016년 1월 15일 16시,금요일,전라남도 영광군 영광읍,중상사고,0,1,0,0,차대사람 - 횡단중,안전운전불이행,건조,맑음,단일로 - 기타,승용,여,50세,상해없음,보행자,남,12세,중상
2016011500100341,2016년 1월 15일 16시,금요일,전라남도 무안군 삼향읍,부상신고사고,0,0,0,1,차대차 - 정면충돌,신호위반,건조,맑음,교차로 - 교차로안,화물,남,63세,부상신고,화물,남,49세,상해없음
2016011500100365,2016년 1월 15일 17시,금요일,전라남도 여수시 소라면,중상사고,0,1,0,0,차대사람 - 횡단중,안전운전불이행,건조,맑음,단일로 - 기타,승용,남,33세,상해없음,보행자,남,77세,중상
2016011500100419,2016년 1월 15일 18시,금요일,전라남도 여수시 소라면,경상사고,0,0,1,0,차대차 - 측면충돌,안전거리미확보,건조,맑음,교차로 - 교차로부근,원동기,남,24세,경상,승용,남,56세,상해없음
2016011500100420,2016년 1월 15일 18시,금요일,전라남도 고흥군 도양읍,중상사고,0,1,1,0,차대차 - 측면충돌,신호위반,건조,맑음,교차로 - 교차로안,승용,여,50세,상해없음,화물,여,58세,경상
2016011500100469,2016년 1월 15일 19시,금요일,전라남도 여수시 신기동,중상사고,0,1,0,0,차대차 - 측면충돌,기타,건조,맑음,단일로 - 기타,승용,남,41세,상해없음,원동기,남,27세,중상
2016011500100470,2016년 1월 15일 19시,금요일,전라남도 나주시 왕곡면,경상사고,0,0,1,0,차대차 - 추돌,안전운전불이행,건조,흐림,단일로 - 기타,승용,남,55세,상해없음,화물,남,58세,경상
2016011500100505,2016년 1월 15일 20시,금요일,전라남도 무안군 삼향읍,경상사고,0,0,1,0,차대차 - 기타,신호위반,건조,맑음,교차로 - 교차로안,승용,남,54세,상해없음,이륜,남,45세,경상
2016011500100538,2016년 1월 15일 21시,금요일,전라남도 순천시 조례동,경상사고,0,0,1,0,차대차 - 측면직각충돌,기타,건조,맑음,교차로 - 교차로안,승용,남,42세,상해없음,승용,여,34세,경상
2016011500100539,2016년 1월 15일 21시,금요일,전라남도 광양시 마동,부상신고사고,0,0,0,1,차대차 - 측면충돌,안전운전불이행,건조,맑음,교차로 - 교차로부근,승용,남,49세,부상신고,승용,여,44세,기타불명
2016011500100601,2016년 1월 15일 23시,금요일,전라남도 보성군 겸백면,사망사고,1,0,0,0,차량단독 - 전도전복,안전운전불이행,건조,맑음,단일로 - 기타,승용,남,48세,사망,,,,
2016011600100130,2016년 1월 16일 06시,토요일,전라남도 목포시 옥암동,경상사고,0,0,2,0,차대차 - 측면충돌,안전운전불이행,건조,맑음,교차로 - 교차로안,승용,여,41세,경상,승용,남,56세,경상
2016011600100158,2016년 1월 16일 08시,토요일,전라남도 여수시 웅천동,경상사고,0,0,4,0,차대차 - 정면충돌,신호위반,건조,맑음,교차로 - 교차로안,승용,여,35세,경상,승용,남,58세,경상
2016011600100176,2016년 1월 16일 09시,토요일,전라남도 강진군 강진읍,경상사고,0,0,2,0,차대차 - 측면충돌,직진우회전진행방해,건조,맑음,교차로 - 교차로안,화물,남,48세,상해없음,승용,여,67세,경상
2016011600100227,2016년 1월 16일 11시,토요일,전라남도 영광군 영광읍,경상사고,0,0,1,0,차대차 - 측면충돌,기타,건조,맑음,단일로 - 기타,화물,남,66세,상해없음,승용,남,62세,경상
2016011600100291,2016년 1월 16일 13시,토요일,전라남도 곡성군 옥과면,경상사고,0,0,1,0,차대사람 - 차도통행중,안전운전불이행,건조,맑음,교차로 - 교차로부근,원동기,남,41세,상해없음,보행자,남,9세,경상
2016011600100314,2016년 1월 16일 14시,토요일,전라남도 담양군 담양읍,경상사고,0,0,3,0,차대차 - 측면충돌,교차로운행방법위반,건조,맑음,교차로 - 교차로안,승용,남,19세,상해없음,승용,여,59세,경상
2016011600100339,2016년 1월 16일 15시,토요일,전라남도 담양군 대전면,경상사고,0,0,3,0,차대차 - 측면충돌,중앙선침범,건조,맑음,교차로 - 교차로부근,승용,여,41세,경상,승용,여,57세,경상
2016011600100365,2016년 1월 16일 16시,토요일,전라남도 목포시 상동,경상사고,0,0,1,0,차대사람 - 횡단중,안전운전불이행,건조,맑음,단일로 - 기타,기타불명,기타불명,기타불명,기타불명,보행자,남,10세,경상
2016011600100397,2016년 1월 16일 17시,토요일,전라남도 여수시 고소동,중상사고,0,1,0,0,차대사람 - 횡단중,안전운전불이행,건조,맑음,교차로 - 교차로부근,화물,남,30세,상해없음,보행자,남,7세,중상
2016011600100398,2016년 1월 16일 17시,토요일,전라남도 여수시 돌산읍,경상사고,0,0,2,0,차대차 - 측면직각충돌,중앙선침범,건조,맑음,단일로 - 기타,화물,남,63세,상해없음,승용,남,54세,경상
2016011600100615,2016년 1월 16일 22시,토요일,전라남도 목포시 산정동,중상사고,0,1,0,0,차대사람 - 횡단중,중앙선침범,건조,맑음,단일로 - 기타,승용,여,57세,상해없음,보행자,여,41세,중상
2016011700100019,2016년 1월 17일 00시,일요일,전라남도 여수시 학동,경상사고,0,0,1,0,차대사람 - 횡단중,안전운전불이행,건조,맑음,단일로 - 기타,승용,남,27세,상해없음,보행자,남,20세,경상
2016011700100087,2016년 1월 17일 04시,일요일,전라남도 화순군 북면,중상사고,0,1,1,0,차량단독 - 공작물충돌,안전운전불이행,기타,기타,단일로 - 기타,승용,남,25세,경상,,,,
2016011700100098,2016년 1월 17일 05시,일요일,전라남도 목포시 명륜동,경상사고,0,0,1,0,차대사람 - 횡단중,안전운전불이행,건조,맑음,단일로 - 기타,승용,남,28세,상해없음,보행자,남,77세,경상
2016011700100120,2016년 1월 17일 06시,일요일,전라남도 순천시 동외동,중상사고,0,1,0,0,차대사람 - 차도통행중,안전운전불이행,건조,맑음,교차로 - 교차로안,승용,남,20세,상해없음,보행자,남,74세,중상
2016011700100149,2016년 1월 17일 09시,일요일,전라남도 무안군 삼향읍,경상사고,0,0,2,0,차대차 - 측면충돌,신호위반,건조,맑음,교차로 - 교차로안,승용,남,63세,상해없음,승용,남,29세,경상
2016011700100163,2016년 1월 17일 10시,일요일,전라남도 여수시 안산동,경상사고,0,0,1,0,차대차 - 정면충돌,교차로운행방법위반,건조,맑음,교차로 - 교차로안,승용,여,52세,상해없음,승용,여,40세,경상
2016011700100218,2016년 1월 17일 13시,일요일,전라남도 장흥군 장평면,중상사고,0,1,0,0,차대차 - 정면충돌,안전운전불이행,습기,비,단일로 - 기타,화물,남,56세,중상,승합,남,63세,상해없음
2016011700100219,2016년 1월 17일 13시,일요일,전라남도 진도군 지산면,중상사고,0,1,0,0,차량단독 - 기타,안전운전불이행,습기,비,단일로 - 기타,화물,남,75세,상해없음,,,,
2016011700100235,2016년 1월 17일 14시,일요일,전라남도 순천시 덕암동,경상사고,0,0,1,0,차대사람 - 횡단중,신호위반,습기,비,단일로 - 횡단보도부근,승용,남,29세,상해없음,보행자,남,24세,경상
2016011700100344,2016년 1월 17일 18시,일요일,전라남도 함평군 신광면,중상사고,0,1,1,0,차대차 - 기타,안전운전불이행,습기,비,단일로 - 기타,화물,남,70세,경상,화물,남,55세,기타불명
2016011700100345,2016년 1월 17일 18시,일요일,전라남도 광양시 금호동,사망사고,1,4,0,0,차대차 - 정면충돌,중앙선침범,습기,비,교차로 - 교차로부근,승합,남,50세,사망,승용,남,33세,중상
2016011700100389,2016년 1월 17일 19시,일요일,전라남도 목포시 상동,경상사고,0,0,1,0,차대차 - 추돌,안전거리미확보,습기,비,단일로 - 기타,이륜,남,23세,경상,승용,남,62세,상해없음
2016011700100390,2016년 1월 17일 19시,일요일,전라남도 순천시 장천동,중상사고,0,1,0,0,차대사람 - 횡단중,안전운전불이행,습기,비,단일로 - 기타,승용,남,33세,상해없음,보행자,남,80세,중상
2016011700100391,2016년 1월 17일 19시,일요일,전라남도 나주시 금천면,경상사고,0,0,1,0,차대차 - 정면충돌,신호위반,습기,비,교차로 - 교차로안,승용,여,50세,상해없음,승용,남,22세,경상
2016011700100392,2016년 1월 17일 19시,일요일,전라남도 고흥군 고흥읍,중상사고,0,1,1,0,차대차 - 추돌,안전운전불이행,습기,비,단일로 - 기타,승용,남,45세,상해없음,화물,남,50세,중상
2016011700100393,2016년 1월 17일 19시,일요일,전라남도 곡성군 곡성읍,중상사고,0,1,0,0,차대차 - 측면충돌,안전운전불이행,습기,비,교차로 - 교차로부근,화물,남,67세,상해없음,자전거,여,64세,중상
2016011700100443,2016년 1월 17일 20시,일요일,전라남도 여수시 화장동,경상사고,0,0,1,0,차대차 - 추돌,안전운전불이행,건조,맑음,교차로 - 교차로부근,승용,남,58세,기타불명,승용,남,63세,경상
2016011700100444,2016년 1월 17일 20시,일요일,전라남도 광양시 중동,중상사고,0,1,0,0,차대사람 - 횡단중,보행자보호의무위반,건조,맑음,단일로 - 횡단보도상,승용,여,49세,상해없음,보행자,남,66세,중상
2016011700100445,2016년 1월 17일 20시,일요일,전라남도 광양시 마동,중상사고,0,1,3,0,차대차 - 기타,신호위반,건조,맑음,교차로 - 교차로안,승용,남,51세,상해없음,승합,남,74세,경상
2016011700100498,2016년 1월 17일 22시,일요일,전라남도 순천시 조례동,경상사고,0,0,1,0,차대차 - 기타,중앙선침범,습기,비,단일로 - 기타,승용,여,20세,상해없음,원동기,남,49세,경상
2016011800100019,2016년 1월 18일 01시,월요일,전라남도 나주시 영산동,경상사고,0,0,2,0,차대차 - 측면직각충돌,신호위반,건조,맑음,교차로 - 교차로안,승용,남,25세,기타불명,승용,남,33세,경상
2016011800100020,2016년 1월 18일 01시,월요일,전라남도 나주시 삼도동,중상사고,0,1,0,0,차량단독 - 공작물충돌,안전운전불이행,건조,맑음,교차로 - 교차로안,승용,남,58세,중상,,,,
2016011800100034,2016년 1월 18일 03시,월요일,전라남도 여수시 소호동,경상사고,0,0,1,0,차대차 - 정면충돌,안전운전불이행,건조,맑음,단일로 - 기타,승용,남,36세,경상,승합,남,38세,상해없음
2016011800100108,2016년 1월 18일 07시,월요일,전라남도 여수시 교동,중상사고,0,1,0,0,차대사람 - 횡단중,안전운전불이행,건조,맑음,단일로 - 기타,화물,남,71세,상해없음,보행자,여,77세,중상
2016011800100109,2016년 1월 18일 07시,월요일,전라남도 해남군 황산면,사망사고,1,0,0,0,차대사람 - 횡단중,보행자보호의무위반,건조,맑음,단일로 - 기타,승합,남,41세,상해없음,보행자,여,73세,사망
2016011800100146,2016년 1월 18일 08시,월요일,전라남도 무안군 삼향읍,경상사고,0,0,1,0,차대차 - 측면충돌,신호위반,건조,맑음,교차로 - 교차로안,승용,남,43세,상해없음,승용,남,54세,상해없음
2016011800100230,2016년 1월 18일 11시,월요일,전라남도 여수시 미평동,경상사고,0,0,1,0,차대사람 - 횡단중,보행자보호의무위반,건조,맑음,교차로 - 교차로부근,승용,여,52세,상해없음,보행자,여,47세,경상
2016011800100257,2016년 1월 18일 12시,월요일,전라남도 곡성군 죽곡면,경상사고,0,0,2,0,차대차 - 정면충돌,안전운전불이행,습기,흐림,단일로 - 기타,승용,여,51세,경상,승합,남,46세,경상
2016011800100286,2016년 1월 18일 13시,월요일,전라남도 영암군 학산면,경상사고,0,0,2,0,차대차 - 추돌,안전운전불이행,건조,맑음,교차로 - 교차로부근,화물,남,39세,상해없음,승용,남,49세,경상
2016011800100351,2016년 1월 18일 15시,월요일,전라남도 구례군 구례읍,경상사고,0,0,2,0,차대차 - 측면충돌,안전운전불이행,습기,눈,기타 - 기타,승합,남,26세,상해없음,화물,남,55세,경상
2016011800100385,2016년 1월 18일 16시,월요일,전라남도 목포시 산정동,경상사고,0,0,5,0,차대차 - 측면충돌,안전운전불이행,결빙,흐림,교차로 - 교차로부근,승용,남,48세,상해없음,승용,남,45세,경상
2016011800100386,2016년 1월 18일 16시,월요일,전라남도 화순군 이양면,중상사고,0,1,4,0,차대차 - 추돌,안전운전불이행,결빙,눈,단일로 - 기타,화물,남,67세,경상,화물,남,67세,경상
2016011800100422,2016년 1월 18일 17시,월요일,전라남도 목포시 산정동,경상사고,0,0,1,0,차대사람 - 횡단중,안전운전불이행,기타,기타,기타 - 기타,승용,남,66세,상해없음,보행자,남,32세,경상
2016011800100423,2016년 1월 18일 17시,월요일,전라남도 무안군 현경면,중상사고,0,2,1,0,차대차 - 정면충돌,중앙선침범,적설,눈,단일로 - 기타,화물,남,66세,중상,화물,남,60세,중상
2016011800100474,2016년 1월 18일 18시,월요일,전라남도 순천시 조례동,중상사고,0,1,0,0,차대사람 - 횡단중,안전운전불이행,적설,눈,교차로 - 교차로부근,승용,여,55세,상해없음,보행자,여,57세,중상
2016011800100475,2016년 1월 18일 18시,월요일,전라남도 영광군 군남면,경상사고,0,0,4,0,차대차 - 정면충돌,안전운전불이행,결빙,눈,단일로 - 기타,승용,여,51세,경상,승용,남,43세,경상
2016011800100476,2016년 1월 18일 18시,월요일,전라남도 담양군 수북면,경상사고,0,0,2,0,차대차 - 측면충돌,안전운전불이행,결빙,눈,단일로 - 기타,화물,여,24세,상해없음,화물,남,31세,경상
2016011800100516,2016년 1월 18일 19시,월요일,전라남도 보성군 보성읍,경상사고,0,0,2,0,차대차 - 측면충돌,중앙선침범,적설,눈,단일로 - 기타,화물,남,33세,상해없음,승용,남,25세,경상
2016011800100517,2016년 1월 18일 19시,월요일,전라남도 광양시 중동,경상사고,0,0,1,0,차대차 - 측면직각충돌,직진우회전진행방해,결빙,눈,교차로 - 교차로안,이륜,남,21세,경상,승용,남,33세,상해없음
2016011800100546,2016년 1월 18일 20시,월요일,전라남도 목포시 산정동,경상사고,0,0,1,0,차대차 - 추돌,안전운전불이행,건조,맑음,교차로 - 교차로부근,승용,남,48세,상해없음,승용,여,29세,경상
2016011800100547,2016년 1월 18일 20시,월요일,전라남도 순천시 조례동,중상사고,0,1,1,0,차대차 - 측면충돌,신호위반,건조,맑음,교차로 - 교차로안,승용,남,55세,상해없음,승용,여,46세,경상
2016011800100561,2016년 1월 18일 21시,월요일,전라남도 보성군 미력면,경상사고,0,0,1,0,차량단독 - 전도전복,안전운전불이행,적설,눈,단일로 - 기타,승용,남,58세,상해없음,,,,
2016011800100562,2016년 1월 18일 21시,월요일,전라남도 영암군 학산면,경상사고,0,0,2,0,차대차 - 정면충돌,중앙선침범,적설,눈,단일로 - 기타,승용,남,57세,상해없음,승용,남,53세,상해없음