사고번호,사고일시,요일,시군구,사고내용,사망자수,중상자수,경상자수,부상신고자수,사고유형,법규위반,노면상태,기상상태,도로형태,가해운전자 차종,가해운전자 성별,가해운전자 연령,가해운전자 상해정도,피해운전자 차종,피해운전자 성별,피해운전자 연령,피해운전자 상해정도
2016011800100563,2016년 1월 18일 21시,월요일,전라남도 영암군 학산면,경상사고,0,0,3,0,차대차 - 측면직각충돌,안전운전불이행,결빙,눈,단일로 - 기타,화물,남,33세,상해없음,승용,남,37세,경상
2016011800100564,2016년 1월 18일 21시,월요일,전라남도 무안군 삼향읍,경상사고,0,0,3,0,차대차 - 정면충돌,안전운전불이행,적설,눈,교차로 - 교차로안,승용,여,39세,상해없음,승용,여,27세,경상
2016011800100565,2016년 1월 18일 21시,월요일,전라남도 광양시 광영동,중상사고,0,1,3,0,차대차 - 기타,안전운전불이행,적설,흐림,교차로 - 교차로부근,화물,남,37세,경상,승용,남,60세,경상
2016011800100566,2016년 1월 18일 21시,월요일,전라남도 나주시 문평면,경상사고,0,0,1,0,차량단독 - 기타,안전운전불이행,적설,눈,단일로 - 기타,승용,남,31세,상해없음,,,,
2016011800100594,2016년 1월 18일 22시,월요일,전라남도 나주시 금천면,경상사고,0,0,1,0,차대차 - 기타,안전운전불이행,적설,눈,단일로 - 교량,승용,남,36세,상해없음,승용,남,43세,경상
2016011800100595,2016년 1월 18일 22시,월요일,전라남도 고흥군 봉래면,중상사고,0,1,0,0,차량단독 - 전도전복,안전운전불이행,적설,눈,교차로 - 교차로부근,승용,남,63세,중상,,,,
2016011900100008,2016년 1월 19일 00시,화요일,전라남도 여수시 둔덕동,경상사고,0,0,2,0,차량단독 - 전도전복,안전운전불이행,습기,눈,단일로 - 기타,승용,남,31세,경상,,,,
2016011900100026,2016년 1월 19일 01시,화요일,전라남도 목포시 옥암동,경상사고,0,0,3,0,차대차 - 추돌,안전운전불이행,적설,눈,기타 - 기타,승용,여,48세,상해없음,승용,남,32세,경상
2016011900100037,2016년 1월 19일 02시,화요일,전라남도 여수시 화양면,중상사고,0,2,0,0,차량단독 - 전도전복,안전운전불이행,결빙,눈,단일로 - 기타,승합,남,40세,중상,,,,
2016011900100087,2016년 1월 19일 07시,화요일,전라남도 목포시 용해동,경상사고,0,0,1,0,차대차 - 추돌,안전운전불이행,결빙,눈,단일로 - 기타,승용,남,53세,기타불명,승용,남,31세,경상
2016011900100145,2016년 1월 19일 09시,화요일,전라남도 보성군 벌교읍,경상사고,0,0,1,0,차량단독 - 전도전복,안전운전불이행,결빙,눈,단일로 - 기타,승용,여,50세,경상,,,,
2016011900100146,2016년 1월 19일 09시,화요일,전라남도 무안군 삼향읍,중상사고,0,6,1,0,차대차 - 측면충돌,중앙선침범,결빙,눈,단일로 - 기타,승합,남,58세,상해없음,승합,남,65세,경상
2016011900100180,2016년 1월 19일 10시,화요일,전라남도 고흥군 포두면,중상사고,0,1,0,0,차량단독 - 공작물충돌,안전운전불이행,적설,맑음,단일로 - 기타,승용,남,65세,상해없음,,,,
2016011900100212,2016년 1월 19일 11시,화요일,전라남도 순천시 생목동,경상사고,0,0,1,0,차대차 - 측면충돌,직진우회전진행방해,건조,맑음,교차로 - 교차로안,화물,남,56세,상해없음,이륜,남,33세,경상
2016011900100235,2016년 1월 19일 12시,화요일,전라남도 보성군 보성읍,경상사고,0,0,3,0,차대차 - 측면충돌,안전거리미확보,적설,눈,단일로 - 기타,승용,남,42세,경상,승용,남,69세,상해없음
2016011900100255,2016년 1월 19일 13시,화요일,전라남도 해남군 삼산면,경상사고,0,0,5,0,차대차 - 정면충돌,안전거리미확보,결빙,눈,단일로 - 기타,승합,남,36세,경상,승합,남,39세,상해없음
2016011900100256,2016년 1월 19일 13시,화요일,전라남도 강진군 신전면,경상사고,0,0,1,0,차대차 - 기타,안전운전불이행,결빙,눈,단일로 - 기타,승용,남,58세,상해없음,화물,남,46세,상해없음
2016011900100257,2016년 1월 19일 13시,화요일,전라남도 강진군 신전면,중상사고,0,1,1,0,차량단독 - 공작물충돌,안전운전불이행,결빙,눈,단일로 - 기타,화물,남,46세,중상,,,,
2016011900100306,2016년 1월 19일 15시,화요일,전라남도 영암군 삼호읍,경상사고,0,0,3,0,차대차 - 추돌,안전운전불이행,결빙,눈,단일로 - 기타,승용,남,58세,경상,승합,남,46세,경상
2016011900100307,2016년 1월 19일 15시,화요일,전라남도 영암군 삼호읍,경상사고,0,0,5,0,차대차 - 추돌,안전운전불이행,결빙,흐림,단일로 - 기타,승합,남,47세,경상,화물,남,54세,경상
2016011900100431,2016년 1월 19일 19시,화요일,전라남도 목포시 상동,경상사고,0,0,1,0,차대차 - 추돌,안전운전불이행,결빙,눈,단일로 - 기타,승용,남,46세,상해없음,승용,남,46세,경상
2016011900100493,2016년 1월 19일 21시,화요일,전라남도 순천시 인제동,부상신고사고,0,0,0,2,차대차 - 측면충돌,안전운전불이행,건조,맑음,교차로 - 교차로안,승용,남,31세,상해없음,승용,남,30세,부상신고
2016012000100038,2016년 1월 20일 04시,수요일,전라남도 광양시 광양읍,부상신고사고,0,0,0,1,차대차 - 측면충돌,안전운전불이행,건조,맑음,단일로 - 기타,승용,여,52세,부상신고,승용,남,47세,기타불명
2016012000100057,2016년 1월 20일 06시,수요일,전라남도 여수시 주삼동,경상사고,0,0,1,0,차대사람 - 횡단중,안전운전불이행,건조,맑음,단일로 - 기타,승용,남,49세,상해없음,보행자,여,82세,경상
2016012000100067,2016년 1월 20일 07시,수요일,전라남도 여수시 미평동,중상사고,0,1,1,0,차대차 - 추돌,안전운전불이행,건조,맑음,단일로 - 기타,화물,남,51세,중상,승용,남,36세,기타불명
2016012000100068,2016년 1월 20일 07시,수요일,전라남도 나주시 빛가람동,경상사고,0,0,4,0,차대차 - 측면충돌,신호위반,습기,흐림,교차로 - 교차로안,승합,남,47세,상해없음,승용,남,73세,경상
2016012000100134,2016년 1월 20일 09시,수요일,전라남도 순천시 해룡면,중상사고,0,1,0,0,차대차 - 추돌,안전거리미확보,건조,맑음,단일로 - 기타,건설기계,남,48세,상해없음,승용,여,42세,중상
2016012000100163,2016년 1월 20일 10시,수요일,전라남도 함평군 함평읍,경상사고,0,0,2,1,차대차 - 정면충돌,안전운전불이행,결빙,흐림,교차로 - 교차로안,화물,남,53세,부상신고,승합,남,29세,경상
2016012000100164,2016년 1월 20일 10시,수요일,전라남도 광양시 진상면,경상사고,0,0,2,0,차대차 - 추돌,안전운전불이행,건조,맑음,단일로 - 기타,승용,남,50세,경상,화물,남,62세,경상
2016012000100190,2016년 1월 20일 11시,수요일,전라남도 목포시 산정동,경상사고,0,0,1,0,차대차 - 측면직각충돌,안전운전불이행,결빙,맑음,교차로 - 교차로안,승용,남,71세,경상,승용,남,34세,상해없음
2016012000100213,2016년 1월 20일 12시,수요일,전라남도 목포시 옥암동,경상사고,0,0,5,0,차대차 - 정면충돌,안전운전불이행,건조,맑음,단일로 - 기타,승용,여,62세,상해없음,승용,여,42세,경상
2016012000100214,2016년 1월 20일 12시,수요일,전라남도 여수시 덕충동,경상사고,0,0,1,0,차량단독 - 기타,기타,건조,맑음,교차로 - 교차로부근,승합,남,54세,상해없음,,,,
2016012000100234,2016년 1월 20일 13시,수요일,전라남도 장흥군 장흥읍,중상사고,0,1,0,0,차대사람 - 횡단중,안전운전불이행,적설,맑음,교차로 - 교차로부근,화물,남,59세,상해없음,보행자,남,82세,중상
2016012000100256,2016년 1월 20일 14시,수요일,전라남도 해남군 계곡면,경상사고,0,0,1,0,차량단독 - 전도전복,안전운전불이행,적설,눈,단일로 - 기타,화물,여,57세,경상,,,,
2016012000100284,2016년 1월 20일 15시,수요일,전라남도 목포시 용해동,경상사고,0,0,1,0,차대사람 - 횡단중,안전운전불이행,건조,맑음,단일로 - 기타,승용,여,59세,상해없음,보행자,여,9세,경상
2016012000100285,2016년 1월 20일 15시,수요일,전라남도 여수시 학동,경상사고,0,0,1,0,차대차 - 추돌,안전거리미확보,건조,맑음,교차로 - 교차로안,승용,여,60세,상해없음,승용,여,34세,경상
2016012000100286,2016년 1월 20일 15시,수요일,전라남도 광양시 광양읍,경상사고,0,0,1,0,차대차 - 측면충돌,교차로운행방법위반,건조,맑음,교차로 - 교차로안,승용,남,43세,상해없음,자전거,여,69세,경상
2016012000100287,2016년 1월 20일 15시,수요일,전라남도 광양시 광영동,경상사고,0,0,3,0,차대차 - 측면충돌,교차로운행방법위반,건조,맑음,단일로 - 기타,특수,남,38세,상해없음,승용,여,29세,경상
2016012000100331,2016년 1월 20일 16시,수요일,전라남도 목포시 용당동,경상사고,0,0,1,0,차대사람 - 횡단중,신호위반,건조,맑음,단일로 - 횡단보도상,기타불명,기타불명,기타불명,기타불명,보행자,남,79세,경상
2016012000100332,2016년 1월 20일 16시,수요일,전라남도 여수시 신월동,중상사고,0,1,1,0,차대차 - 정면충돌,교차로운행방법위반,건조,맑음,교차로 - 교차로안,화물,남,21세,상해없음,이륜,여,49세,중상
2016012000100354,2016년 1월 20일 17시,수요일,전라남도 고흥군 도양읍,중상사고,0,1,0,0,차대차 - 정면충돌,중앙선침범,건조,맑음,단일로 - 기타,이륜,남,75세,중상,화물,남,71세,상해없음
2016012000100396,2016년 1월 20일 18시,수요일,전라남도 목포시 상동,경상사고,0,0,2,0,차대차 - 추돌,안전운전불이행,건조,맑음,단일로 - 기타,승용,남,59세,경상,승용,남,45세,경상
2016012000100397,2016년 1월 20일 18시,수요일,전라남도 해남군 현산면,중상사고,0,2,1,4,차대차 - 정면충돌,중앙선침범,건조,맑음,단일로 - 기타,승용,남,48세,상해없음,승합,남,64세,부상신고
2016012000100441,2016년 1월 20일 19시,수요일,전라남도 목포시 상동,경상사고,0,0,1,0,차대차 - 측면직각충돌,교차로운행방법위반,건조,흐림,교차로 - 교차로안,승용,남,24세,상해없음,이륜,남,37세,경상
2016012000100442,2016년 1월 20일 19시,수요일,전라남도 강진군 칠량면,경상사고,0,0,2,0,차량단독 - 전도전복,안전운전불이행,건조,맑음,단일로 - 기타,승용,여,53세,경상,,,,
2016012000100512,2016년 1월 20일 21시,수요일,전라남도 여수시 상암동,경상사고,0,0,1,0,차대차 - 정면충돌,중앙선침범,건조,맑음,단일로 - 기타,화물,남,55세,상해없음,승용,남,30세,경상
2016012000100567,2016년 1월 20일 23시,수요일,전라남도 광양시 중군동,경상사고,0,0,1,0,차량단독 - 공작물충돌,안전운전불이행,건조,맑음,단일로 - 기타,승용,남,27세,경상,,,,
2016012100100015,2016년 1월 21일 00시,목요일,전라남도 여수시 신기동,경상사고,0,0,2,0,차대차 - 측면충돌,안전운전불이행,건조,맑음,단일로 - 기타,승용,남,42세,상해없음,승용,남,41세,경상
2016012100100080,2016년 1월 21일 06시,목요일,전라남도 목포시 남교동,중상사고,0,1,1,0,차대사람 - 횡단중,안전운전불이행,건조,흐림,단일로 - 기타,승용,남,37세,상해없음,보행자,남,53세,중상
2016012100100081,2016년 1월 21일 06시,목요일,전라남도 목포시 동명동,중상사고,0,1,0,0,차대사람 - 횡단중,신호위반,기타,기타,교차로 - 교차로안,승용,여,55세,상해없음,보행자,남,71세,중상
2016012100100097,2016년 1월 21일 07시,목요일,전라남도 무안군 망운면,경상사고,0,0,2,0,차대차 - 측면직각충돌,신호위반,건조,맑음,교차로 - 교차로안,화물,남,50세,상해없음,승용,남,62세,상해없음
2016012100100122,2016년 1월 21일 08시,목요일,전라남도 목포시 산정동,경상사고,0,0,1,0,차대사람 - 횡단중,안전운전불이행,건조,맑음,단일로 - 기타,승용,남,46세,상해없음,보행자,남,39세,경상
2016012100100123,2016년 1월 21일 08시,목요일,전라남도 목포시 옥암동,경상사고,0,0,3,0,차대차 - 기타,안전운전불이행,건조,맑음,미분류 - 미분류,승용,남,45세,경상,승합,남,50세,상해없음
2016012100100209,2016년 1월 21일 12시,목요일,전라남도 순천시 덕월동,중상사고,0,1,0,0,차대차 - 측면충돌,신호위반,건조,맑음,교차로 - 교차로안,화물,남,55세,상해없음,승합,여,45세,중상
2016012100100232,2016년 1월 21일 13시,목요일,전라남도 여수시 평여동,중상사고,0,1,1,0,차대차 - 추돌,안전거리미확보,건조,맑음,단일로 - 기타,화물,남,56세,상해없음,화물,남,49세,중상
2016012100100233,2016년 1월 21일 13시,목요일,전라남도 영암군 신북면,중상사고,0,1,4,0,차대차 - 추돌,과속,건조,맑음,교차로 - 교차로부근,승용,남,43세,경상,승용,남,39세,경상
2016012100100336,2016년 1월 21일 17시,목요일,전라남도 순천시 서면,경상사고,0,0,3,0,차대차 - 기타,안전운전불이행,건조,맑음,단일로 - 기타,화물,남,56세,상해없음,승용,남,40세,경상
2016012100100374,2016년 1월 21일 18시,목요일,전라남도 목포시 용해동,중상사고,0,1,0,0,차대차 - 측면충돌,안전운전불이행,건조,흐림,단일로 - 기타,승용,남,64세,상해없음,이륜,남,19세,중상
2016012100100375,2016년 1월 21일 18시,목요일,전라남도 여수시 돌산읍,사망사고,1,0,2,0,차대차 - 정면충돌,중앙선침범,건조,맑음,단일로 - 기타,승용,남,28세,사망,승용,남,39세,경상
2016012100100421,2016년 1월 21일 19시,목요일,전라남도 여수시 국동,경상사고,0,0,2,0,차대차 - 측면직각충돌,안전운전불이행,건조,맑음,단일로 - 기타,승용,여,45세,상해없음,승용,여,52세,경상
2016012100100490,2016년 1월 21일 21시,목요일,전라남도 목포시 석현동,경상사고,0,0,2,0,차대차 - 추돌,안전운전불이행,적설,눈,단일로 - 기타,승용,여,47세,상해없음,승용,남,37세,경상
2016012100100540,2016년 1월 21일 23시,목요일,전라남도 목포시 상동,경상사고,0,0,4,0,차대차 - 측면충돌,직진우회전진행방해,건조,맑음,교차로 - 교차로안,승용,여,50세,경상,승용,남,54세,경상
2016012100100541,2016년 1월 21일 23시,목요일,전라남도 담양군 담양읍,경상사고,0,0,1,0,차대차 - 추돌,안전운전불이행,건조,맑음,교차로 - 교차로부근,화물,남,53세,상해없음,승용,남,48세,경상
2016012200100048,2016년 1월 22일 03시,금요일,전라남도 여수시 웅천동,부상신고사고,0,0,0,1,차량단독 - 공작물충돌,안전운전불이행,건조,기타,교차로 - 교차로부근,승용,남,39세,부상신고,,,,
2016012200100168,2016년 1월 22일 09시,금요일,전라남도 해남군 해남읍,중상사고,0,1,1,0,차대차 - 정면충돌,직진우회전진행방해,건조,맑음,교차로 - 교차로부근,승용,남,79세,경상,화물,여,71세,중상
2016012200100223,2016년 1월 22일 11시,금요일,전라남도 여수시 돌산읍,경상사고,0,0,1,0,차량단독 - 전도전복,안전운전불이행,건조,맑음,단일로 - 기타,화물,남,25세,경상,,,,
2016012200100224,2016년 1월 22일 11시,금요일,전라남도 순천시 조곡동,부상신고사고,0,0,0,1,차대사람 - 횡단중,보행자보호의무위반,건조,맑음,교차로 - 교차로부근,승용,여,60세,상해없음,보행자,여,7세,부상신고
2016012200100225,2016년 1월 22일 11시,금요일,전라남도 순천시 연향동,경상사고,0,0,2,0,차대차 - 측면충돌,교차로운행방법위반,건조,맑음,교차로 - 교차로안,승용,여,46세,경상,승용,여,42세,경상
2016012200100226,2016년 1월 22일 11시,금요일,전라남도 장성군 황룡면,경상사고,0,0,1,0,차대차 - 측면충돌,안전운전불이행,건조,맑음,단일로 - 기타,화물,남,55세,상해없음,화물,남,40세,경상
2016012200100248,2016년 1월 22일 12시,금요일,전라남도 순천시 조례동,중상사고,0,1,0,0,차대사람 - 횡단중,안전운전불이행,건조,맑음,교차로 - 교차로안,승합,남,59세,상해없음,보행자,남,77세,중상
2016012200100271,2016년 1월 22일 13시,금요일,전라남도 여수시 둔덕동,경상사고,0,0,1,0,차대차 - 측면충돌,차로위반,건조,맑음,단일로 - 기타,건설기계,남,50세,상해없음,승용,여,59세,경상
2016012200100272,2016년 1월 22일 13시,금요일,전라남도 순천시 오천동,경상사고,0,0,3,0,차대차 - 측면충돌,안전운전불이행,건조,맑음,단일로 - 기타,승용,남,76세,경상,승용,남,62세,경상
2016012200100306,2016년 1월 22일 14시,금요일,전라남도 순천시 외서면,경상사고,0,0,3,0,차대차 - 측면직각충돌,안전운전불이행,건조,맑음,교차로 - 교차로안,승용,여,51세,경상,화물,남,46세,경상
2016012200100307,2016년 1월 22일 14시,금요일,전라남도 곡성군 옥과면,경상사고,0,0,1,0,차대차 - 정면충돌,안전운전불이행,건조,맑음,단일로 - 기타,승용,남,33세,상해없음,원동기,남,34세,경상
2016012200100308,2016년 1월 22일 14시,금요일,전라남도 무안군 무안읍,경상사고,0,0,1,1,차대차 - 정면충돌,안전운전불이행,건조,맑음,교차로 - 교차로안,화물,남,27세,부상신고,승용,남,50세,경상
2016012200100366,2016년 1월 22일 16시,금요일,전라남도 신안군 압해읍,중상사고,0,1,0,0,차량단독 - 도로외이탈 - 기타,안전운전불이행,건조,맑음,단일로 - 기타,화물,남,63세,중상,,,,
2016012200100367,2016년 1월 22일 16시,금요일,전라남도 목포시 옥암동,경상사고,0,0,1,0,차대차 - 측면직각충돌,중앙선침범,건조,맑음,단일로 - 기타,화물,남,29세,상해없음,승용,남,43세,상해없음
2016012200100368,2016년 1월 22일 16시,금요일,전라남도 해남군 황산면,중상사고,0,2,2,0,차대차 - 정면충돌,교차로운행방법위반,건조,맑음,단일로 - 기타,승용,남,52세,경상,승합,남,50세,중상
2016012200100369,2016년 1월 22일 16시,금요일,전라남도 영암군 삼호읍,경상사고,0,0,2,0,차대차 - 측면충돌,안전운전불이행,건조,맑음,단일로 - 기타,건설기계,남,47세,상해없음,승용,여,40세,경상
2016012200100370,2016년 1월 22일 16시,금요일,전라남도 곡성군 곡성읍,중상사고,0,1,1,0,차대차 - 정면충돌,안전운전불이행,결빙,흐림,단일로 - 기타,화물,남,30세,상해없음,승용,남,71세,중상
2016012200100397,2016년 1월 22일 17시,금요일,전라남도 목포시 용당동,부상신고사고,0,0,0,1,차대사람 - 횡단중,보행자보호의무위반,건조,맑음,단일로 - 횡단보도상,승용,남,50세,상해없음,보행자,여,43세,부상신고
2016012200100398,2016년 1월 22일 17시,금요일,전라남도 진도군 진도읍,사망사고,1,3,0,0,차대차 - 정면충돌,중앙선침범,건조,흐림,단일로 - 기타,승용,여,54세,중상,승용,남,53세,중상
2016012200100441,2016년 1월 22일 18시,금요일,전라남도 목포시 용해동,중상사고,0,1,0,0,차대차 - 측면직각충돌,안전운전불이행,건조,맑음,교차로 - 교차로안,승용,남,38세,상해없음,이륜,남,41세,중상
2016012200100442,2016년 1월 22일 18시,금요일,전라남도 보성군 벌교읍,경상사고,0,0,3,0,차대차 - 측면직각충돌,안전운전불이행,건조,맑음,단일로 - 기타,승용,남,49세,상해없음,승용,남,55세,경상
2016012200100489,2016년 1월 22일 19시,금요일,전라남도 광양시 옥룡면,부상신고사고,0,0,0,1,차량단독 - 전도전복,안전운전불이행,건조,맑음,단일로 - 기타,이륜,남,57세,부상신고,,,,
2016012200100515,2016년 1월 22일 20시,금요일,전라남도 순천시 조곡동,경상사고,0,0,2,0,차대차 - 측면직각충돌,신호위반,건조,맑음,교차로 - 교차로안,승용,여,34세,상해없음,승용,남,65세,경상
2016012200100547,2016년 1월 22일 21시,금요일,전라남도 목포시 옥암동,중상사고,0,1,0,0,차대차 - 측면직각충돌,안전운전불이행,건조,맑음,교차로 - 교차로안,승합,남,50세,상해없음,자전거,남,7세,중상
2016012200100574,2016년 1월 22일 22시,금요일,전라남도 화순군 화순읍,경상사고,0,0,1,0,차대사람 - 기타,보행자보호의무위반,결빙,눈,기타 - 기타,이륜,남,19세,상해없음,보행자,여,18세,경상
2016012300100105,2016년 1월 23일 07시,토요일,전라남도 해남군 화원면,경상사고,0,0,1,0,차대차 - 추돌,안전거리미확보,적설,눈,단일로 - 기타,승용,남,55세,상해없음,승용,남,51세,상해없음
2016012300100129,2016년 1월 23일 09시,토요일,전라남도 무안군 현경면,경상사고,0,0,1,0,차대차 - 측면직각충돌,교차로운행방법위반,결빙,눈,교차로 - 교차로안,승용,남,52세,경상,화물,남,50세,상해없음
2016012300100151,2016년 1월 23일 10시,토요일,전라남도 광양시 중동,경상사고,0,0,1,0,차대차 - 추돌,안전거리미확보,건조,맑음,교차로 - 교차로부근,화물,남,42세,경상,특수,남,49세,상해없음
2016012300100202,2016년 1월 23일 12시,토요일,전라남도 여수시 문수동,경상사고,0,0,1,0,차대사람 - 횡단중,안전운전불이행,건조,맑음,단일로 - 기타,승용,남,29세,상해없음,보행자,여,78세,경상
2016012300100203,2016년 1월 23일 12시,토요일,전라남도 영광군 영광읍,부상신고사고,0,0,0,1,차량단독 - 전도전복,안전운전불이행,적설,눈,단일로 - 기타,승용,여,25세,부상신고,,,,
2016012300100221,2016년 1월 23일 13시,토요일,전라남도 장성군 장성읍,경상사고,0,0,1,0,차대차 - 측면직각충돌,안전운전불이행,건조,맑음,단일로 - 터널,화물,남,59세,상해없음,승용,남,22세,경상
2016012300100255,2016년 1월 23일 14시,토요일,전라남도 여수시 문수동,중상사고,0,1,0,0,차대사람 - 횡단중,신호위반,건조,맑음,단일로 - 횡단보도상,승용,남,57세,기타불명,보행자,여,61세,중상
2016012300100256,2016년 1월 23일 14시,토요일,전라남도 순천시 조례동,경상사고,0,0,2,0,차대차 - 측면직각충돌,안전운전불이행,건조,맑음,교차로 - 교차로안,승용,남,26세,경상,승용,남,47세,경상
2016012300100257,2016년 1월 23일 14시,토요일,전라남도 영광군 군남면,중상사고,0,1,3,0,차대차 - 측면직각충돌,안전운전불이행,적설,눈,교차로 - 교차로안,승용,남,57세,상해없음,승용,여,40세,중상
2016012300100291,2016년 1월 23일 15시,토요일,전라남도 목포시 옥암동,경상사고,0,0,2,0,차대차 - 추돌,안전거리미확보,적설,눈,단일로 - 기타,승용,남,40세,상해없음,승합,남,32세,경상
2016012300100338,2016년 1월 23일 17시,토요일,전라남도 해남군 송지면,경상사고,0,0,2,0,차대차 - 정면충돌,안전운전불이행,적설,눈,단일로 - 기타,화물,남,58세,상해없음,화물,남,46세,경상
2016012300100339,2016년 1월 23일 17시,토요일,전라남도 완도군 완도읍,중상사고,0,1,0,0,차대차 - 정면충돌,안전운전불이행,건조,맑음,단일로 - 기타,승용,여,59세,상해없음,이륜,여,59세,중상
2016012300100374,2016년 1월 23일 18시,토요일,전라남도 화순군 도곡면,경상사고,0,0,2,0,차대차 - 측면직각충돌,안전운전불이행,적설,눈,단일로 - 기타,화물,남,22세,상해없음,승용,남,58세,경상
2016012300100459,2016년 1월 23일 21시,토요일,전라남도 여수시 신기동,경상사고,0,0,10,0,차대차 - 추돌,안전운전불이행,건조,맑음,교차로 - 교차로부근,승용,남,26세,상해없음,승용,남,36세,경상
2016012300100460,2016년 1월 23일 21시,토요일,전라남도 장흥군 장흥읍,중상사고,0,1,1,0,차대사람 - 기타,안전운전불이행,적설,눈,단일로 - 기타,승용,남,45세,상해없음,보행자,남,37세,경상
2016012300100461,2016년 1월 23일 21시,토요일,전라남도 장흥군 안양면,경상사고,0,0,4,0,차량단독 - 전도전복,안전운전불이행,적설,눈,교차로 - 교차로안,승합,남,46세,경상,,,,
2016012400100018,2016년 1월 24일 00시,일요일,전라남도 목포시 용해동,경상사고,0,0,1,0,차대차 - 측면충돌,신호위반,적설,눈,교차로 - 교차로안,화물,남,50세,상해없음,승용,남,60세,경상
2016012400100034,2016년 1월 24일 01시,일요일,전라남도 여수시 선원동,중상사고,0,1,2,0,차대차 - 정면충돌,안전운전불이행,적설,눈,단일로 - 기타,승용,남,39세,상해없음,승용,남,54세,경상
2016012400100035,2016년 1월 24일 01시,일요일,전라남도 여수시 둔덕동,경상사고,0,0,2,0,차대차 - 추돌,안전운전불이행,결빙,눈,단일로 - 기타,승용,남,32세,상해없음,승용,남,49세,경상
2016012400100074,2016년 1월 24일 05시,일요일,전라남도 여수시 신기동,중상사고,0,1,0,0,차대차 - 추돌,안전운전불이행,적설,눈,단일로 - 기타,승용,남,22세,상해없음,승용,남,50세,중상
2016012400100135,2016년 1월 24일 11시,일요일,전라남도 무안군 무안읍,경상사고,0,0,7,0,차대차 - 추돌,차로위반,적설,눈,단일로 - 기타,승용,남,41세,경상,승용,남,43세,경상
2016012400100136,2016년 1월 24일 11시,일요일,전라남도 해남군 해남읍,경상사고,0,0,2,0,차대차 - 정면충돌,안전운전불이행,결빙,눈,단일로 - 기타,승용,남,49세,상해없음,승합,남,50세,경상
2016012400100137,2016년 1월 24일 11시,일요일,전라남도 담양군 고서면,경상사고,0,0,3,0,차대차 - 추돌,안전운전불이행,결빙,눈,단일로 - 기타,승용,남,64세,경상,승용,남,31세,경상
2016012400100153,2016년 1월 24일 12시,일요일,전라남도 해남군 해남읍,중상사고,0,1,1,0,차대차 - 추돌,안전운전불이행,결빙,눈,단일로 - 기타,승용,남,35세,경상,승합,여,36세,상해없음
2016012400100177,2016년 1월 24일 13시,일요일,전라남도 담양군 무정면,중상사고,0,4,5,1,차대차 - 기타,안전운전불이행,결빙,눈,단일로 - 기타,승용,여,36세,경상,승용,남,46세,경상
2016012400100256,2016년 1월 24일 16시,일요일,전라남도 목포시 산정동,중상사고,0,1,0,0,차대사람 - 횡단중,신호위반,결빙,눈,단일로 - 횡단보도상,승용,남,47세,상해없음,보행자,여,54세,중상
2016012400100278,2016년 1월 24일 17시,일요일,전라남도 보성군 겸백면,경상사고,0,0,1,0,차량단독 - 전도전복,안전운전불이행,적설,눈,단일로 - 기타,승용,여,42세,상해없음,,,,
2016012400100359,2016년 1월 24일 20시,일요일,전라남도 영암군 학산면,경상사고,0,0,1,0,차량단독 - 전도전복,안전운전불이행,적설,눈,단일로 - 기타,화물,남,64세,경상,,,,
2016012400100360,2016년 1월 24일 20시,일요일,전라남도 광양시 중동,경상사고,0,0,1,0,차량단독 - 기타,안전운전불이행,습기,맑음,단일로 - 기타,원동기,남,18세,경상,,,,
2016012500100102,2016년 1월 25일 08시,월요일,전라남도 무안군 무안읍,경상사고,0,0,2,1,차대차 - 측면직각충돌,안전운전불이행,적설,눈,단일로 - 기타,승용,남,68세,부상신고,화물,남,33세,경상
2016012500100103,2016년 1월 25일 08시,월요일,전라남도 장성군 북이면,경상사고,0,0,1,0,차대차 - 기타,기타,적설,흐림,단일로 - 기타,기타불명,기타불명,기타불명,기타불명,승용,남,59세,경상
2016012500100157,2016년 1월 25일 10시,월요일,전라남도 광양시 성황동,중상사고,0,1,1,0,차대차 - 추돌,안전운전불이행,건조,맑음,단일로 - 기타,화물,남,45세,중상,건설기계,남,35세,경상
2016012500100179,2016년 1월 25일 11시,월요일,전라남도 여수시 교동,중상사고,0,1,0,0,차대사람 - 횡단중,보행자보호의무위반,건조,맑음,교차로 - 교차로부근,화물,남,56세,상해없음,보행자,남,71세,중상
2016012500100219,2016년 1월 25일 12시,월요일,전라남도 여수시 서교동,중상사고,0,1,1,0,차대차 - 측면직각충돌,안전운전불이행,습기,맑음,교차로 - 교차로안,이륜,남,57세,중상,승용,남,65세,상해없음
2016012500100220,2016년 1월 25일 12시,월요일,전라남도 영광군 백수읍,경상사고,0,0,1,0,차대사람 - 보도통행중,안전운전불이행,건조,맑음,교차로 - 교차로안,승용,여,51세,상해없음,보행자,남,44세,경상
2016012500100277,2016년 1월 25일 14시,월요일,전라남도 광양시 마동,중상사고,0,1,1,0,차대차 - 추돌,안전운전불이행,건조,맑음,단일로 - 기타,화물,남,30세,경상,화물,남,54세,중상