사고번호,사고일시,요일,시군구,사고내용,사망자수,중상자수,경상자수,부상신고자수,사고유형,법규위반,노면상태,기상상태,도로형태,가해운전자 차종,가해운전자 성별,가해운전자 연령,가해운전자 상해정도,피해운전자 차종,피해운전자 성별,피해운전자 연령,피해운전자 상해정도
2016012500100311,2016년 1월 25일 15시,월요일,전라남도 무안군 삼향읍,경상사고,0,0,2,0,차대차 - 측면직각충돌,신호위반,습기,맑음,교차로 - 교차로안,승용,남,53세,상해없음,승용,여,33세,경상
2016012500100341,2016년 1월 25일 16시,월요일,전라남도 여수시 봉산동,중상사고,0,1,0,0,차대사람 - 횡단중,신호위반,건조,맑음,교차로 - 교차로안,승합,남,49세,상해없음,보행자,남,82세,중상
2016012500100412,2016년 1월 25일 18시,월요일,전라남도 해남군 옥천면,경상사고,0,0,2,0,차량단독 - 전도전복,안전운전불이행,건조,맑음,단일로 - 기타,화물,남,55세,경상,,,,
2016012500100493,2016년 1월 25일 20시,월요일,전라남도 여수시 봉산동,중상사고,0,1,0,0,차대차 - 측면직각충돌,신호위반,건조,맑음,교차로 - 교차로안,승용,남,58세,상해없음,이륜,남,59세,중상
2016012500100530,2016년 1월 25일 21시,월요일,전라남도 영광군 영광읍,경상사고,0,0,1,0,차대사람 - 기타,안전운전불이행,적설,눈,교차로 - 교차로안,승용,남,59세,기타불명,보행자,여,17세,경상
2016012500100589,2016년 1월 25일 23시,월요일,전라남도 나주시 영산동,경상사고,0,0,1,0,차대차 - 정면충돌,안전운전불이행,적설,맑음,단일로 - 기타,승용,남,34세,기타불명,승용,남,40세,경상
2016012600100022,2016년 1월 26일 01시,화요일,전라남도 목포시 옥암동,경상사고,0,0,4,0,차대차 - 추돌,안전운전불이행,결빙,흐림,단일로 - 기타,승용,남,19세,상해없음,승용,남,35세,경상
2016012600100039,2016년 1월 26일 03시,화요일,전라남도 광양시 광양읍,부상신고사고,0,0,0,1,차대차 - 측면직각충돌,안전운전불이행,건조,맑음,교차로 - 교차로부근,승용,여,42세,부상신고,승용,여,42세,기타불명
2016012600100084,2016년 1월 26일 07시,화요일,전라남도 광양시 광양읍,경상사고,0,0,1,0,차대차 - 측면충돌,교차로운행방법위반,건조,맑음,교차로 - 교차로안,승용,남,55세,상해없음,승용,남,45세,경상
2016012600100112,2016년 1월 26일 08시,화요일,전라남도 곡성군 겸면,경상사고,0,0,2,0,차대차 - 추돌,안전운전불이행,건조,맑음,단일로 - 기타,승용,여,48세,상해없음,승합,남,65세,경상
2016012600100113,2016년 1월 26일 08시,화요일,전라남도 광양시 광양읍,경상사고,0,0,1,0,차대차 - 기타,교차로운행방법위반,건조,맑음,교차로 - 교차로안,화물,남,33세,상해없음,원동기,남,48세,경상
2016012600100163,2016년 1월 26일 10시,화요일,전라남도 여수시 여서동,경상사고,0,0,1,0,차대차 - 측면직각충돌,안전거리미확보,건조,맑음,단일로 - 기타,화물,남,41세,상해없음,승합,남,41세,상해없음
2016012600100189,2016년 1월 26일 11시,화요일,전라남도 광양시 광양읍,경상사고,0,0,1,0,차대차 - 측면충돌,교차로운행방법위반,건조,맑음,교차로 - 교차로안,승용,여,67세,상해없음,승용,남,37세,상해없음
2016012600100217,2016년 1월 26일 12시,화요일,전라남도 고흥군 도양읍,경상사고,0,0,2,0,차대차 - 측면직각충돌,안전운전불이행,건조,맑음,단일로 - 기타,화물,남,52세,상해없음,승용,여,45세,경상
2016012600100273,2016년 1월 26일 14시,화요일,전라남도 목포시 호남동,경상사고,0,0,4,0,차대차 - 측면직각충돌,신호위반,습기,눈,교차로 - 교차로안,승용,남,63세,기타불명,승용,남,61세,경상
2016012600100346,2016년 1월 26일 16시,화요일,전라남도 무안군 무안읍,중상사고,0,1,0,0,차대사람 - 횡단중,안전운전불이행,건조,맑음,단일로 - 기타,승용,남,37세,상해없음,보행자,여,83세,중상
2016012600100366,2016년 1월 26일 17시,화요일,전라남도 영광군 대마면,경상사고,0,0,4,0,차대차 - 정면충돌,중앙선침범,건조,맑음,단일로 - 기타,승용,남,21세,상해없음,승합,남,57세,경상
2016012600100409,2016년 1월 26일 18시,화요일,전라남도 여수시 화장동,경상사고,0,0,1,0,차대차 - 측면충돌,기타,건조,맑음,단일로 - 기타,화물,남,50세,상해없음,승용,남,28세,경상
2016012600100462,2016년 1월 26일 19시,화요일,전라남도 여수시 신월동,경상사고,0,0,1,0,차대차 - 측면충돌,안전운전불이행,건조,맑음,단일로 - 기타,이륜,남,24세,상해없음,승용,여,38세,경상
2016012600100520,2016년 1월 26일 21시,화요일,전라남도 목포시 상동,경상사고,0,0,1,0,차대차 - 측면직각충돌,안전거리미확보,결빙,흐림,단일로 - 기타,원동기,남,48세,상해없음,원동기,남,26세,경상
2016012600100521,2016년 1월 26일 21시,화요일,전라남도 여수시 봉산동,중상사고,0,1,0,0,차대차 - 측면충돌,신호위반,건조,맑음,교차로 - 교차로안,승용,남,49세,상해없음,이륜,남,31세,중상
2016012700100017,2016년 1월 27일 00시,수요일,전라남도 목포시 남교동,중상사고,0,1,0,0,차대사람 - 횡단중,안전운전불이행,적설,눈,교차로 - 교차로안,승용,남,31세,상해없음,보행자,남,55세,중상
2016012700100018,2016년 1월 27일 00시,수요일,전라남도 광양시 중동,경상사고,0,0,2,0,차대차 - 측면충돌,안전운전불이행,건조,맑음,교차로 - 교차로안,승용,남,57세,상해없음,승용,남,25세,경상
2016012700100143,2016년 1월 27일 08시,수요일,전라남도 장흥군 용산면,중상사고,0,2,0,0,차대사람 - 기타,안전운전불이행,결빙,흐림,단일로 - 기타,화물,남,23세,중상,보행자,남,79세,중상
2016012700100175,2016년 1월 27일 09시,수요일,전라남도 순천시 연향동,중상사고,0,1,0,0,차량단독 - 기타,기타,건조,맑음,단일로 - 기타,승합,남,55세,상해없음,,,,
2016012700100176,2016년 1월 27일 09시,수요일,전라남도 광양시 광양읍,부상신고사고,0,0,0,1,차대차 - 측면충돌,직진우회전진행방해,건조,맑음,교차로 - 교차로부근,원동기,남,83세,부상신고,승용,남,50세,상해없음
2016012700100267,2016년 1월 27일 13시,수요일,전라남도 목포시 상동,경상사고,0,0,2,0,차대차 - 측면직각충돌,신호위반,건조,맑음,교차로 - 교차로안,승용,남,55세,상해없음,승용,남,51세,경상
2016012700100268,2016년 1월 27일 13시,수요일,전라남도 진도군 진도읍,경상사고,0,0,5,0,차대차 - 추돌,안전운전불이행,건조,맑음,교차로 - 교차로부근,화물,남,49세,기타불명,승용,남,67세,경상
2016012700100287,2016년 1월 27일 14시,수요일,전라남도 보성군 미력면,중상사고,0,1,0,0,차대차 - 측면충돌,안전운전불이행,결빙,맑음,단일로 - 기타,화물,여,59세,중상,건설기계,남,38세,상해없음
2016012700100322,2016년 1월 27일 15시,수요일,전라남도 담양군 담양읍,중상사고,0,1,1,0,차대차 - 기타,안전거리미확보,습기,맑음,단일로 - 기타,승용,남,47세,상해없음,승용,남,62세,상해없음
2016012700100360,2016년 1월 27일 16시,수요일,전라남도 곡성군 고달면,경상사고,0,0,1,0,차량단독 - 전도전복,안전운전불이행,건조,맑음,단일로 - 기타,이륜,남,63세,경상,,,,
2016012700100443,2016년 1월 27일 18시,수요일,전라남도 장흥군 대덕읍,경상사고,0,0,1,0,차량단독 - 공작물충돌,안전운전불이행,결빙,흐림,단일로 - 기타,승용,여,62세,경상,,,,
2016012700100444,2016년 1월 27일 18시,수요일,전라남도 장흥군 대덕읍,경상사고,0,0,1,0,차대차 - 정면충돌,안전운전불이행,결빙,흐림,단일로 - 기타,승용,남,64세,상해없음,승용,여,36세,상해없음
2016012700100445,2016년 1월 27일 18시,수요일,전라남도 영암군 삼호읍,경상사고,0,0,2,0,차대차 - 측면충돌,신호위반,건조,맑음,교차로 - 교차로안,승용,남,61세,경상,승용,여,49세,경상
2016012700100486,2016년 1월 27일 19시,수요일,전라남도 광양시 옥곡면,경상사고,0,0,2,0,차대차 - 측면충돌,직진우회전진행방해,건조,맑음,교차로 - 교차로안,승용,남,63세,경상,승용,남,48세,경상
2016012700100532,2016년 1월 27일 20시,수요일,전라남도 순천시 풍덕동,경상사고,0,0,1,0,차대차 - 측면충돌,직진우회전진행방해,건조,맑음,교차로 - 교차로부근,승용,남,69세,상해없음,원동기,남,19세,경상
2016012700100533,2016년 1월 27일 20시,수요일,전라남도 장흥군 대덕읍,부상신고사고,0,0,0,1,차량단독 - 도로외이탈 - 기타,안전운전불이행,적설,흐림,단일로 - 기타,이륜,남,72세,부상신고,,,,
2016012700100534,2016년 1월 27일 20시,수요일,전라남도 광양시 광양읍,중상사고,0,1,1,0,차대차 - 추돌,중앙선침범,건조,맑음,단일로 - 기타,승용,남,53세,상해없음,승용,남,37세,중상
2016012700100562,2016년 1월 27일 21시,수요일,전라남도 광양시 중동,경상사고,0,0,5,0,차대차 - 측면충돌,안전거리미확보,건조,맑음,단일로 - 기타,승용,남,42세,상해없음,승용,남,56세,경상
2016012700100593,2016년 1월 27일 22시,수요일,전라남도 광양시 광양읍,중상사고,0,1,1,0,차대차 - 측면직각충돌,신호위반,건조,맑음,교차로 - 교차로안,승용,남,52세,경상,승용,여,22세,중상
2016012700100625,2016년 1월 27일 23시,수요일,전라남도 목포시 상동,경상사고,0,0,1,0,차대차 - 추돌,안전운전불이행,건조,맑음,단일로 - 횡단보도상,승용,남,35세,상해없음,승용,남,48세,경상
2016012800100103,2016년 1월 28일 06시,목요일,전라남도 광양시 광양읍,경상사고,0,0,1,0,차대차 - 추돌,안전운전불이행,건조,맑음,단일로 - 교량,승용,남,33세,상해없음,이륜,남,71세,경상
2016012800100242,2016년 1월 28일 11시,목요일,전라남도 목포시 산정동,부상신고사고,0,0,0,1,차대차 - 측면충돌,안전운전불이행,건조,맑음,교차로 - 교차로안,기타불명,기타불명,기타불명,기타불명,이륜,남,65세,부상신고
2016012800100300,2016년 1월 28일 13시,목요일,전라남도 구례군 구례읍,중상사고,0,1,0,0,차대사람 - 차도통행중,안전운전불이행,건조,흐림,교차로 - 교차로부근,승용,여,58세,상해없음,보행자,여,49세,중상
2016012800100330,2016년 1월 28일 14시,목요일,전라남도 나주시 삼도동,경상사고,0,0,2,0,차대차 - 기타,교차로운행방법위반,습기,비,교차로 - 교차로안,승합,남,20세,상해없음,승용,남,55세,경상
2016012800100391,2016년 1월 28일 16시,목요일,전라남도 완도군 고금면,경상사고,0,0,2,0,차대차 - 측면직각충돌,중앙선침범,습기,비,단일로 - 기타,화물,남,49세,상해없음,승용,남,62세,경상
2016012800100392,2016년 1월 28일 16시,목요일,전라남도 구례군 용방면,경상사고,0,0,1,0,차대차 - 측면직각충돌,직진우회전진행방해,습기,비,교차로 - 교차로부근,이륜,남,73세,경상,화물,남,52세,상해없음
2016012800100414,2016년 1월 28일 17시,목요일,전라남도 여수시 봉산동,중상사고,0,1,1,0,차대차 - 측면충돌,신호위반,습기,비,교차로 - 교차로안,승용,여,40세,상해없음,승용,남,23세,경상
2016012800100415,2016년 1월 28일 17시,목요일,전라남도 영암군 서호면,경상사고,0,0,1,0,차대차 - 추돌,불법유턴,습기,흐림,교차로 - 교차로부근,승용,남,60세,상해없음,화물,남,52세,경상
2016012800100456,2016년 1월 28일 18시,목요일,전라남도 영광군 영광읍,경상사고,0,0,1,0,차대차 - 추돌,안전거리미확보,적설,비,교차로 - 교차로부근,화물,남,57세,상해없음,승용,여,27세,경상
2016012800100506,2016년 1월 28일 19시,목요일,전라남도 여수시 학동,중상사고,0,1,0,0,차대사람 - 횡단중,보행자보호의무위반,습기,비,단일로 - 횡단보도상,승용,남,59세,상해없음,보행자,여,60세,중상
2016012800100507,2016년 1월 28일 19시,목요일,전라남도 여수시 미평동,중상사고,0,1,0,0,차대사람 - 횡단중,보행자보호의무위반,습기,비,단일로 - 기타,승용,여,45세,상해없음,보행자,여,65세,중상
2016012800100508,2016년 1월 28일 19시,목요일,전라남도 영암군 삼호읍,중상사고,0,1,0,0,차량단독 - 전도전복,안전운전불이행,습기,눈,단일로 - 기타,승용,남,53세,중상,,,,
2016012800100549,2016년 1월 28일 20시,목요일,전라남도 여수시 안산동,경상사고,0,0,2,0,차대차 - 추돌,안전운전불이행,습기,비,단일로 - 기타,승용,남,30세,상해없음,화물,남,51세,경상
2016012800100550,2016년 1월 28일 20시,목요일,전라남도 여수시 학동,경상사고,0,0,1,0,차대차 - 측면충돌,중앙선침범,습기,비,단일로 - 기타,승용,남,52세,상해없음,이륜,남,27세,경상
2016012800100590,2016년 1월 28일 21시,목요일,전라남도 목포시 옥암동,경상사고,0,0,5,0,차대차 - 정면충돌,중앙선침범,건조,맑음,교차로 - 교차로부근,승용,남,43세,상해없음,승용,남,32세,경상
2016012800100591,2016년 1월 28일 21시,목요일,전라남도 여수시 신기동,경상사고,0,0,1,0,차대사람 - 횡단중,안전운전불이행,습기,비,단일로 - 기타,이륜,남,27세,상해없음,보행자,여,48세,경상
2016012800100592,2016년 1월 28일 21시,목요일,전라남도 영암군 삼호읍,중상사고,0,1,2,0,차량단독 - 전도전복,안전운전불이행,습기,비,단일로 - 기타,승용,남,27세,경상,,,,
2016012800100627,2016년 1월 28일 22시,목요일,전라남도 목포시 상동,부상신고사고,0,0,0,2,차대차 - 정면충돌,안전운전불이행,건조,흐림,교차로 - 교차로안,승용,남,37세,상해없음,승용,남,22세,부상신고
2016012800100628,2016년 1월 28일 22시,목요일,전라남도 여수시 여서동,중상사고,0,1,0,0,차대사람 - 횡단중,안전운전불이행,습기,비,단일로 - 기타,승용,남,41세,상해없음,보행자,여,20세,중상
2016012800100629,2016년 1월 28일 22시,목요일,전라남도 순천시 덕암동,경상사고,0,0,1,0,차대차 - 기타,안전거리미확보,습기,비,단일로 - 기타,승용,남,54세,상해없음,승용,여,23세,경상
2016012800100630,2016년 1월 28일 22시,목요일,전라남도 광양시 옥곡면,경상사고,0,0,2,0,차대차 - 추돌,안전운전불이행,습기,비,교차로 - 교차로부근,승용,남,60세,상해없음,승용,남,20세,경상
2016012800100666,2016년 1월 28일 23시,목요일,전라남도 목포시 산정동,경상사고,0,0,1,0,차대사람 - 횡단중,안전운전불이행,습기,비,교차로 - 교차로안,화물,남,51세,상해없음,보행자,남,58세,경상
2016012800100667,2016년 1월 28일 23시,목요일,전라남도 여수시 안산동,경상사고,0,0,1,0,차대차 - 측면직각충돌,안전운전불이행,습기,비,단일로 - 기타,승용,남,50세,상해없음,승용,남,24세,경상
2016012900100018,2016년 1월 29일 00시,금요일,전라남도 여수시 문수동,경상사고,0,0,1,0,차대사람 - 횡단중,안전운전불이행,건조,맑음,단일로 - 기타,승용,남,33세,기타불명,보행자,남,45세,경상
2016012900100046,2016년 1월 29일 01시,금요일,전라남도 순천시 덕암동,중상사고,0,2,0,0,차대사람 - 횡단중,보행자보호의무위반,습기,비,교차로 - 교차로부근,승용,남,23세,상해없음,보행자,여,27세,중상
2016012900100083,2016년 1월 29일 03시,금요일,전라남도 고흥군 영남면,중상사고,0,1,0,0,차대사람 - 횡단중,안전운전불이행,습기,비,단일로 - 기타,승합,남,63세,상해없음,보행자,여,73세,중상
2016012900100112,2016년 1월 29일 06시,금요일,전라남도 순천시 조례동,중상사고,0,1,2,0,차대차 - 측면충돌,중앙선침범,건조,맑음,단일로 - 기타,승용,남,25세,경상,화물,남,43세,경상
2016012900100139,2016년 1월 29일 07시,금요일,전라남도 목포시 항동,경상사고,0,0,1,0,차대차 - 측면충돌,안전운전불이행,건조,맑음,단일로 - 기타,승용,남,57세,상해없음,승용,남,30세,경상
2016012900100140,2016년 1월 29일 07시,금요일,전라남도 영광군 영광읍,경상사고,0,0,2,0,차대차 - 정면충돌,중앙선침범,건조,맑음,단일로 - 기타,승용,남,52세,상해없음,승용,남,36세,경상
2016012900100173,2016년 1월 29일 08시,금요일,전라남도 순천시 매곡동,경상사고,0,0,2,0,차대차 - 측면충돌,안전운전불이행,습기,비,교차로 - 교차로안,승용,남,31세,경상,승합,남,58세,경상
2016012900100174,2016년 1월 29일 08시,금요일,전라남도 나주시 봉황면,경상사고,0,0,1,0,차량단독 - 전도전복,안전운전불이행,결빙,비,단일로 - 기타,승용,남,36세,경상,,,,
2016012900100205,2016년 1월 29일 09시,금요일,전라남도 강진군 강진읍,중상사고,0,1,0,0,차대사람 - 횡단중,안전운전불이행,습기,비,교차로 - 교차로안,승용,여,52세,상해없음,보행자,여,57세,중상
2016012900100228,2016년 1월 29일 10시,금요일,전라남도 여수시 소라면,경상사고,0,0,3,0,차대차 - 측면충돌,안전운전불이행,습기,비,교차로 - 교차로안,승용,여,57세,경상,건설기계,남,52세,상해없음
2016012900100251,2016년 1월 29일 11시,금요일,전라남도 보성군 벌교읍,중상사고,0,1,0,0,차대사람 - 기타,안전운전불이행,습기,비,단일로 - 기타,승용,여,69세,상해없음,보행자,여,74세,중상
2016012900100274,2016년 1월 29일 12시,금요일,전라남도 해남군 해남읍,경상사고,0,0,2,0,차대차 - 정면충돌,직진우회전진행방해,습기,비,교차로 - 교차로안,승용,남,61세,경상,승용,여,44세,경상
2016012900100275,2016년 1월 29일 12시,금요일,전라남도 화순군 북면,경상사고,0,0,2,0,차대차 - 측면충돌,과속,습기,기타,교차로 - 교차로안,승합,남,45세,경상,승용,여,28세,경상
2016012900100302,2016년 1월 29일 13시,금요일,전라남도 무안군 현경면,중상사고,0,1,1,0,차대차 - 정면충돌,중앙선침범,습기,비,단일로 - 기타,승용,남,56세,상해없음,승용,여,47세,경상
2016012900100303,2016년 1월 29일 13시,금요일,전라남도 광양시 마동,중상사고,0,1,0,0,차량단독 - 공작물충돌,안전운전불이행,습기,비,단일로 - 기타,승용,남,40세,중상,,,,
2016012900100304,2016년 1월 29일 13시,금요일,전라남도 광양시 광양읍,경상사고,0,0,1,1,차대차 - 정면충돌,안전운전불이행,건조,맑음,교차로 - 교차로안,승용,남,33세,경상,승합,남,29세,부상신고
2016012900100326,2016년 1월 29일 14시,금요일,전라남도 보성군 벌교읍,경상사고,0,0,1,0,차대차 - 기타,안전운전불이행,습기,비,단일로 - 기타,이륜,남,63세,경상,화물,남,46세,상해없음
2016012900100357,2016년 1월 29일 15시,금요일,전라남도 영광군 군남면,중상사고,0,1,0,0,차량단독 - 주/정차차량 충돌,안전운전불이행,습기,맑음,단일로 - 기타,화물,남,50세,중상,,,,
2016012900100376,2016년 1월 29일 16시,금요일,전라남도 여수시 남산동,경상사고,0,0,1,0,차대차 - 측면직각충돌,안전거리미확보,건조,맑음,교차로 - 교차로안,승용,여,61세,상해없음,승용,남,46세,경상
2016012900100377,2016년 1월 29일 16시,금요일,전라남도 여수시 월내동,경상사고,0,0,1,0,차대차 - 측면직각충돌,신호위반,습기,비,교차로 - 교차로안,승용,남,25세,상해없음,승합,남,56세,경상
2016012900100409,2016년 1월 29일 17시,금요일,전라남도 여수시 국동,경상사고,0,0,1,0,차대차 - 측면직각충돌,안전운전불이행,습기,비,교차로 - 교차로부근,승용,남,65세,상해없음,화물,남,56세,경상
2016012900100410,2016년 1월 29일 17시,금요일,전라남도 순천시 조곡동,중상사고,0,1,0,0,차대사람 - 횡단중,안전운전불이행,건조,맑음,기타 - 기타,승용,남,68세,상해없음,보행자,남,66세,중상
2016012900100411,2016년 1월 29일 17시,금요일,전라남도 강진군 칠량면,경상사고,0,0,1,0,차대차 - 추돌,안전거리미확보,습기,흐림,교차로 - 교차로부근,승용,남,40세,상해없음,승용,남,49세,경상
2016012900100579,2016년 1월 29일 20시,금요일,전라남도 광양시 중동,중상사고,0,1,0,0,차대차 - 기타,신호위반,습기,비,교차로 - 교차로부근,화물,남,64세,상해없음,자전거,남,54세,중상
2016012900100580,2016년 1월 29일 20시,금요일,전라남도 장성군 장성읍,부상신고사고,0,0,0,1,차대차 - 정면충돌,안전운전불이행,습기,비,단일로 - 기타,승용,여,48세,부상신고,승용,남,49세,상해없음
2016013000100025,2016년 1월 30일 00시,토요일,전라남도 목포시 옥암동,경상사고,0,0,1,0,차대사람 - 횡단중,안전운전불이행,습기,흐림,교차로 - 교차로안,승용,남,46세,기타불명,보행자,남,22세,경상
2016013000100026,2016년 1월 30일 00시,토요일,전라남도 여수시 덕충동,경상사고,0,0,1,0,차대차 - 측면충돌,중앙선침범,습기,눈,단일로 - 기타,승용,남,53세,상해없음,승용,여,46세,상해없음
2016013000100133,2016년 1월 30일 05시,토요일,전라남도 여수시 둔덕동,경상사고,0,0,3,0,차대차 - 정면충돌,중앙선침범,습기,흐림,단일로 - 기타,승용,남,28세,상해없음,승합,남,57세,상해없음
2016013000100134,2016년 1월 30일 05시,토요일,전라남도 영암군 학산면,부상신고사고,0,0,0,1,차량단독 - 기타,안전운전불이행,습기,비,단일로 - 기타,승용,남,25세,부상신고,,,,
2016013000100153,2016년 1월 30일 06시,토요일,전라남도 목포시 상동,경상사고,0,0,1,0,차대차 - 정면충돌,중앙선침범,습기,흐림,교차로 - 교차로부근,승용,남,33세,상해없음,화물,남,45세,경상
2016013000100173,2016년 1월 30일 07시,토요일,전라남도 영광군 영광읍,경상사고,0,0,1,0,차량단독 - 공작물충돌,안전운전불이행,건조,맑음,단일로 - 기타,화물,남,67세,경상,,,,
2016013000100212,2016년 1월 30일 08시,토요일,전라남도 무안군 청계면,중상사고,0,1,2,0,차대차 - 기타,중앙선침범,결빙,맑음,단일로 - 교량,화물,여,47세,경상,화물,남,45세,중상
2016013000100289,2016년 1월 30일 11시,토요일,전라남도 목포시 남교동,경상사고,0,0,1,0,차대사람 - 기타,안전운전불이행,건조,맑음,단일로 - 기타,승용,여,28세,상해없음,보행자,여,15세,경상
2016013000100290,2016년 1월 30일 11시,토요일,전라남도 나주시 보산동,사망사고,1,2,1,0,차대차 - 정면충돌,중앙선침범,건조,맑음,단일로 - 기타,승용,남,50세,중상,화물,남,28세,사망
2016013000100291,2016년 1월 30일 11시,토요일,전라남도 화순군 화순읍,경상사고,0,0,3,0,차대차 - 측면충돌,안전운전불이행,건조,맑음,교차로 - 교차로안,승용,여,45세,상해없음,승용,남,65세,경상
2016013000100292,2016년 1월 30일 11시,토요일,전라남도 영암군 시종면,경상사고,0,0,1,1,차대차 - 측면직각충돌,안전운전불이행,건조,맑음,교차로 - 교차로안,화물,남,49세,부상신고,화물,남,66세,상해없음
2016013000100319,2016년 1월 30일 12시,토요일,전라남도 무안군 청계면,중상사고,0,1,0,0,차대차 - 정면충돌,중앙선침범,건조,맑음,단일로 - 기타,승합,남,54세,상해없음,승용,남,67세,중상
2016013000100344,2016년 1월 30일 13시,토요일,전라남도 순천시 대대동,경상사고,0,0,1,0,차대차 - 기타,안전운전불이행,건조,맑음,단일로 - 기타,승용,남,37세,상해없음,승용,남,26세,경상
2016013000100345,2016년 1월 30일 13시,토요일,전라남도 나주시 남평읍,경상사고,0,0,1,0,차대사람 - 차도통행중,안전운전불이행,습기,맑음,단일로 - 기타,화물,남,60세,상해없음,보행자,여,82세,경상
2016013000100376,2016년 1월 30일 14시,토요일,전라남도 나주시 이창동,경상사고,0,0,1,0,차대차 - 측면충돌,직진우회전진행방해,건조,맑음,교차로 - 교차로안,승용,남,28세,상해없음,승용,여,40세,상해없음
2016013000100377,2016년 1월 30일 14시,토요일,전라남도 보성군 보성읍,중상사고,0,1,0,0,차대사람 - 차도통행중,안전운전불이행,건조,맑음,단일로 - 기타,이륜,남,72세,상해없음,보행자,여,74세,중상
2016013000100378,2016년 1월 30일 14시,토요일,전라남도 담양군 금성면,중상사고,0,1,1,0,차량단독 - 공작물충돌,안전운전불이행,건조,맑음,단일로 - 기타,승용,남,74세,경상,,,,
2016013000100424,2016년 1월 30일 16시,토요일,전라남도 목포시 상동,경상사고,0,0,2,0,차대차 - 추돌,안전운전불이행,건조,맑음,기타 - 기타,승용,남,57세,상해없음,승용,남,45세,경상
2016013000100453,2016년 1월 30일 17시,토요일,전라남도 목포시 상동,중상사고,0,1,0,0,차대사람 - 횡단중,안전운전불이행,건조,맑음,단일로 - 기타,승용,남,47세,상해없음,보행자,남,39세,중상
2016013000100454,2016년 1월 30일 17시,토요일,전라남도 담양군 봉산면,경상사고,0,0,3,0,차대차 - 측면충돌,직진우회전진행방해,건조,맑음,교차로 - 교차로안,승용,여,48세,상해없음,승용,여,54세,경상
2016013000100541,2016년 1월 30일 19시,토요일,전라남도 여수시 돌산읍,경상사고,0,0,1,0,차대사람 - 횡단중,보행자보호의무위반,습기,맑음,교차로 - 교차로부근,승합,남,57세,상해없음,보행자,남,70세,경상
2016013000100542,2016년 1월 30일 19시,토요일,전라남도 순천시 조곡동,경상사고,0,0,1,0,차대사람 - 기타,기타,건조,맑음,단일로 - 기타,승합,남,45세,상해없음,보행자,남,68세,경상
2016013000100571,2016년 1월 30일 20시,토요일,전라남도 목포시 산정동,경상사고,0,0,3,0,차대차 - 추돌,안전운전불이행,건조,맑음,교차로 - 교차로안,승용,여,44세,경상,승용,남,48세,경상
2016013000100572,2016년 1월 30일 20시,토요일,전라남도 순천시 매곡동,부상신고사고,0,0,0,1,차대사람 - 기타,안전운전불이행,건조,맑음,단일로 - 기타,기타불명,기타불명,기타불명,기타불명,보행자,남,68세,부상신고
2016013000100601,2016년 1월 30일 21시,토요일,전라남도 순천시 석현동,중상사고,0,1,0,0,차량단독 - 전도전복,안전운전불이행,건조,맑음,교차로 - 교차로안,원동기,남,61세,중상,,,,
2016013000100664,2016년 1월 30일 23시,토요일,전라남도 목포시 상동,경상사고,0,0,2,0,차대차 - 측면충돌,신호위반,건조,맑음,교차로 - 교차로안,기타불명,기타불명,기타불명,기타불명,승용,남,59세,경상
2016013100100023,2016년 1월 31일 00시,일요일,전라남도 목포시 연산동,경상사고,0,0,2,0,차대차 - 측면충돌,중앙선침범,건조,맑음,기타 - 기타,승용,남,55세,상해없음,승용,남,39세,기타불명
2016013100100024,2016년 1월 31일 00시,일요일,전라남도 여수시 미평동,중상사고,0,1,0,0,차대사람 - 횡단중,안전운전불이행,습기,맑음,교차로 - 교차로안,승용,남,20세,상해없음,보행자,남,39세,중상
2016013100100042,2016년 1월 31일 01시,일요일,전라남도 나주시 영산동,중상사고,0,1,2,0,차량단독 - 공작물충돌,안전운전불이행,건조,맑음,교차로 - 교차로부근,승합,남,27세,경상,,,,
2016013100100153,2016년 1월 31일 09시,일요일,전라남도 곡성군 옥과면,부상신고사고,0,0,0,1,차량단독 - 전도전복,안전운전불이행,결빙,맑음,단일로 - 기타,승용,여,40세,부상신고,,,,
2016013100100209,2016년 1월 31일 12시,일요일,전라남도 고흥군 고흥읍,경상사고,0,0,1,0,차대차 - 추돌,안전운전불이행,건조,맑음,단일로 - 기타,승용,남,35세,상해없음,승용,여,37세,경상
2016013100100210,2016년 1월 31일 12시,일요일,전라남도 함평군 손불면,중상사고,0,1,0,0,차대사람 - 길가장자리구역통행중,안전운전불이행,건조,맑음,교차로 - 교차로부근,특수,남,48세,상해없음,보행자,여,72세,중상
2016013100100277,2016년 1월 31일 15시,일요일,전라남도 보성군 회천면,사망사고,1,0,0,0,차대사람 - 기타,안전운전불이행,건조,맑음,단일로 - 기타,건설기계,남,52세,상해없음,보행자,여,76세,사망
2016013100100307,2016년 1월 31일 16시,일요일,전라남도 순천시 조례동,경상사고,0,0,1,0,차대사람 - 횡단중,안전운전불이행,건조,맑음,단일로 - 기타,승용,남,61세,상해없음,보행자,남,17세,경상
2016013100100355,2016년 1월 31일 18시,일요일,전라남도 순천시 덕암동,경상사고,0,0,1,0,차대차 - 기타,안전운전불이행,건조,맑음,교차로 - 교차로안,승용,남,46세,상해없음,자전거,남,21세,경상