사고번호,사고일시,요일,시군구,사고내용,사망자수,중상자수,경상자수,부상신고자수,사고유형,법규위반,노면상태,기상상태,도로형태,가해운전자 차종,가해운전자 성별,가해운전자 연령,가해운전자 상해정도,피해운전자 차종,피해운전자 성별,피해운전자 연령,피해운전자 상해정도
2016021800100092,2016년 2월 18일 06시,목요일,전라남도 영암군 삼호읍,경상사고,0,0,2,0,차대차 - 측면충돌,안전운전불이행,결빙,눈,단일로 - 기타,승용,남,36세,경상,승용,남,30세,경상
2016021800100139,2016년 2월 18일 08시,목요일,전라남도 순천시 상사면,중상사고,0,4,0,0,차량단독 - 전도전복,안전운전불이행,건조,맑음,단일로 - 기타,화물,남,19세,중상,,,,
2016021800100140,2016년 2월 18일 08시,목요일,전라남도 광양시 광영동,경상사고,0,0,1,0,차대차 - 측면직각충돌,안전거리미확보,건조,맑음,단일로 - 기타,특수,남,61세,상해없음,승용,남,30세,경상
2016021800100221,2016년 2월 18일 11시,목요일,전라남도 여수시 학동,중상사고,0,1,2,0,차대차 - 추돌,직진우회전진행방해,건조,맑음,교차로 - 교차로안,승용,여,32세,중상,승용,여,37세,경상
2016021800100248,2016년 2월 18일 12시,목요일,전라남도 목포시 용당동,경상사고,0,0,2,0,차대차 - 측면충돌,교차로운행방법위반,건조,맑음,교차로 - 교차로안,기타불명,기타불명,기타불명,기타불명,승용,여,44세,경상
2016021800100249,2016년 2월 18일 12시,목요일,전라남도 함평군 대동면,중상사고,0,1,0,0,차대차 - 추돌,안전거리미확보,건조,맑음,단일로 - 기타,이륜,남,75세,중상,승용,남,40세,상해없음
2016021800100274,2016년 2월 18일 13시,목요일,전라남도 목포시 산정동,경상사고,0,0,3,0,차대차 - 측면직각충돌,안전운전불이행,건조,맑음,단일로 - 기타,승용,여,57세,경상,승용,남,41세,경상
2016021800100275,2016년 2월 18일 13시,목요일,전라남도 순천시 별량면,중상사고,0,1,5,0,차대차 - 추돌,안전운전불이행,건조,맑음,단일로 - 기타,승용,남,81세,상해없음,승용,여,52세,경상
2016021800100292,2016년 2월 18일 14시,목요일,전라남도 여수시 율촌면,경상사고,0,0,2,0,차대차 - 측면직각충돌,중앙선침범,건조,맑음,단일로 - 기타,승용,남,77세,상해없음,화물,남,59세,경상
2016021800100293,2016년 2월 18일 14시,목요일,전라남도 순천시 해룡면,경상사고,0,0,1,0,차대차 - 측면직각충돌,안전운전불이행,건조,맑음,교차로 - 교차로안,승용,여,47세,상해없음,승용,여,32세,경상
2016021800100294,2016년 2월 18일 14시,목요일,전라남도 보성군 벌교읍,경상사고,0,0,1,0,차대차 - 추돌,안전운전불이행,건조,맑음,교차로 - 교차로부근,화물,남,76세,상해없음,승합,여,49세,상해없음
2016021800100323,2016년 2월 18일 15시,목요일,전라남도 목포시 옥암동,부상신고사고,0,0,0,1,차대차 - 측면충돌,안전운전불이행,건조,맑음,교차로 - 교차로부근,이륜,남,19세,부상신고,승용,남,51세,기타불명
2016021800100324,2016년 2월 18일 15시,목요일,전라남도 여수시 학동,중상사고,0,1,0,0,차대사람 - 횡단중,안전운전불이행,건조,맑음,교차로 - 교차로부근,승용,여,53세,상해없음,보행자,남,41세,중상
2016021800100363,2016년 2월 18일 16시,목요일,전라남도 무안군 삼향읍,경상사고,0,0,1,0,차대사람 - 기타,안전운전불이행,건조,맑음,교차로 - 교차로안,승용,여,37세,상해없음,보행자,남,51세,경상
2016021800100364,2016년 2월 18일 16시,목요일,전라남도 광양시 황길동,경상사고,0,0,2,0,차대차 - 측면충돌,직진우회전진행방해,건조,맑음,교차로 - 교차로안,승용,남,57세,경상,특수,남,38세,경상
2016021800100387,2016년 2월 18일 17시,목요일,전라남도 해남군 마산면,경상사고,0,0,1,0,차대차 - 정면충돌,중앙선침범,건조,맑음,단일로 - 기타,승용,여,19세,상해없음,화물,남,33세,경상
2016021800100417,2016년 2월 18일 18시,목요일,전라남도 순천시 연향동,경상사고,0,0,1,0,차대차 - 추돌,교차로운행방법위반,건조,맑음,교차로 - 교차로안,이륜,남,18세,경상,승용,남,55세,상해없음
2016021800100418,2016년 2월 18일 18시,목요일,전라남도 광양시 광양읍,중상사고,0,1,2,0,차대차 - 측면충돌,교차로운행방법위반,건조,맑음,교차로 - 교차로안,승용,여,50세,경상,승용,남,62세,중상
2016021800100459,2016년 2월 18일 19시,목요일,전라남도 무안군 삼향읍,경상사고,0,0,1,0,차대차 - 측면충돌,안전운전불이행,건조,맑음,단일로 - 기타,승용,여,46세,상해없음,승용,남,66세,경상
2016021800100493,2016년 2월 18일 20시,목요일,전라남도 여수시 화장동,경상사고,0,0,4,0,차대차 - 측면직각충돌,교차로운행방법위반,건조,맑음,교차로 - 교차로안,승용,남,48세,기타불명,승용,남,31세,경상
2016021800100494,2016년 2월 18일 20시,목요일,전라남도 무안군 삼향읍,경상사고,0,0,1,0,차대차 - 측면충돌,신호위반,건조,맑음,교차로 - 교차로안,이륜,남,24세,경상,승용,여,42세,상해없음
2016021800100529,2016년 2월 18일 21시,목요일,전라남도 신안군 임자면,중상사고,0,1,1,0,차대사람 - 횡단중,안전운전불이행,건조,맑음,단일로 - 기타,화물,남,33세,상해없음,보행자,남,50세,중상
2016021800100592,2016년 2월 18일 23시,목요일,전라남도 여수시 화장동,중상사고,0,1,0,0,차대사람 - 횡단중,안전운전불이행,건조,맑음,단일로 - 기타,승용,여,27세,상해없음,보행자,여,43세,중상
2016021900100019,2016년 2월 19일 00시,금요일,전라남도 여수시 소라면,중상사고,0,1,0,0,차대차 - 측면직각충돌,안전운전불이행,건조,맑음,교차로 - 교차로안,특수,남,48세,상해없음,승용,남,33세,중상
2016021900100089,2016년 2월 19일 06시,금요일,전라남도 여수시 서교동,경상사고,0,0,2,0,차대차 - 측면직각충돌,신호위반,건조,맑음,교차로 - 교차로안,승용,남,24세,상해없음,승용,남,67세,경상
2016021900100090,2016년 2월 19일 06시,금요일,전라남도 순천시 연향동,사망사고,1,0,0,0,차대차 - 측면충돌,신호위반,건조,맑음,교차로 - 교차로안,이륜,남,66세,사망,승용,여,24세,기타불명
2016021900100165,2016년 2월 19일 09시,금요일,전라남도 여수시 여서동,중상사고,0,1,0,0,차대사람 - 횡단중,안전운전불이행,건조,맑음,교차로 - 교차로안,승용,남,64세,상해없음,보행자,여,86세,중상
2016021900100186,2016년 2월 19일 10시,금요일,전라남도 여수시 시전동,경상사고,0,0,1,1,차대차 - 측면직각충돌,안전운전불이행,건조,맑음,단일로 - 기타,승용,여,50세,부상신고,승용,남,46세,경상
2016021900100187,2016년 2월 19일 10시,금요일,전라남도 나주시 석현동,중상사고,0,1,1,1,차대차 - 측면충돌,신호위반,건조,맑음,교차로 - 교차로안,승용,여,58세,부상신고,승용,여,23세,경상
2016021900100188,2016년 2월 19일 10시,금요일,전라남도 보성군 보성읍,중상사고,0,1,0,0,차대차 - 측면직각충돌,안전운전불이행,건조,맑음,교차로 - 교차로부근,이륜,남,72세,중상,화물,남,28세,상해없음
2016021900100201,2016년 2월 19일 11시,금요일,전라남도 여수시 미평동,경상사고,0,0,2,0,차대차 - 기타,안전운전불이행,건조,맑음,단일로 - 기타,승용,남,69세,상해없음,승합,남,54세,상해없음
2016021900100230,2016년 2월 19일 12시,금요일,전라남도 목포시 상동,경상사고,0,0,2,0,차대차 - 추돌,안전운전불이행,건조,맑음,단일로 - 기타,승용,남,51세,상해없음,승용,남,19세,상해없음
2016021900100231,2016년 2월 19일 12시,금요일,전라남도 담양군 남면,중상사고,0,1,1,0,차량단독 - 공작물충돌,안전운전불이행,건조,맑음,단일로 - 기타,승용,남,74세,상해없음,,,,
2016021900100282,2016년 2월 19일 14시,금요일,전라남도 목포시 죽교동,부상신고사고,0,0,0,1,차대사람 - 횡단중,신호위반,건조,맑음,단일로 - 기타,승용,여,46세,기타불명,보행자,남,33세,부상신고
2016021900100283,2016년 2월 19일 14시,금요일,전라남도 고흥군 점암면,중상사고,0,1,0,0,차대차 - 측면직각충돌,안전운전불이행,건조,맑음,단일로 - 기타,승용,여,56세,상해없음,이륜,남,72세,중상
2016021900100313,2016년 2월 19일 15시,금요일,전라남도 여수시 국동,경상사고,0,0,1,0,차대차 - 추돌,안전운전불이행,건조,맑음,기타 - 기타,승용,남,67세,상해없음,승용,남,45세,상해없음
2016021900100314,2016년 2월 19일 15시,금요일,전라남도 나주시 왕곡면,경상사고,0,0,1,0,차대차 - 측면직각충돌,안전운전불이행,건조,맑음,단일로 - 기타,기타불명,기타불명,기타불명,기타불명,승용,여,18세,상해없음
2016021900100346,2016년 2월 19일 16시,금요일,전라남도 순천시 오천동,경상사고,0,0,3,0,차대차 - 추돌,안전운전불이행,건조,맑음,단일로 - 기타,화물,남,43세,상해없음,승용,남,39세,경상
2016021900100347,2016년 2월 19일 16시,금요일,전라남도 진도군 지산면,경상사고,0,0,1,0,차대차 - 측면직각충돌,안전운전불이행,건조,맑음,단일로 - 기타,화물,여,60세,기타불명,승용,남,49세,경상
2016021900100423,2016년 2월 19일 18시,금요일,전라남도 목포시 산정동,경상사고,0,0,1,0,차대차 - 정면충돌,안전운전불이행,건조,맑음,단일로 - 기타,승용,여,60세,상해없음,승용,여,34세,상해없음
2016021900100424,2016년 2월 19일 18시,금요일,전라남도 순천시 오천동,중상사고,0,1,0,0,차대차 - 추돌,안전운전불이행,건조,맑음,단일로 - 기타,승용,남,34세,상해없음,농기계,여,61세,중상
2016021900100425,2016년 2월 19일 18시,금요일,전라남도 영암군 삼호읍,중상사고,0,1,2,0,차대차 - 측면직각충돌,안전운전불이행,건조,맑음,교차로 - 교차로안,승용,남,51세,상해없음,승용,여,37세,중상
2016021900100506,2016년 2월 19일 20시,금요일,전라남도 순천시 조례동,경상사고,0,0,1,0,차대차 - 기타,안전운전불이행,건조,맑음,단일로 - 기타,화물,남,58세,상해없음,승용,남,29세,경상
2016022000100015,2016년 2월 20일 00시,토요일,전라남도 여수시 둔덕동,경상사고,0,0,2,0,차대차 - 추돌,기타,건조,맑음,교차로 - 교차로부근,화물,남,24세,상해없음,승용,남,48세,경상
2016022000100135,2016년 2월 20일 07시,토요일,전라남도 순천시 서면,경상사고,0,0,2,0,차대차 - 기타,안전운전불이행,건조,맑음,단일로 - 기타,승용,남,63세,경상,승용,남,33세,경상
2016022000100153,2016년 2월 20일 08시,토요일,전라남도 신안군 지도읍,중상사고,0,3,1,0,차대차 - 측면충돌,안전운전불이행,건조,흐림,단일로 - 기타,승용,남,33세,상해없음,승용,남,68세,중상
2016022000100154,2016년 2월 20일 08시,토요일,전라남도 영암군 삼호읍,중상사고,0,1,0,0,차대차 - 측면직각충돌,안전운전불이행,건조,맑음,교차로 - 교차로안,화물,남,41세,상해없음,화물,남,34세,중상
2016022000100155,2016년 2월 20일 08시,토요일,전라남도 영암군 도포면,경상사고,0,0,1,0,차량단독 - 전도전복,안전운전불이행,건조,맑음,기타 - 기타,승용,남,53세,경상,,,,
2016022000100156,2016년 2월 20일 08시,토요일,전라남도 광양시 광양읍,경상사고,0,0,2,0,차대차 - 측면충돌,안전운전불이행,건조,맑음,교차로 - 교차로부근,승용,남,32세,경상,특수,남,33세,경상
2016022000100186,2016년 2월 20일 09시,토요일,전라남도 해남군 계곡면,중상사고,0,1,3,0,차대차 - 정면충돌,안전거리미확보,건조,맑음,단일로 - 기타,승용,남,54세,경상,화물,남,55세,경상
2016022000100206,2016년 2월 20일 10시,토요일,전라남도 순천시 행동,경상사고,0,0,1,0,차대차 - 측면직각충돌,신호위반,건조,맑음,교차로 - 교차로안,화물,남,69세,상해없음,승용,남,61세,경상
2016022000100207,2016년 2월 20일 10시,토요일,전라남도 순천시 해룡면,중상사고,0,1,0,0,차대차 - 측면직각충돌,신호위반,건조,맑음,교차로 - 교차로안,건설기계,남,55세,상해없음,화물,남,51세,중상
2016022000100208,2016년 2월 20일 10시,토요일,전라남도 광양시 금호동,경상사고,0,0,1,0,차대차 - 측면직각충돌,안전거리미확보,건조,맑음,단일로 - 기타,건설기계,남,65세,상해없음,승용,남,53세,경상
2016022000100209,2016년 2월 20일 10시,토요일,전라남도 함평군 엄다면,경상사고,0,0,1,0,차대차 - 기타,안전운전불이행,건조,맑음,기타 - 기타,승용,남,23세,상해없음,승용,남,34세,상해없음
2016022000100266,2016년 2월 20일 12시,토요일,전라남도 영암군 삼호읍,중상사고,0,1,2,0,차대차 - 측면직각충돌,안전운전불이행,건조,맑음,교차로 - 교차로안,건설기계,남,50세,경상,승용,남,25세,경상
2016022000100299,2016년 2월 20일 13시,토요일,전라남도 목포시 용당동,경상사고,0,0,3,0,차대차 - 측면충돌,안전운전불이행,건조,맑음,기타 - 기타,화물,여,68세,기타불명,승용,남,37세,기타불명
2016022000100300,2016년 2월 20일 13시,토요일,전라남도 여수시 여서동,경상사고,0,0,1,0,차대차 - 측면직각충돌,교차로운행방법위반,건조,맑음,교차로 - 교차로안,승용,남,44세,상해없음,원동기,남,65세,경상
2016022000100330,2016년 2월 20일 14시,토요일,전라남도 영광군 영광읍,경상사고,0,0,1,0,차대사람 - 횡단중,안전운전불이행,건조,맑음,단일로 - 기타,승용,남,68세,상해없음,보행자,여,12세,경상
2016022000100357,2016년 2월 20일 15시,토요일,전라남도 여수시 돌산읍,경상사고,0,0,2,0,차대차 - 정면충돌,안전운전불이행,건조,맑음,교차로 - 교차로안,승용,여,58세,상해없음,승용,남,29세,경상
2016022000100401,2016년 2월 20일 16시,토요일,전라남도 화순군 화순읍,경상사고,0,0,1,0,차대차 - 정면충돌,안전운전불이행,건조,맑음,단일로 - 기타,이륜,남,48세,경상,승용,남,37세,기타불명
2016022000100460,2016년 2월 20일 18시,토요일,전라남도 광양시 중동,경상사고,0,0,2,0,차대차 - 측면직각충돌,교차로운행방법위반,건조,맑음,교차로 - 교차로안,화물,남,35세,상해없음,승용,남,70세,경상
2016022000100542,2016년 2월 20일 20시,토요일,전라남도 여수시 학동,경상사고,0,0,2,0,차대차 - 측면충돌,교차로운행방법위반,건조,맑음,교차로 - 교차로안,승용,남,41세,상해없음,승용,남,29세,경상
2016022000100543,2016년 2월 20일 20시,토요일,전라남도 함평군 엄다면,중상사고,0,1,0,0,차대차 - 추돌,안전운전불이행,건조,맑음,단일로 - 기타,승합,남,42세,상해없음,농기계,남,50세,중상
2016022000100544,2016년 2월 20일 20시,토요일,전라남도 담양군 담양읍,중상사고,0,1,0,0,차대차 - 측면충돌,신호위반,건조,맑음,교차로 - 교차로안,승용,남,31세,상해없음,승용,여,40세,중상
2016022000100545,2016년 2월 20일 20시,토요일,전라남도 광양시 광양읍,경상사고,0,0,1,0,차대사람 - 횡단중,안전운전불이행,건조,맑음,교차로 - 교차로안,승용,여,47세,상해없음,보행자,남,19세,경상
2016022000100588,2016년 2월 20일 22시,토요일,전라남도 여수시 문수동,경상사고,0,0,1,0,차대사람 - 길가장자리구역통행중,안전운전불이행,건조,맑음,단일로 - 기타,승용,남,38세,상해없음,보행자,남,50세,경상
2016022000100589,2016년 2월 20일 22시,토요일,전라남도 순천시 조례동,중상사고,0,1,1,0,차대차 - 기타,신호위반,건조,맑음,교차로 - 교차로안,승합,여,57세,상해없음,승용,남,42세,경상
2016022100100015,2016년 2월 21일 00시,일요일,전라남도 영광군 묘량면,중상사고,0,1,1,0,차량단독 - 전도전복,안전운전불이행,습기,맑음,단일로 - 기타,승용,남,34세,중상,,,,
2016022100100072,2016년 2월 21일 05시,일요일,전라남도 순천시 연향동,중상사고,0,1,0,0,차대차 - 추돌,안전운전불이행,건조,맑음,교차로 - 교차로안,승용,남,32세,상해없음,승용,남,28세,중상
2016022100100089,2016년 2월 21일 08시,일요일,전라남도 담양군 담양읍,경상사고,0,0,1,0,차대차 - 측면충돌,신호위반,건조,맑음,교차로 - 교차로안,농기계,남,90세 이상,상해없음,승용,남,29세,경상
2016022100100090,2016년 2월 21일 08시,일요일,전라남도 진도군 진도읍,경상사고,0,0,1,0,차대차 - 정면충돌,중앙선침범,건조,맑음,단일로 - 기타,화물,남,44세,기타불명,화물,남,58세,경상
2016022100100102,2016년 2월 21일 09시,일요일,전라남도 목포시 용당동,경상사고,0,0,1,0,차대차 - 추돌,안전거리미확보,건조,맑음,교차로 - 교차로부근,화물,남,56세,상해없음,화물,남,73세,상해없음
2016022100100103,2016년 2월 21일 09시,일요일,전라남도 나주시 금천면,경상사고,0,0,2,0,차대차 - 추돌,안전운전불이행,건조,맑음,교차로 - 교차로부근,승합,남,55세,상해없음,승용,남,31세,경상
2016022100100104,2016년 2월 21일 09시,일요일,전라남도 영광군 영광읍,중상사고,0,1,1,0,차대차 - 측면충돌,교차로운행방법위반,건조,맑음,교차로 - 교차로안,승용,남,64세,상해없음,화물,남,50세,경상
2016022100100129,2016년 2월 21일 10시,일요일,전라남도 여수시 중앙동,중상사고,0,1,0,0,차대사람 - 횡단중,안전운전불이행,건조,맑음,단일로 - 횡단보도상,승용,여,63세,상해없음,보행자,여,21세,중상
2016022100100130,2016년 2월 21일 10시,일요일,전라남도 강진군 강진읍,중상사고,0,2,0,0,차대차 - 기타,직진우회전진행방해,건조,맑음,교차로 - 교차로안,화물,남,47세,상해없음,화물,남,74세,중상
2016022100100131,2016년 2월 21일 10시,일요일,전라남도 광양시 광양읍,중상사고,0,1,0,0,차대차 - 기타,안전운전불이행,건조,맑음,단일로 - 기타,승합,남,45세,기타불명,승용,남,24세,중상
2016022100100157,2016년 2월 21일 11시,일요일,전라남도 목포시 옥암동,중상사고,0,1,1,0,차대차 - 추돌,안전거리미확보,건조,맑음,교차로 - 교차로안,승용,남,41세,상해없음,승용,남,50세,상해없음
2016022100100158,2016년 2월 21일 11시,일요일,전라남도 순천시 인제동,경상사고,0,0,1,0,차대차 - 기타,안전운전불이행,건조,맑음,교차로 - 교차로부근,승용,여,22세,상해없음,승용,남,68세,상해없음
2016022100100159,2016년 2월 21일 11시,일요일,전라남도 장흥군 관산읍,사망사고,1,0,0,0,차량단독 - 전도전복,안전운전불이행,건조,맑음,단일로 - 기타,농기계,남,85세,사망,,,,
2016022100100171,2016년 2월 21일 12시,일요일,전라남도 여수시 학동,중상사고,0,1,1,0,차대차 - 추돌,안전운전불이행,건조,맑음,교차로 - 교차로부근,승용,남,19세,경상,승용,남,41세,중상
2016022100100172,2016년 2월 21일 12시,일요일,전라남도 광양시 광양읍,경상사고,0,0,1,0,차대차 - 추돌,안전운전불이행,건조,맑음,단일로 - 기타,화물,남,42세,상해없음,승합,여,57세,경상
2016022100100200,2016년 2월 21일 13시,일요일,전라남도 목포시 용해동,경상사고,0,0,2,0,차대차 - 정면충돌,안전거리미확보,건조,맑음,단일로 - 기타,승용,남,44세,상해없음,승용,남,23세,경상
2016022100100201,2016년 2월 21일 13시,일요일,전라남도 강진군 강진읍,부상신고사고,0,0,0,1,차대차 - 기타,교차로운행방법위반,건조,맑음,교차로 - 교차로안,화물,남,64세,부상신고,화물,남,58세,상해없음
2016022100100250,2016년 2월 21일 15시,일요일,전라남도 무안군 현경면,경상사고,0,0,2,0,차대차 - 측면직각충돌,교차로운행방법위반,건조,맑음,교차로 - 교차로안,승용,남,64세,상해없음,승용,남,46세,경상
2016022100100278,2016년 2월 21일 16시,일요일,전라남도 순천시 황전면,중상사고,0,1,1,0,차량단독 - 도로외이탈 - 기타,안전운전불이행,건조,맑음,단일로 - 기타,승용,여,61세,경상,,,,
2016022100100279,2016년 2월 21일 16시,일요일,전라남도 고흥군 포두면,중상사고,0,1,0,0,차대차 - 측면직각충돌,교차로운행방법위반,건조,맑음,교차로 - 교차로안,이륜,남,68세,중상,승용,남,35세,상해없음
2016022100100302,2016년 2월 21일 17시,일요일,전라남도 광양시 광양읍,경상사고,0,0,2,0,차대차 - 측면충돌,교차로운행방법위반,건조,맑음,교차로 - 교차로안,승용,여,32세,상해없음,승용,남,25세,경상
2016022100100334,2016년 2월 21일 18시,일요일,전라남도 목포시 용당동,경상사고,0,0,1,0,차대사람 - 횡단중,안전운전불이행,건조,맑음,교차로 - 교차로안,승용,남,40세,상해없음,보행자,남,45세,경상
2016022100100335,2016년 2월 21일 18시,일요일,전라남도 광양시 중동,경상사고,0,0,1,0,차대차 - 측면충돌,직진우회전진행방해,건조,맑음,교차로 - 교차로안,승용,여,40세,상해없음,원동기,남,24세,경상
2016022100100365,2016년 2월 21일 19시,일요일,전라남도 순천시 조례동,사망사고,1,0,0,0,차대사람 - 횡단중,안전운전불이행,건조,맑음,단일로 - 기타,승용,여,42세,상해없음,보행자,남,64세,사망
2016022100100423,2016년 2월 21일 21시,일요일,전라남도 영광군 백수읍,중상사고,0,1,0,0,차대차 - 정면충돌,중앙선침범,건조,맑음,단일로 - 기타,승용,남,58세,상해없음,승용,남,19세,중상
2016022100100437,2016년 2월 21일 22시,일요일,전라남도 목포시 산정동,중상사고,0,1,0,0,차대차 - 측면충돌,안전운전불이행,건조,맑음,단일로 - 기타,승용,남,41세,상해없음,승용,여,40세,중상
2016022100100438,2016년 2월 21일 22시,일요일,전라남도 고흥군 도양읍,중상사고,0,1,0,0,차량단독 - 기타,안전운전불이행,건조,맑음,단일로 - 기타,이륜,남,59세,기타불명,,,,
2016022200100025,2016년 2월 22일 04시,월요일,전라남도 순천시 해룡면,중상사고,0,1,0,0,차대차 - 기타,안전운전불이행,건조,맑음,교차로 - 교차로안,승용,여,57세,상해없음,원동기,남,16세,중상
2016022200100085,2016년 2월 22일 08시,월요일,전라남도 나주시 성북동,경상사고,0,0,1,1,차대차 - 측면직각충돌,교차로운행방법위반,건조,맑음,교차로 - 교차로안,화물,남,53세,부상신고,승용,남,39세,경상
2016022200100086,2016년 2월 22일 08시,월요일,전라남도 영암군 삼호읍,중상사고,0,1,0,0,차대사람 - 횡단중,안전운전불이행,건조,맑음,교차로 - 교차로안,승용,남,50세,기타불명,보행자,여,81세,중상
2016022200100138,2016년 2월 22일 10시,월요일,전라남도 광양시 광양읍,경상사고,0,0,3,0,차대차 - 추돌,안전운전불이행,건조,맑음,단일로 - 횡단보도부근,건설기계,남,27세,상해없음,승용,남,46세,경상
2016022200100156,2016년 2월 22일 11시,월요일,전라남도 목포시 상동,경상사고,0,0,1,1,차대차 - 측면충돌,안전운전불이행,건조,맑음,단일로 - 기타,승용,남,56세,부상신고,승용,남,39세,경상
2016022200100195,2016년 2월 22일 13시,월요일,전라남도 목포시 옥암동,경상사고,0,0,4,0,차대차 - 측면직각충돌,직진우회전진행방해,건조,맑음,단일로 - 기타,승용,남,41세,경상,승용,남,34세,경상
2016022200100226,2016년 2월 22일 14시,월요일,전라남도 무안군 무안읍,경상사고,0,0,1,0,차대차 - 측면직각충돌,교차로운행방법위반,건조,맑음,교차로 - 교차로안,승합,남,60세,상해없음,승용,남,72세,상해없음
2016022200100247,2016년 2월 22일 15시,월요일,전라남도 순천시 동외동,부상신고사고,0,0,0,1,차대차 - 기타,차로위반,건조,맑음,단일로 - 기타,승용,여,38세,부상신고,승용,남,71세,상해없음
2016022200100267,2016년 2월 22일 16시,월요일,전라남도 강진군 칠량면,경상사고,0,0,1,1,차량단독 - 전도전복,안전운전불이행,건조,맑음,단일로 - 기타,화물,남,23세,부상신고,,,,
2016022200100326,2016년 2월 22일 18시,월요일,전라남도 목포시 상동,부상신고사고,0,0,0,1,차대차 - 측면충돌,직진우회전진행방해,건조,맑음,교차로 - 교차로안,승용,남,18세,부상신고,승용,남,23세,상해없음
2016022200100327,2016년 2월 22일 18시,월요일,전라남도 여수시 신월동,경상사고,0,0,1,0,차대차 - 추돌,안전운전불이행,건조,흐림,단일로 - 기타,승용,남,44세,상해없음,승용,여,41세,경상
2016022200100328,2016년 2월 22일 18시,월요일,전라남도 고흥군 포두면,경상사고,0,0,1,0,차대차 - 추돌,안전운전불이행,습기,비,단일로 - 기타,승용,남,26세,상해없음,승용,남,49세,상해없음
2016022200100329,2016년 2월 22일 18시,월요일,전라남도 영광군 영광읍,중상사고,0,1,1,0,차대차 - 추돌,안전운전불이행,건조,맑음,단일로 - 기타,화물,남,60세,경상,승용,여,58세,중상
2016022200100371,2016년 2월 22일 19시,월요일,전라남도 여수시 학동,경상사고,0,0,2,0,차대차 - 측면직각충돌,차로위반,건조,맑음,교차로 - 교차로안,승용,여,41세,상해없음,승용,남,31세,경상
2016022200100372,2016년 2월 22일 19시,월요일,전라남도 고흥군 포두면,경상사고,0,0,1,0,차대차 - 측면충돌,중앙선침범,습기,비,단일로 - 기타,화물,남,41세,상해없음,승용,남,57세,경상
2016022200100430,2016년 2월 22일 22시,월요일,전라남도 장흥군 장흥읍,경상사고,0,0,1,0,차대차 - 측면직각충돌,교차로운행방법위반,건조,맑음,교차로 - 교차로안,승용,남,21세,상해없음,자전거,여,48세,경상
2016022200100431,2016년 2월 22일 22시,월요일,전라남도 고흥군 고흥읍,중상사고,0,1,0,0,차대사람 - 횡단중,안전운전불이행,습기,비,단일로 - 횡단보도부근,화물,남,53세,상해없음,보행자,남,55세,중상
2016022200100432,2016년 2월 22일 22시,월요일,전라남도 광양시 중동,경상사고,0,0,1,0,차대차 - 기타,안전운전불이행,건조,흐림,교차로 - 교차로안,이륜,남,16세,경상,화물,남,43세,상해없음
2016022300100015,2016년 2월 23일 00시,화요일,전라남도 여수시 학동,경상사고,0,0,3,0,차대차 - 측면직각충돌,교차로운행방법위반,건조,맑음,교차로 - 교차로안,승용,남,42세,상해없음,승용,남,43세,경상
2016022300100090,2016년 2월 23일 07시,화요일,전라남도 장흥군 회진면,경상사고,0,0,1,0,차량단독 - 전도전복,안전운전불이행,기타,맑음,단일로 - 기타,화물,남,36세,경상,,,,
2016022300100091,2016년 2월 23일 07시,화요일,전라남도 해남군 문내면,중상사고,0,1,1,0,차량단독 - 전도전복,안전운전불이행,건조,맑음,단일로 - 기타,화물,남,53세,경상,,,,
2016022300100124,2016년 2월 23일 08시,화요일,전라남도 목포시 산정동,경상사고,0,0,1,0,차대사람 - 횡단중,안전운전불이행,건조,맑음,단일로 - 기타,승용,여,59세,상해없음,보행자,여,78세,경상
2016022300100143,2016년 2월 23일 09시,화요일,전라남도 나주시 빛가람동,경상사고,0,0,2,0,차대차 - 측면충돌,신호위반,건조,맑음,교차로 - 교차로안,승합,남,66세,상해없음,화물,남,25세,경상
2016022300100169,2016년 2월 23일 10시,화요일,전라남도 순천시 동외동,중상사고,0,1,0,0,차대사람 - 횡단중,보행자보호의무위반,건조,맑음,단일로 - 횡단보도상,승용,여,45세,상해없음,보행자,남,65세,중상
2016022300100170,2016년 2월 23일 10시,화요일,전라남도 나주시 금계동,경상사고,0,0,1,0,차대차 - 측면충돌,직진우회전진행방해,건조,맑음,교차로 - 교차로안,승용,남,69세,상해없음,승용,남,61세,경상
2016022300100192,2016년 2월 23일 11시,화요일,전라남도 보성군 벌교읍,중상사고,0,1,0,1,차량단독 - 공작물충돌,안전운전불이행,건조,맑음,단일로 - 기타,승용,남,61세,부상신고,,,,
2016022300100247,2016년 2월 23일 13시,화요일,전라남도 목포시 산정동,경상사고,0,0,4,1,차대차 - 추돌,안전운전불이행,건조,맑음,단일로 - 기타,승용,여,27세,부상신고,승용,남,40세,경상
2016022300100248,2016년 2월 23일 13시,화요일,전라남도 곡성군 곡성읍,경상사고,0,0,3,0,차대차 - 정면충돌,안전운전불이행,건조,맑음,단일로 - 기타,승용,남,87세,경상,승용,남,43세,경상
2016022300100274,2016년 2월 23일 14시,화요일,전라남도 장흥군 관산읍,중상사고,0,2,0,0,차대차 - 정면충돌,중앙선침범,건조,맑음,단일로 - 기타,화물,남,46세,상해없음,승용,남,73세,중상