사고번호,사고일시,요일,시군구,사고내용,사망자수,중상자수,경상자수,부상신고자수,사고유형,법규위반,노면상태,기상상태,도로형태,가해운전자 차종,가해운전자 성별,가해운전자 연령,가해운전자 상해정도,피해운전자 차종,피해운전자 성별,피해운전자 연령,피해운전자 상해정도
2016022900100179,2016년 2월 29일 12시,월요일,전라남도 나주시 왕곡면,경상사고,0,0,2,0,차대차 - 기타,신호위반,건조,흐림,교차로 - 교차로안,승용,여,45세,상해없음,화물,남,39세,상해없음
2016022900100263,2016년 2월 29일 14시,월요일,전라남도 순천시 연향동,경상사고,0,0,2,0,차대차 - 추돌,안전운전불이행,건조,맑음,기타 - 기타,승용,여,36세,상해없음,승용,여,29세,경상
2016022900100290,2016년 2월 29일 15시,월요일,전라남도 완도군 노화읍,사망사고,1,1,0,0,차량단독 - 공작물충돌,안전운전불이행,건조,맑음,단일로 - 기타,승용,남,58세,중상,,,,
2016022900100291,2016년 2월 29일 15시,월요일,전라남도 광양시 중동,경상사고,0,0,1,0,차대차 - 측면충돌,교차로운행방법위반,건조,맑음,단일로 - 기타,승용,남,50세,상해없음,승용,남,38세,경상
2016022900100322,2016년 2월 29일 16시,월요일,전라남도 목포시 산정동,경상사고,0,0,2,0,차대차 - 측면충돌,중앙선침범,건조,맑음,단일로 - 기타,승용,남,22세,상해없음,승용,남,52세,경상
2016022900100323,2016년 2월 29일 16시,월요일,전라남도 목포시 호남동,경상사고,0,0,1,0,차대사람 - 횡단중,안전운전불이행,건조,맑음,단일로 - 기타,승용,여,45세,기타불명,보행자,남,39세,경상
2016022900100324,2016년 2월 29일 16시,월요일,전라남도 순천시 조례동,중상사고,0,1,1,0,차대차 - 추돌,안전거리미확보,습기,흐림,단일로 - 기타,승용,여,43세,중상,승용,남,30세,상해없음
2016022900100325,2016년 2월 29일 16시,월요일,전라남도 화순군 춘양면,경상사고,0,0,2,0,차대차 - 추돌,안전거리미확보,결빙,눈,단일로 - 터널,승용,남,31세,상해없음,승용,남,52세,경상
2016022900100326,2016년 2월 29일 16시,월요일,전라남도 화순군 춘양면,중상사고,0,1,0,0,차량단독 - 전도전복,안전운전불이행,결빙,눈,단일로 - 터널,승용,남,35세,중상,,,,
2016022900100360,2016년 2월 29일 17시,월요일,전라남도 고흥군 고흥읍,중상사고,0,1,0,0,차대사람 - 횡단중,안전운전불이행,건조,맑음,교차로 - 교차로안,승용,남,45세,상해없음,보행자,여,52세,중상
2016022900100361,2016년 2월 29일 17시,월요일,전라남도 영암군 영암읍,경상사고,0,0,1,0,차대차 - 측면직각충돌,직진우회전진행방해,습기,눈,교차로 - 교차로안,화물,남,47세,상해없음,화물,남,36세,경상
2016022900100397,2016년 2월 29일 18시,월요일,전라남도 여수시 신기동,경상사고,0,0,1,0,차대사람 - 횡단중,안전운전불이행,건조,맑음,단일로 - 기타,승용,여,41세,상해없음,보행자,여,18세,경상
2016022900100398,2016년 2월 29일 18시,월요일,전라남도 장성군 북하면,경상사고,0,0,2,0,차량단독 - 전도전복,안전운전불이행,결빙,눈,단일로 - 기타,승합,남,60세,상해없음,,,,
2016022900100509,2016년 2월 29일 21시,월요일,전라남도 나주시 산포면,경상사고,0,0,2,0,차대차 - 추돌,안전거리미확보,결빙,눈,단일로 - 기타,승용,남,45세,상해없음,승용,남,29세,경상
2016022900100584,2016년 2월 29일 23시,월요일,전라남도 광양시 광영동,중상사고,0,1,0,0,차대사람 - 횡단중,안전운전불이행,건조,맑음,단일로 - 기타,승용,남,63세,상해없음,보행자,남,41세,중상
2016030100100015,2016년 3월 1일 00시,화요일,전라남도 장흥군 관산읍,경상사고,0,0,1,0,차대차 - 정면충돌,안전운전불이행,습기,눈,단일로 - 기타,승용,남,38세,경상,승용,여,35세,기타불명
2016030100100116,2016년 3월 1일 05시,화요일,전라남도 여수시 봉산동,중상사고,0,1,0,0,차대차 - 정면충돌,교차로운행방법위반,건조,맑음,교차로 - 교차로안,승용,남,51세,상해없음,원동기,남,52세,중상
2016030100100158,2016년 3월 1일 08시,화요일,전라남도 광양시 중동,중상사고,0,1,1,0,차대차 - 측면충돌,신호위반,건조,맑음,교차로 - 교차로안,화물,남,40세,상해없음,화물,남,66세,중상
2016030100100194,2016년 3월 1일 10시,화요일,전라남도 목포시 상동,경상사고,0,0,2,0,차대차 - 추돌,안전운전불이행,건조,맑음,단일로 - 기타,승용,남,41세,상해없음,승용,남,55세,경상
2016030100100195,2016년 3월 1일 10시,화요일,전라남도 순천시 덕암동,중상사고,0,1,0,0,차대차 - 측면충돌,교차로운행방법위반,건조,맑음,교차로 - 교차로안,승용,여,57세,상해없음,이륜,남,36세,중상
2016030100100208,2016년 3월 1일 11시,화요일,전라남도 고흥군 고흥읍,중상사고,0,1,1,0,차대차 - 추돌,안전운전불이행,건조,맑음,단일로 - 기타,승용,남,64세,상해없음,승용,여,63세,경상
2016030100100226,2016년 3월 1일 12시,화요일,전라남도 여수시 여서동,경상사고,0,0,2,0,차대차 - 측면충돌,안전거리미확보,건조,맑음,단일로 - 기타,승용,남,51세,상해없음,승용,여,43세,경상
2016030100100256,2016년 3월 1일 13시,화요일,전라남도 담양군 수북면,경상사고,0,0,3,0,차대차 - 측면충돌,신호위반,건조,맑음,교차로 - 교차로안,화물,여,41세,경상,승용,여,51세,경상
2016030100100276,2016년 3월 1일 14시,화요일,전라남도 여수시 미평동,중상사고,0,1,0,0,차대사람 - 횡단중,보행자보호의무위반,건조,맑음,교차로 - 교차로안,승용,남,51세,상해없음,보행자,여,25세,중상
2016030100100299,2016년 3월 1일 15시,화요일,전라남도 보성군 노동면,부상신고사고,0,0,0,1,차대차 - 기타,안전운전불이행,건조,맑음,단일로 - 기타,화물,여,52세,부상신고,승용,남,36세,상해없음
2016030100100334,2016년 3월 1일 16시,화요일,전라남도 함평군 함평읍,경상사고,0,0,1,0,차대차 - 기타,기타,건조,맑음,교차로 - 교차로안,승용,여,58세,경상,승용,남,59세,상해없음
2016030100100366,2016년 3월 1일 17시,화요일,전라남도 고흥군 도양읍,중상사고,0,2,1,0,차대차 - 정면충돌,교차로운행방법위반,건조,맑음,교차로 - 교차로안,화물,남,27세,경상,승용,남,57세,중상
2016030100100399,2016년 3월 1일 18시,화요일,전라남도 목포시 상동,경상사고,0,0,1,0,차대차 - 측면충돌,신호위반,건조,맑음,교차로 - 교차로안,승용,남,68세,상해없음,이륜,남,26세,경상
2016030100100441,2016년 3월 1일 19시,화요일,전라남도 해남군 황산면,경상사고,0,0,3,0,차대차 - 정면충돌,안전운전불이행,건조,맑음,단일로 - 기타,화물,남,73세,상해없음,화물,남,50세,경상
2016030100100471,2016년 3월 1일 20시,화요일,전라남도 목포시 중앙동2가,경상사고,0,0,2,0,차대차 - 측면충돌,안전운전불이행,건조,맑음,교차로 - 교차로안,승용,여,41세,경상,승용,여,29세,경상
2016030100100472,2016년 3월 1일 20시,화요일,전라남도 고흥군 풍양면,중상사고,0,1,0,0,차대차 - 추돌,안전운전불이행,건조,맑음,단일로 - 기타,승용,남,45세,상해없음,승용,남,27세,상해없음
2016030100100491,2016년 3월 1일 21시,화요일,전라남도 순천시 해룡면,경상사고,0,0,1,0,차대차 - 측면직각충돌,직진우회전진행방해,건조,맑음,교차로 - 교차로안,승용,남,40세,경상,승용,남,50세,상해없음
2016030100100492,2016년 3월 1일 21시,화요일,전라남도 나주시 송월동,경상사고,0,0,5,0,차대차 - 측면직각충돌,과속,건조,맑음,교차로 - 교차로안,승용,남,63세,경상,승용,여,35세,경상
2016030100100526,2016년 3월 1일 23시,화요일,전라남도 나주시 산포면,사망사고,1,0,2,0,차대차 - 추돌,안전운전불이행,건조,맑음,단일로 - 기타,승용,남,42세,사망,화물,남,60세,경상
2016030100100527,2016년 3월 1일 23시,화요일,전라남도 영암군 영암읍,경상사고,0,0,1,1,차대차 - 추돌,안전운전불이행,건조,맑음,단일로 - 기타,화물,남,49세,부상신고,승용,남,58세,경상
2016030200100030,2016년 3월 2일 04시,수요일,전라남도 무안군 삼향읍,중상사고,0,1,0,0,차량단독 - 전도전복,안전운전불이행,습기,흐림,단일로 - 기타,승용,남,28세,중상,,,,
2016030200100050,2016년 3월 2일 06시,수요일,전라남도 순천시 조곡동,중상사고,0,1,0,0,차대차 - 추돌,안전운전불이행,건조,맑음,교차로 - 교차로부근,승용,남,62세,상해없음,자전거,남,70세,중상
2016030200100051,2016년 3월 2일 06시,수요일,전라남도 보성군 보성읍,부상신고사고,0,0,0,1,차대차 - 측면직각충돌,안전운전불이행,건조,맑음,교차로 - 교차로안,승합,남,38세,부상신고,승합,남,21세,상해없음
2016030200100052,2016년 3월 2일 06시,수요일,전라남도 영암군 학산면,사망사고,1,0,0,0,차대사람 - 횡단중,신호위반,건조,맑음,교차로 - 교차로안,승용,남,45세,상해없음,보행자,여,77세,사망
2016030200100072,2016년 3월 2일 07시,수요일,전라남도 강진군 강진읍,경상사고,0,0,1,0,차대차 - 측면직각충돌,직진우회전진행방해,건조,맑음,교차로 - 교차로안,승용,남,34세,상해없음,화물,남,57세,경상
2016030200100073,2016년 3월 2일 07시,수요일,전라남도 완도군 고금면,경상사고,0,0,1,0,차대차 - 정면충돌,중앙선침범,건조,맑음,단일로 - 기타,승용,남,57세,상해없음,화물,남,66세,경상
2016030200100111,2016년 3월 2일 08시,수요일,전라남도 여수시 군자동,부상신고사고,0,0,0,1,차대사람 - 횡단중,보행자보호의무위반,건조,맑음,단일로 - 기타,승용,남,61세,상해없음,보행자,여,16세,부상신고
2016030200100112,2016년 3월 2일 08시,수요일,전라남도 순천시 해룡면,경상사고,0,0,1,0,차대차 - 측면충돌,직진우회전진행방해,건조,맑음,교차로 - 교차로안,승용,여,43세,상해없음,승용,남,38세,경상
2016030200100113,2016년 3월 2일 08시,수요일,전라남도 고흥군 도양읍,경상사고,0,0,2,0,차대차 - 측면직각충돌,안전운전불이행,건조,맑음,교차로 - 교차로안,이륜,남,84세,경상,승용,남,31세,경상
2016030200100141,2016년 3월 2일 09시,수요일,전라남도 해남군 해남읍,경상사고,0,0,1,0,차대차 - 정면충돌,안전운전불이행,건조,맑음,교차로 - 교차로부근,화물,남,49세,경상,화물,남,46세,상해없음
2016030200100168,2016년 3월 2일 10시,수요일,전라남도 해남군 송지면,경상사고,0,0,2,0,차대차 - 측면직각충돌,안전운전불이행,건조,맑음,단일로 - 기타,화물,남,54세,상해없음,승용,남,32세,경상
2016030200100192,2016년 3월 2일 11시,수요일,전라남도 영암군 삼호읍,경상사고,0,0,1,1,차대차 - 측면직각충돌,직진우회전진행방해,건조,맑음,교차로 - 교차로안,승용,남,37세,부상신고,건설기계,남,52세,경상
2016030200100225,2016년 3월 2일 12시,수요일,전라남도 목포시 용당동,경상사고,0,0,1,0,차대차 - 기타,불법유턴,건조,맑음,교차로 - 교차로부근,원동기,남,23세,상해없음,승용,남,62세,상해없음
2016030200100226,2016년 3월 2일 12시,수요일,전라남도 여수시 여서동,경상사고,0,0,2,0,차대차 - 측면충돌,교차로운행방법위반,건조,맑음,교차로 - 교차로안,승용,남,39세,경상,승용,여,60세,경상
2016030200100227,2016년 3월 2일 12시,수요일,전라남도 고흥군 과역면,경상사고,0,0,1,0,차대차 - 측면직각충돌,교차로운행방법위반,건조,맑음,교차로 - 교차로안,특수,남,46세,상해없음,이륜,남,43세,경상
2016030200100228,2016년 3월 2일 12시,수요일,전라남도 고흥군 대서면,중상사고,0,1,0,0,차대차 - 측면충돌,안전운전불이행,건조,맑음,단일로 - 기타,화물,남,81세,상해없음,이륜,남,89세,중상
2016030200100229,2016년 3월 2일 12시,수요일,전라남도 보성군 득량면,부상신고사고,0,0,0,1,차량단독 - 공작물충돌,안전운전불이행,건조,맑음,단일로 - 기타,승용,여,55세,부상신고,,,,
2016030200100278,2016년 3월 2일 14시,수요일,전라남도 목포시 산정동,경상사고,0,0,1,0,차대사람 - 횡단중,보행자보호의무위반,건조,맑음,단일로 - 기타,승용,남,70세,상해없음,보행자,남,8세,경상
2016030200100279,2016년 3월 2일 14시,수요일,전라남도 여수시 교동,중상사고,0,1,0,0,차대사람 - 횡단중,안전운전불이행,건조,맑음,단일로 - 기타,승용,남,34세,상해없음,보행자,여,78세,중상
2016030200100280,2016년 3월 2일 14시,수요일,전라남도 여수시 선원동,경상사고,0,0,1,0,차대차 - 측면충돌,차로위반,건조,맑음,단일로 - 기타,승용,남,26세,상해없음,승용,여,55세,경상
2016030200100281,2016년 3월 2일 14시,수요일,전라남도 순천시 해룡면,경상사고,0,0,2,0,차대차 - 측면직각충돌,안전운전불이행,건조,맑음,교차로 - 교차로안,승용,여,46세,경상,화물,남,48세,경상
2016030200100282,2016년 3월 2일 14시,수요일,전라남도 순천시 낙안면,경상사고,0,0,4,0,차대차 - 추돌,안전운전불이행,건조,맑음,단일로 - 기타,화물,남,49세,기타불명,승용,여,56세,경상
2016030200100283,2016년 3월 2일 14시,수요일,전라남도 순천시 연향동,부상신고사고,0,0,0,1,차대차 - 기타,안전운전불이행,건조,맑음,단일로 - 기타,이륜,남,46세,부상신고,승용,남,28세,상해없음
2016030200100347,2016년 3월 2일 16시,수요일,전라남도 영암군 군서면,경상사고,0,0,1,0,차대차 - 추돌,안전운전불이행,건조,맑음,단일로 - 기타,화물,남,35세,상해없음,농기계,남,81세,경상
2016030200100364,2016년 3월 2일 17시,수요일,전라남도 여수시 학동,경상사고,0,0,1,0,차대차 - 측면충돌,불법유턴,건조,맑음,단일로 - 기타,이륜,남,17세,경상,승용,남,42세,상해없음
2016030200100401,2016년 3월 2일 18시,수요일,전라남도 순천시 해룡면,중상사고,0,1,0,0,차대사람 - 횡단중,안전운전불이행,건조,맑음,교차로 - 교차로부근,승용,여,45세,상해없음,보행자,여,7세,중상
2016030200100449,2016년 3월 2일 19시,수요일,전라남도 목포시 상동,중상사고,0,1,0,0,차대차 - 정면충돌,안전운전불이행,건조,맑음,단일로 - 기타,승용,남,51세,상해없음,이륜,남,17세,중상
2016030200100450,2016년 3월 2일 19시,수요일,전라남도 광양시 광양읍,중상사고,0,1,0,0,차대차 - 추돌,안전운전불이행,건조,맑음,단일로 - 기타,승용,여,27세,상해없음,농기계,남,67세,중상
2016030200100477,2016년 3월 2일 20시,수요일,전라남도 영암군 삼호읍,중상사고,0,1,0,0,차대사람 - 횡단중,안전운전불이행,습기,비,교차로 - 교차로부근,승용,기타불명,기타불명,기타불명,보행자,여,21세,중상
2016030200100478,2016년 3월 2일 20시,수요일,전라남도 광양시 성황동,경상사고,0,0,4,0,차대차 - 추돌,안전운전불이행,건조,맑음,교차로 - 교차로부근,승용,여,47세,경상,승용,여,44세,경상
2016030200100533,2016년 3월 2일 22시,수요일,전라남도 여수시 소라면,중상사고,0,1,1,0,차대사람 - 길가장자리구역통행중,안전운전불이행,건조,맑음,단일로 - 기타,승용,여,40세,상해없음,보행자,남,37세,중상
2016030200100562,2016년 3월 2일 23시,수요일,전라남도 순천시 풍덕동,중상사고,0,1,0,0,차대차 - 측면충돌,교차로운행방법위반,건조,맑음,교차로 - 교차로안,승용,남,23세,상해없음,원동기,남,18세,중상
2016030300100092,2016년 3월 3일 07시,목요일,전라남도 영암군 삼호읍,중상사고,0,1,0,0,차대차 - 측면직각충돌,중앙선침범,건조,맑음,단일로 - 기타,승용,남,43세,상해없음,자전거,여,34세,중상
2016030300100120,2016년 3월 3일 08시,목요일,전라남도 해남군 마산면,경상사고,0,0,3,0,차대차 - 기타,중앙선침범,습기,비,단일로 - 기타,승용,여,53세,경상,승용,남,66세,경상
2016030300100155,2016년 3월 3일 09시,목요일,전라남도 장흥군 장흥읍,경상사고,0,0,1,0,차대사람 - 횡단중,안전운전불이행,건조,맑음,교차로 - 교차로안,승용,남,68세,상해없음,보행자,여,55세,경상
2016030300100156,2016년 3월 3일 09시,목요일,전라남도 진도군 의신면,경상사고,0,0,2,0,차대차 - 측면직각충돌,중앙선침범,건조,맑음,단일로 - 기타,화물,남,73세,상해없음,승용,여,54세,경상
2016030300100178,2016년 3월 3일 10시,목요일,전라남도 나주시 왕곡면,경상사고,0,0,4,0,차대차 - 측면직각충돌,신호위반,건조,맑음,교차로 - 교차로안,승용,여,61세,경상,승용,여,44세,경상
2016030300100179,2016년 3월 3일 10시,목요일,전라남도 장흥군 장흥읍,중상사고,0,1,0,0,차대사람 - 횡단중,안전운전불이행,건조,맑음,단일로 - 기타,원동기,남,21세,상해없음,보행자,여,69세,중상
2016030300100203,2016년 3월 3일 11시,목요일,전라남도 순천시 서면,중상사고,0,1,0,1,차대차 - 추돌,안전운전불이행,건조,맑음,교차로 - 교차로부근,승용,남,49세,부상신고,승용,여,54세,중상
2016030300100204,2016년 3월 3일 11시,목요일,전라남도 완도군 고금면,중상사고,0,1,0,0,차대사람 - 길가장자리구역통행중,안전운전불이행,건조,맑음,단일로 - 기타,승용,남,65세,상해없음,보행자,남,77세,중상
2016030300100246,2016년 3월 3일 13시,목요일,전라남도 여수시 미평동,중상사고,0,1,0,0,차대사람 - 횡단중,안전운전불이행,건조,맑음,단일로 - 기타,원동기,남,69세,상해없음,보행자,여,73세,중상
2016030300100247,2016년 3월 3일 13시,목요일,전라남도 순천시 해룡면,중상사고,0,1,0,0,차대차 - 기타,안전운전불이행,건조,맑음,단일로 - 기타,자전거,남,74세,중상,화물,남,35세,상해없음
2016030300100307,2016년 3월 3일 15시,목요일,전라남도 나주시 봉황면,사망사고,1,0,0,0,차량단독 - 공작물충돌,안전운전불이행,건조,맑음,단일로 - 기타,화물,남,45세,사망,,,,
2016030300100308,2016년 3월 3일 15시,목요일,전라남도 고흥군 고흥읍,경상사고,0,0,1,0,차대차 - 정면충돌,안전운전불이행,건조,맑음,단일로 - 기타,승용,남,73세,상해없음,승용,남,29세,경상
2016030300100366,2016년 3월 3일 17시,목요일,전라남도 목포시 석현동,경상사고,0,0,4,0,차대차 - 추돌,안전운전불이행,건조,맑음,교차로 - 교차로부근,승용,남,43세,상해없음,승용,여,45세,경상
2016030300100417,2016년 3월 3일 18시,목요일,전라남도 여수시 여서동,중상사고,0,1,0,0,차대차 - 측면직각충돌,교차로운행방법위반,건조,맑음,교차로 - 교차로안,승용,남,68세,상해없음,이륜,남,69세,중상
2016030300100418,2016년 3월 3일 18시,목요일,전라남도 강진군 강진읍,경상사고,0,0,2,1,차대차 - 측면충돌,기타,건조,맑음,교차로 - 교차로안,승용,남,38세,상해없음,승용,남,60세,상해없음
2016030300100468,2016년 3월 3일 19시,목요일,전라남도 목포시 용당동,경상사고,0,0,1,0,차대차 - 기타,중앙선침범,건조,맑음,단일로 - 기타,승용,남,44세,기타불명,화물,남,39세,경상
2016030300100469,2016년 3월 3일 19시,목요일,전라남도 고흥군 대서면,중상사고,0,1,0,0,차량단독 - 전도전복,안전운전불이행,건조,맑음,단일로 - 기타,승용,여,30세,중상,,,,
2016030300100470,2016년 3월 3일 19시,목요일,전라남도 완도군 보길면,중상사고,0,1,0,0,차대사람 - 차도통행중,안전운전불이행,건조,흐림,단일로 - 기타,화물,남,40세,상해없음,보행자,여,74세,중상
2016030300100534,2016년 3월 3일 21시,목요일,전라남도 순천시 연향동,경상사고,0,0,1,0,차대차 - 측면충돌,안전운전불이행,건조,맑음,교차로 - 교차로부근,승용,남,26세,상해없음,승용,남,50세,경상
2016030300100576,2016년 3월 3일 23시,목요일,전라남도 여수시 신기동,중상사고,0,1,0,0,차대사람 - 횡단중,안전운전불이행,건조,흐림,교차로 - 교차로부근,승용,남,54세,상해없음,보행자,남,42세,중상
2016030300100577,2016년 3월 3일 23시,목요일,전라남도 광양시 중동,중상사고,0,1,0,0,차대차 - 추돌,안전운전불이행,습기,비,교차로 - 교차로부근,승용,남,51세,중상,승합,남,27세,상해없음
2016030400100048,2016년 3월 4일 02시,금요일,전라남도 순천시 연향동,경상사고,0,0,1,0,차대차 - 기타,안전운전불이행,건조,맑음,단일로 - 기타,승용,여,34세,경상,화물,여,41세,기타불명
2016030400100070,2016년 3월 4일 05시,금요일,전라남도 완도군 완도읍,중상사고,0,1,0,0,차대차 - 기타,교차로운행방법위반,건조,맑음,교차로 - 교차로안,화물,남,51세,상해없음,이륜,남,67세,중상
2016030400100103,2016년 3월 4일 07시,금요일,전라남도 무안군 무안읍,경상사고,0,0,3,0,차대차 - 기타,안전운전불이행,건조,맑음,단일로 - 기타,승용,남,74세,상해없음,화물,여,61세,경상
2016030400100150,2016년 3월 4일 08시,금요일,전라남도 목포시 용당동,중상사고,0,1,0,1,차대차 - 측면충돌,교차로운행방법위반,건조,맑음,교차로 - 교차로안,승용,여,39세,부상신고,승용,여,37세,중상
2016030400100151,2016년 3월 4일 08시,금요일,전라남도 곡성군 죽곡면,경상사고,0,0,1,0,차대차 - 정면충돌,중앙선침범,습기,비,교차로 - 교차로부근,승용,남,33세,상해없음,승용,여,51세,경상
2016030400100152,2016년 3월 4일 08시,금요일,전라남도 광양시 중동,중상사고,0,1,5,1,차대차 - 측면충돌,안전운전불이행,습기,비,교차로 - 교차로안,승용,남,61세,부상신고,승용,남,53세,경상
2016030400100236,2016년 3월 4일 11시,금요일,전라남도 무안군 해제면,중상사고,0,1,0,0,차량단독 - 전도전복,안전운전불이행,습기,비,교차로 - 교차로안,화물,남,58세,상해없음,,,,
2016030400100264,2016년 3월 4일 12시,금요일,전라남도 목포시 상동,경상사고,0,0,2,0,차대차 - 측면충돌,안전운전불이행,습기,비,교차로 - 교차로안,승용,남,24세,상해없음,승용,남,29세,경상
2016030400100265,2016년 3월 4일 12시,금요일,전라남도 함평군 월야면,중상사고,0,1,0,0,차대차 - 측면직각충돌,교차로운행방법위반,습기,비,교차로 - 교차로안,원동기,남,72세,중상,화물,남,28세,상해없음
2016030400100303,2016년 3월 4일 13시,금요일,전라남도 여수시 월내동,경상사고,0,0,1,0,차대차 - 측면직각충돌,안전운전불이행,습기,비,단일로 - 기타,승용,남,56세,경상,화물,남,53세,상해없음
2016030400100304,2016년 3월 4일 13시,금요일,전라남도 고흥군 포두면,경상사고,0,0,1,0,차대차 - 기타,안전운전불이행,건조,맑음,단일로 - 기타,승용,남,78세,경상,화물,남,46세,상해없음
2016030400100337,2016년 3월 4일 14시,금요일,전라남도 강진군 성전면,경상사고,0,0,2,0,차대차 - 추돌,안전운전불이행,습기,비,교차로 - 교차로부근,화물,남,59세,상해없음,승용,남,55세,경상
2016030400100338,2016년 3월 4일 14시,금요일,전라남도 진도군 진도읍,경상사고,0,0,1,0,차대차 - 기타,교차로운행방법위반,건조,흐림,교차로 - 교차로안,승용,남,69세,상해없음,원동기,남,74세,경상
2016030400100366,2016년 3월 4일 15시,금요일,전라남도 목포시 석현동,경상사고,0,0,1,0,차대차 - 측면충돌,안전운전불이행,건조,맑음,교차로 - 교차로부근,이륜,남,62세,상해없음,승용,여,39세,경상
2016030400100395,2016년 3월 4일 16시,금요일,전라남도 무안군 삼향읍,경상사고,0,0,3,0,차대차 - 측면충돌,교차로운행방법위반,습기,흐림,교차로 - 교차로안,승용,여,34세,상해없음,승용,여,33세,경상
2016030400100425,2016년 3월 4일 17시,금요일,전라남도 순천시 동외동,경상사고,0,0,1,0,차대차 - 추돌,안전운전불이행,습기,비,단일로 - 기타,화물,남,39세,상해없음,승용,여,29세,상해없음
2016030400100469,2016년 3월 4일 18시,금요일,전라남도 여수시 학동,경상사고,0,0,1,0,차대차 - 정면충돌,안전운전불이행,건조,맑음,교차로 - 교차로부근,자전거,남,14세,경상,승용,여,38세,상해없음
2016030400100470,2016년 3월 4일 18시,금요일,전라남도 화순군 청풍면,중상사고,0,1,0,0,차량단독 - 도로외이탈 - 추락,안전운전불이행,건조,기타,단일로 - 기타,승용,남,71세,중상,,,,
2016030400100471,2016년 3월 4일 18시,금요일,전라남도 함평군 함평읍,경상사고,0,0,1,0,차대차 - 추돌,안전운전불이행,습기,맑음,교차로 - 교차로안,승용,남,47세,상해없음,자전거,남,60세,경상
2016030400100472,2016년 3월 4일 18시,금요일,전라남도 영암군 삼호읍,경상사고,0,0,2,0,차대차 - 측면충돌,안전운전불이행,건조,맑음,교차로 - 교차로부근,승용,남,33세,경상,승용,남,29세,경상
2016030400100516,2016년 3월 4일 19시,금요일,전라남도 여수시 서교동,부상신고사고,0,0,0,1,차대차 - 측면충돌,교차로운행방법위반,건조,흐림,교차로 - 교차로안,자전거,남,73세,부상신고,승용,남,66세,상해없음
2016030400100566,2016년 3월 4일 20시,금요일,전라남도 광양시 광양읍,경상사고,0,0,1,0,차대사람 - 길가장자리구역통행중,안전운전불이행,건조,맑음,단일로 - 기타,승용,남,61세,상해없음,보행자,남,49세,경상
2016030400100628,2016년 3월 4일 22시,금요일,전라남도 광양시 마동,경상사고,0,0,1,0,차량단독 - 공작물충돌,안전운전불이행,건조,흐림,단일로 - 기타,승용,남,38세,경상,,,,
2016030500100036,2016년 3월 5일 00시,토요일,전라남도 순천시 조례동,경상사고,0,0,2,0,차대차 - 측면직각충돌,안전운전불이행,건조,맑음,단일로 - 기타,승용,남,40세,경상,승용,남,30세,경상
2016030500100037,2016년 3월 5일 00시,토요일,전라남도 해남군 해남읍,중상사고,0,1,0,0,차대차 - 정면충돌,직진우회전진행방해,건조,맑음,교차로 - 교차로안,승용,남,35세,상해없음,승용,남,61세,중상
2016030500100072,2016년 3월 5일 01시,토요일,전라남도 목포시 연산동,중상사고,0,1,1,0,차대차 - 측면충돌,신호위반,건조,맑음,교차로 - 교차로안,승용,남,31세,기타불명,승용,남,35세,경상
2016030500100150,2016년 3월 5일 06시,토요일,전라남도 영광군 영광읍,경상사고,0,0,1,0,차대차 - 측면직각충돌,기타,습기,흐림,교차로 - 교차로안,화물,남,68세,상해없음,승용,여,59세,경상
2016030500100181,2016년 3월 5일 08시,토요일,전라남도 해남군 화원면,중상사고,0,1,2,0,차대차 - 정면충돌,중앙선침범,습기,비,단일로 - 기타,승용,여,24세,경상,화물,남,64세,중상
2016030500100202,2016년 3월 5일 09시,토요일,전라남도 화순군 이양면,중상사고,0,2,1,0,차량단독 - 전도전복,안전운전불이행,습기,비,단일로 - 기타,승용,남,50세,경상,,,,
2016030500100251,2016년 3월 5일 11시,토요일,전라남도 고흥군 고흥읍,부상신고사고,0,0,0,1,차량단독 - 공작물충돌,안전운전불이행,습기,비,단일로 - 기타,승용,남,28세,부상신고,,,,
2016030500100252,2016년 3월 5일 11시,토요일,전라남도 무안군 삼향읍,경상사고,0,0,1,0,차대차 - 추돌,안전거리미확보,건조,맑음,단일로 - 기타,승용,남,47세,기타불명,승용,남,39세,경상
2016030500100253,2016년 3월 5일 11시,토요일,전라남도 광양시 광영동,경상사고,0,0,1,0,차량단독 - 공작물충돌,안전운전불이행,습기,비,단일로 - 기타,승용,여,56세,경상,,,,
2016030500100276,2016년 3월 5일 12시,토요일,전라남도 순천시 연향동,경상사고,0,0,4,0,차대차 - 측면충돌,안전운전불이행,습기,비,교차로 - 교차로안,승용,남,64세,경상,승용,남,41세,경상
2016030500100277,2016년 3월 5일 12시,토요일,전라남도 장성군 장성읍,중상사고,0,1,0,0,차대차 - 추돌,안전운전불이행,건조,맑음,단일로 - 기타,승용,여,40세,상해없음,화물,남,66세,기타불명
2016030500100306,2016년 3월 5일 13시,토요일,전라남도 순천시 매곡동,경상사고,0,0,2,0,차대차 - 기타,교차로운행방법위반,습기,비,교차로 - 교차로안,승용,여,34세,상해없음,승용,여,33세,경상
2016030500100332,2016년 3월 5일 14시,토요일,전라남도 목포시 대성동,경상사고,0,0,2,0,차대차 - 측면직각충돌,직진우회전진행방해,습기,비,교차로 - 교차로안,승용,남,57세,경상,화물,남,58세,경상
2016030500100357,2016년 3월 5일 15시,토요일,전라남도 영암군 삼호읍,중상사고,0,1,0,0,차량단독 - 전도전복,안전운전불이행,습기,비,단일로 - 기타,승용,남,33세,중상,,,,