사고번호,사고일시,요일,시군구,사고내용,사망자수,중상자수,경상자수,부상신고자수,사고유형,법규위반,노면상태,기상상태,도로형태,가해운전자 차종,가해운전자 성별,가해운전자 연령,가해운전자 상해정도,피해운전자 차종,피해운전자 성별,피해운전자 연령,피해운전자 상해정도
2016031600100331,2016년 3월 16일 15시,수요일,전라남도 강진군 성전면,경상사고,0,0,4,0,차대차 - 기타,안전거리미확보,건조,맑음,단일로 - 기타,농기계,남,70세,경상,승합,여,28세,경상
2016031600100364,2016년 3월 16일 16시,수요일,전라남도 여수시 둔덕동,중상사고,0,1,2,0,차대차 - 정면충돌,교차로운행방법위반,건조,맑음,교차로 - 교차로안,승용,남,65세,경상,화물,남,43세,경상
2016031600100365,2016년 3월 16일 16시,수요일,전라남도 영암군 삼호읍,중상사고,0,1,0,0,차대사람 - 횡단중,안전운전불이행,건조,맑음,단일로 - 기타,화물,여,53세,상해없음,보행자,여,6세,중상
2016031600100398,2016년 3월 16일 17시,수요일,전라남도 목포시 용해동,경상사고,0,0,2,0,차대차 - 측면충돌,안전운전불이행,건조,맑음,단일로 - 기타,화물,남,62세,상해없음,승용,여,34세,경상
2016031600100399,2016년 3월 16일 17시,수요일,전라남도 곡성군 오곡면,사망사고,1,0,0,0,차량단독 - 전도전복,안전운전불이행,건조,맑음,단일로 - 기타,이륜,여,66세,사망,,,,
2016031600100400,2016년 3월 16일 17시,수요일,전라남도 광양시 진월면,경상사고,0,0,2,0,차대차 - 기타,안전운전불이행,건조,맑음,단일로 - 기타,화물,남,66세,상해없음,화물,남,45세,경상
2016031600100445,2016년 3월 16일 18시,수요일,전라남도 목포시 연산동,경상사고,0,0,1,0,차대차 - 추돌,안전거리미확보,건조,맑음,단일로 - 기타,승용,여,55세,상해없음,승용,남,18세,경상
2016031600100491,2016년 3월 16일 19시,수요일,전라남도 무안군 해제면,경상사고,0,0,2,0,차대차 - 정면충돌,교차로운행방법위반,건조,맑음,교차로 - 교차로안,이륜,남,51세,경상,승용,남,42세,상해없음
2016031600100529,2016년 3월 16일 20시,수요일,전라남도 순천시 덕월동,경상사고,0,0,1,0,차대차 - 추돌,기타,건조,맑음,단일로 - 기타,이륜,남,41세,상해없음,승용,남,41세,경상
2016031600100594,2016년 3월 16일 22시,수요일,전라남도 영암군 삼호읍,경상사고,0,0,1,0,차대차 - 추돌,안전운전불이행,건조,맑음,교차로 - 교차로부근,승용,남,32세,상해없음,승용,여,25세,경상
2016031700100031,2016년 3월 17일 01시,목요일,전라남도 목포시 대안동,경상사고,0,0,1,0,차대차 - 추돌,안전운전불이행,건조,맑음,단일로 - 기타,기타불명,기타불명,기타불명,기타불명,이륜,남,54세,경상
2016031700100032,2016년 3월 17일 01시,목요일,전라남도 광양시 진상면,중상사고,0,1,1,0,차량단독 - 전도전복,안전운전불이행,건조,맑음,단일로 - 기타,승용,여,54세,경상,,,,
2016031700100043,2016년 3월 17일 02시,목요일,전라남도 무안군 무안읍,사망사고,2,1,0,0,차대차 - 기타,안전운전불이행,건조,맑음,교차로 - 교차로안,승용,남,20세,중상,승용,남,37세,상해없음
2016031700100096,2016년 3월 17일 07시,목요일,전라남도 여수시 학동,중상사고,0,1,4,0,차대차 - 측면충돌,중앙선침범,건조,맑음,교차로 - 교차로부근,승용,남,32세,상해없음,승용,남,28세,경상
2016031700100097,2016년 3월 17일 07시,목요일,전라남도 광양시 광영동,경상사고,0,0,2,0,차대차 - 측면직각충돌,신호위반,건조,맑음,교차로 - 교차로안,승용,여,61세,경상,승용,여,32세,경상
2016031700100152,2016년 3월 17일 08시,목요일,전라남도 여수시 여서동,경상사고,0,0,1,0,차대차 - 추돌,안전운전불이행,건조,맑음,단일로 - 기타,승용,남,38세,상해없음,승용,남,72세,경상
2016031700100153,2016년 3월 17일 08시,목요일,전라남도 완도군 완도읍,중상사고,0,1,2,0,차대차 - 정면충돌,신호위반,건조,맑음,교차로 - 교차로안,승용,남,56세,경상,승용,남,44세,중상
2016031700100244,2016년 3월 17일 11시,목요일,전라남도 순천시 대대동,중상사고,0,1,0,0,차대차 - 측면충돌,안전운전불이행,건조,맑음,단일로 - 기타,자전거,남,76세,중상,화물,남,61세,상해없음
2016031700100245,2016년 3월 17일 11시,목요일,전라남도 장성군 장성읍,중상사고,0,1,0,0,차대사람 - 횡단중,신호위반,건조,맑음,단일로 - 기타,이륜,남,82세,상해없음,보행자,여,85세,중상
2016031700100246,2016년 3월 17일 11시,목요일,전라남도 구례군 구례읍,경상사고,0,0,3,0,차대차 - 측면직각충돌,신호위반,건조,맑음,교차로 - 교차로안,승용,남,72세,상해없음,승용,여,47세,경상
2016031700100341,2016년 3월 17일 14시,목요일,전라남도 화순군 화순읍,경상사고,0,0,1,0,차대차 - 측면직각충돌,안전운전불이행,건조,맑음,단일로 - 기타,승용,남,51세,상해없음,승용,여,45세,경상
2016031700100342,2016년 3월 17일 14시,목요일,전라남도 곡성군 오곡면,사망사고,1,3,0,0,차대차 - 정면충돌,중앙선침범,건조,맑음,단일로 - 기타,건설기계,남,46세,상해없음,승용,남,60세,사망
2016031700100405,2016년 3월 17일 16시,목요일,전라남도 해남군 해남읍,경상사고,0,0,1,0,차대차 - 추돌,안전운전불이행,건조,맑음,단일로 - 기타,이륜,남,43세,경상,승용,남,58세,상해없음
2016031700100406,2016년 3월 17일 16시,목요일,전라남도 강진군 군동면,중상사고,0,1,0,0,차대차 - 측면충돌,직진우회전진행방해,건조,맑음,교차로 - 교차로안,승용,남,32세,상해없음,원동기,남,73세,중상
2016031700100436,2016년 3월 17일 17시,목요일,전라남도 나주시 봉황면,경상사고,0,0,2,0,차대차 - 측면직각충돌,직진우회전진행방해,건조,맑음,교차로 - 교차로안,화물,남,33세,경상,화물,남,53세,경상
2016031700100437,2016년 3월 17일 17시,목요일,전라남도 화순군 도암면,사망사고,1,0,0,0,차대차 - 측면충돌,교차로운행방법위반,건조,맑음,교차로 - 교차로안,이륜,남,78세,사망,승용,여,30세,상해없음
2016031700100438,2016년 3월 17일 17시,목요일,전라남도 강진군 대구면,경상사고,0,0,2,0,차대차 - 측면충돌,중앙선침범,건조,맑음,단일로 - 기타,승용,남,70세,상해없음,승용,여,33세,경상
2016031700100439,2016년 3월 17일 17시,목요일,전라남도 담양군 담양읍,중상사고,0,1,0,0,차대차 - 측면충돌,안전운전불이행,건조,맑음,단일로 - 기타,화물,남,38세,상해없음,자전거,남,63세,중상
2016031700100477,2016년 3월 17일 18시,목요일,전라남도 고흥군 과역면,중상사고,0,2,0,0,차량단독 - 전도전복,안전운전불이행,건조,맑음,단일로 - 기타,이륜,남,76세,중상,,,,
2016031700100478,2016년 3월 17일 18시,목요일,전라남도 영암군 삼호읍,경상사고,0,0,2,0,차대차 - 추돌,안전운전불이행,건조,맑음,단일로 - 기타,화물,여,66세,상해없음,승용,여,55세,경상
2016031700100479,2016년 3월 17일 18시,목요일,전라남도 광양시 중동,경상사고,0,0,1,0,차대차 - 기타,신호위반,건조,맑음,교차로 - 교차로안,승용,여,32세,경상,승용,남,37세,상해없음
2016031700100512,2016년 3월 17일 19시,목요일,전라남도 보성군 벌교읍,중상사고,0,1,0,0,차대차 - 측면직각충돌,불법유턴,건조,맑음,교차로 - 교차로안,이륜,남,17세,중상,승용,남,54세,상해없음
2016031700100544,2016년 3월 17일 20시,목요일,전라남도 순천시 오천동,경상사고,0,0,1,0,차대차 - 측면충돌,안전운전불이행,건조,맑음,교차로 - 교차로부근,승용,남,50세,상해없음,원동기,남,39세,경상
2016031700100545,2016년 3월 17일 20시,목요일,전라남도 광양시 금호동,경상사고,0,0,2,0,차대차 - 추돌,안전운전불이행,건조,맑음,교차로 - 교차로부근,화물,남,45세,상해없음,승용,남,31세,경상
2016031700100580,2016년 3월 17일 21시,목요일,전라남도 여수시 화장동,경상사고,0,0,2,0,차대차 - 측면직각충돌,교차로운행방법위반,건조,맑음,교차로 - 교차로안,승용,남,42세,기타불명,승용,남,46세,경상
2016031700100581,2016년 3월 17일 21시,목요일,전라남도 해남군 해남읍,경상사고,0,0,5,0,차대차 - 정면충돌,안전운전불이행,건조,맑음,교차로 - 교차로안,화물,남,49세,상해없음,승용,여,36세,경상
2016031700100640,2016년 3월 17일 23시,목요일,전라남도 광양시 광양읍,중상사고,0,1,1,0,차대차 - 측면충돌,교차로운행방법위반,건조,맑음,교차로 - 교차로안,승용,여,38세,중상,승용,남,48세,경상
2016031800100032,2016년 3월 18일 02시,금요일,전라남도 여수시 소라면,사망사고,1,2,0,0,차량단독 - 전도전복,안전운전불이행,습기,비,단일로 - 기타,승용,남,29세,사망,,,,
2016031800100067,2016년 3월 18일 05시,금요일,전라남도 고흥군 봉래면,경상사고,0,0,1,0,차량단독 - 전도전복,안전운전불이행,습기,비,교차로 - 교차로부근,화물,남,47세,상해없음,,,,
2016031800100081,2016년 3월 18일 06시,금요일,전라남도 여수시 봉산동,경상사고,0,0,1,0,차대차 - 추돌,안전운전불이행,습기,비,교차로 - 교차로부근,승용,남,61세,상해없음,승용,남,64세,경상
2016031800100165,2016년 3월 18일 09시,금요일,전라남도 여수시 오림동,경상사고,0,0,1,0,차대차 - 측면직각충돌,신호위반,습기,비,교차로 - 교차로안,승용,남,48세,상해없음,승용,남,69세,경상
2016031800100166,2016년 3월 18일 09시,금요일,전라남도 나주시 송월동,경상사고,0,0,1,0,차대차 - 정면충돌,안전운전불이행,습기,비,단일로 - 기타,승합,여,55세,경상,승용,여,47세,상해없음
2016031800100167,2016년 3월 18일 09시,금요일,전라남도 무안군 무안읍,경상사고,0,0,1,0,차대사람 - 횡단중,안전운전불이행,습기,비,단일로 - 기타,승합,남,50세,상해없음,보행자,남,45세,경상
2016031800100195,2016년 3월 18일 10시,금요일,전라남도 순천시 조례동,경상사고,0,0,1,0,차대사람 - 횡단중,보행자보호의무위반,습기,비,교차로 - 교차로부근,승용,남,27세,상해없음,보행자,여,49세,경상
2016031800100196,2016년 3월 18일 10시,금요일,전라남도 장흥군 장평면,중상사고,0,1,0,0,차량단독 - 도로외이탈 - 추락,안전운전불이행,습기,비,단일로 - 기타,승용,남,56세,상해없음,,,,
2016031800100249,2016년 3월 18일 12시,금요일,전라남도 장성군 삼서면,중상사고,0,1,0,0,차대차 - 측면직각충돌,안전운전불이행,습기,맑음,교차로 - 교차로안,승용,남,39세,상해없음,승용,여,45세,중상
2016031800100273,2016년 3월 18일 13시,금요일,전라남도 강진군 병영면,경상사고,0,0,1,0,차량단독 - 전도전복,안전운전불이행,습기,비,단일로 - 기타,승용,남,44세,경상,,,,
2016031800100327,2016년 3월 18일 15시,금요일,전라남도 순천시 송광면,중상사고,0,1,0,0,차대차 - 측면충돌,중앙선침범,습기,비,단일로 - 기타,화물,남,42세,상해없음,승용,여,59세,중상
2016031800100328,2016년 3월 18일 15시,금요일,전라남도 영광군 영광읍,경상사고,0,0,2,0,차대차 - 측면직각충돌,직진우회전진행방해,건조,맑음,교차로 - 교차로안,승용,남,76세,상해없음,승용,남,66세,경상
2016031800100403,2016년 3월 18일 17시,금요일,전라남도 순천시 연향동,중상사고,0,1,0,0,차대사람 - 횡단중,보행자보호의무위반,건조,맑음,단일로 - 횡단보도상,승용,여,57세,상해없음,보행자,여,6세,중상
2016031800100404,2016년 3월 18일 17시,금요일,전라남도 완도군 완도읍,중상사고,0,1,0,0,차대차 - 기타,차로위반,건조,맑음,단일로 - 기타,승용,남,60세,상해없음,화물,남,33세,중상
2016031800100494,2016년 3월 18일 19시,금요일,전라남도 목포시 상동,경상사고,0,0,1,0,차대차 - 측면충돌,중앙선침범,건조,맑음,단일로 - 기타,승용,여,31세,상해없음,이륜,남,17세,경상
2016031800100571,2016년 3월 18일 21시,금요일,전라남도 장성군 북일면,부상신고사고,0,0,0,1,차대차 - 추돌,안전운전불이행,건조,맑음,단일로 - 기타,승용,남,39세,상해없음,승용,남,47세,부상신고
2016031800100598,2016년 3월 18일 22시,금요일,전라남도 화순군 화순읍,부상신고사고,0,0,0,1,차대차 - 기타,안전운전불이행,건조,맑음,단일로 - 기타,승용,남,28세,부상신고,승용,남,55세,기타불명
2016031900100011,2016년 3월 19일 00시,토요일,전라남도 담양군 담양읍,경상사고,0,0,2,0,차대차 - 측면직각충돌,직진우회전진행방해,건조,맑음,교차로 - 교차로안,승용,남,38세,경상,승용,여,37세,경상
2016031900100075,2016년 3월 19일 04시,토요일,전라남도 여수시 웅천동,경상사고,0,0,1,0,차대차 - 추돌,안전운전불이행,건조,맑음,단일로 - 기타,승용,남,38세,상해없음,승용,남,45세,경상
2016031900100101,2016년 3월 19일 06시,토요일,전라남도 광양시 광양읍,경상사고,0,0,3,1,차대차 - 추돌,안전운전불이행,건조,맑음,교차로 - 교차로부근,승용,여,37세,부상신고,화물,남,43세,경상
2016031900100116,2016년 3월 19일 07시,토요일,전라남도 영암군 미암면,경상사고,0,0,1,0,차량단독 - 전도전복,안전운전불이행,건조,맑음,단일로 - 기타,승용,남,25세,경상,,,,
2016031900100137,2016년 3월 19일 08시,토요일,전라남도 목포시 용해동,경상사고,0,0,1,0,차대사람 - 횡단중,안전운전불이행,건조,맑음,교차로 - 교차로부근,승용,여,48세,상해없음,보행자,여,18세,경상
2016031900100138,2016년 3월 19일 08시,토요일,전라남도 신안군 암태면,중상사고,0,1,1,0,차대차 - 기타,안전운전불이행,기타,기타,단일로 - 기타,화물,남,50세,상해없음,이륜,남,81세,경상
2016031900100161,2016년 3월 19일 09시,토요일,전라남도 광양시 광양읍,경상사고,0,0,2,0,차대차 - 기타,교차로운행방법위반,건조,맑음,단일로 - 기타,이륜,남,69세,경상,이륜,여,62세,경상
2016031900100188,2016년 3월 19일 10시,토요일,전라남도 순천시 풍덕동,중상사고,0,1,0,0,차대사람 - 횡단중,안전운전불이행,건조,맑음,단일로 - 횡단보도부근,승용,남,33세,상해없음,보행자,여,73세,중상
2016031900100189,2016년 3월 19일 10시,토요일,전라남도 보성군 벌교읍,중상사고,0,1,1,0,차대차 - 측면충돌,기타,건조,맑음,교차로 - 교차로안,화물,남,31세,상해없음,이륜,남,69세,경상
2016031900100219,2016년 3월 19일 11시,토요일,전라남도 나주시 금천면,중상사고,0,1,0,0,차대사람 - 기타,기타,건조,맑음,단일로 - 기타,승합,남,60세,상해없음,보행자,여,77세,중상
2016031900100326,2016년 3월 19일 14시,토요일,전라남도 여수시 서교동,경상사고,0,0,1,0,차대사람 - 횡단중,안전운전불이행,건조,맑음,교차로 - 교차로부근,승용,여,42세,상해없음,보행자,남,14세,경상
2016031900100364,2016년 3월 19일 15시,토요일,전라남도 목포시 옥암동,중상사고,0,1,1,0,차대차 - 추돌,안전운전불이행,건조,맑음,교차로 - 교차로안,승용,남,72세,경상,승용,여,43세,중상
2016031900100365,2016년 3월 19일 15시,토요일,전라남도 장흥군 장흥읍,중상사고,0,1,0,0,차대차 - 측면직각충돌,직진우회전진행방해,건조,맑음,교차로 - 교차로안,원동기,여,64세,중상,승용,남,54세,상해없음
2016031900100366,2016년 3월 19일 15시,토요일,전라남도 무안군 일로읍,중상사고,0,2,1,0,차대사람 - 길가장자리구역통행중,안전운전불이행,건조,맑음,단일로 - 기타,승용,여,70세,경상,보행자,여,49세,중상
2016031900100457,2016년 3월 19일 17시,토요일,전라남도 목포시 상동,경상사고,0,0,1,0,차대차 - 측면충돌,안전운전불이행,건조,맑음,교차로 - 교차로부근,승용,남,47세,상해없음,승용,남,28세,경상
2016031900100458,2016년 3월 19일 17시,토요일,전라남도 무안군 무안읍,경상사고,0,0,1,0,차대차 - 측면직각충돌,직진우회전진행방해,건조,맑음,교차로 - 교차로안,승용,여,53세,경상,화물,남,60세,상해없음
2016031900100539,2016년 3월 19일 19시,토요일,전라남도 목포시 상동,경상사고,0,0,1,0,차대차 - 정면충돌,안전운전불이행,건조,맑음,교차로 - 교차로안,승용,남,58세,상해없음,승용,남,44세,경상
2016031900100599,2016년 3월 19일 21시,토요일,전라남도 장성군 북하면,경상사고,0,0,1,0,차대차 - 측면충돌,안전운전불이행,건조,맑음,기타 - 기타,승용,남,44세,상해없음,승용,남,57세,상해없음
2016031900100624,2016년 3월 19일 22시,토요일,전라남도 목포시 옥암동,경상사고,0,0,3,0,차대차 - 추돌,안전운전불이행,건조,맑음,교차로 - 교차로부근,승용,남,36세,상해없음,승용,남,39세,경상
2016031900100625,2016년 3월 19일 22시,토요일,전라남도 목포시 용해동,경상사고,0,0,1,0,차대차 - 정면충돌,안전운전불이행,건조,맑음,단일로 - 기타,승용,남,25세,상해없음,자전거,남,13세,경상
2016031900100626,2016년 3월 19일 22시,토요일,전라남도 여수시 안산동,경상사고,0,0,1,0,차대차 - 정면충돌,신호위반,건조,맑음,교차로 - 교차로안,승용,여,46세,상해없음,승용,여,42세,경상
2016032000100031,2016년 3월 20일 01시,일요일,전라남도 목포시 용해동,사망사고,1,0,0,0,차대사람 - 횡단중,보행자보호의무위반,건조,맑음,단일로 - 횡단보도상,승용,남,52세,기타불명,보행자,여,80세,사망
2016032000100032,2016년 3월 20일 01시,일요일,전라남도 장성군 황룡면,사망사고,1,1,0,0,차량단독 - 전도전복,안전운전불이행,건조,맑음,단일로 - 기타,승용,남,29세,상해없음,,,,
2016032000100057,2016년 3월 20일 03시,일요일,전라남도 여수시 학동,부상신고사고,0,0,0,1,차대사람 - 횡단중,안전운전불이행,건조,맑음,단일로 - 기타,기타불명,기타불명,기타불명,기타불명,보행자,여,42세,부상신고
2016032000100091,2016년 3월 20일 06시,일요일,전라남도 광양시 광양읍,경상사고,0,0,1,0,차대차 - 측면충돌,안전운전불이행,건조,맑음,교차로 - 교차로부근,승용,남,25세,경상,승용,남,46세,기타불명
2016032000100137,2016년 3월 20일 09시,일요일,전라남도 순천시 동외동,경상사고,0,0,1,0,차대사람 - 길가장자리구역통행중,안전운전불이행,건조,맑음,단일로 - 기타,승용,여,69세,상해없음,보행자,여,75세,경상
2016032000100153,2016년 3월 20일 10시,일요일,전라남도 영암군 금정면,경상사고,0,0,1,0,차대사람 - 기타,안전운전불이행,건조,맑음,단일로 - 기타,승용,남,52세,상해없음,보행자,여,40세,경상
2016032000100192,2016년 3월 20일 12시,일요일,전라남도 고흥군 점암면,사망사고,1,0,0,0,차량단독 - 공작물충돌,안전운전불이행,건조,맑음,단일로 - 기타,승용,남,41세,상해없음,,,,
2016032000100193,2016년 3월 20일 12시,일요일,전라남도 구례군 마산면,경상사고,0,0,1,0,차대차 - 측면충돌,안전운전불이행,건조,맑음,단일로 - 기타,원동기,남,76세,경상,승용,남,44세,상해없음
2016032000100219,2016년 3월 20일 13시,일요일,전라남도 영광군 영광읍,경상사고,0,0,1,0,차대차 - 측면직각충돌,직진우회전진행방해,건조,맑음,교차로 - 교차로안,이륜,남,73세,경상,승용,여,53세,상해없음
2016032000100220,2016년 3월 20일 13시,일요일,전라남도 담양군 담양읍,경상사고,0,0,2,0,차대차 - 측면충돌,안전운전불이행,건조,맑음,교차로 - 교차로안,승용,남,46세,상해없음,승용,남,52세,경상
2016032000100221,2016년 3월 20일 13시,일요일,전라남도 광양시 태인동,경상사고,0,0,3,0,차대차 - 측면충돌,교차로운행방법위반,건조,맑음,교차로 - 교차로안,승용,남,60세,상해없음,승용,남,56세,경상
2016032000100245,2016년 3월 20일 14시,일요일,전라남도 순천시 승주읍,경상사고,0,0,1,0,차대사람 - 횡단중,안전운전불이행,건조,맑음,기타 - 기타,승용,남,81세,상해없음,보행자,여,8세,경상
2016032000100246,2016년 3월 20일 14시,일요일,전라남도 나주시 산포면,중상사고,0,1,0,0,차대사람 - 횡단중,안전운전불이행,건조,맑음,단일로 - 기타,승용,여,50세,상해없음,보행자,남,45세,중상
2016032000100247,2016년 3월 20일 14시,일요일,전라남도 담양군 고서면,경상사고,0,0,3,0,차대차 - 추돌,안전운전불이행,건조,맑음,단일로 - 기타,승용,남,69세,상해없음,승용,남,58세,경상
2016032000100274,2016년 3월 20일 15시,일요일,전라남도 순천시 조례동,중상사고,0,1,0,0,차대사람 - 기타,안전운전불이행,건조,맑음,단일로 - 기타,승용,남,29세,상해없음,보행자,여,71세,중상
2016032000100275,2016년 3월 20일 15시,일요일,전라남도 영암군 덕진면,경상사고,0,0,6,0,차대차 - 정면충돌,안전운전불이행,건조,맑음,단일로 - 기타,승용,남,47세,상해없음,승용,여,55세,경상
2016032000100329,2016년 3월 20일 17시,일요일,전라남도 장흥군 관산읍,경상사고,0,0,1,0,차대차 - 추돌,안전거리미확보,건조,맑음,단일로 - 기타,화물,남,39세,상해없음,승용,남,67세,상해없음
2016032000100349,2016년 3월 20일 18시,일요일,전라남도 나주시 산정동,경상사고,0,0,5,0,차대차 - 측면충돌,교차로운행방법위반,건조,맑음,교차로 - 교차로안,승용,여,48세,경상,승용,남,54세,경상
2016032000100377,2016년 3월 20일 19시,일요일,전라남도 여수시 여서동,경상사고,0,0,1,0,차대사람 - 횡단중,안전운전불이행,건조,맑음,단일로 - 기타,이륜,남,20세,상해없음,보행자,남,19세,경상
2016032000100403,2016년 3월 20일 20시,일요일,전라남도 여수시 봉산동,사망사고,1,0,0,0,차대사람 - 횡단중,보행자보호의무위반,건조,맑음,단일로 - 횡단보도상,승용,남,50세,상해없음,보행자,여,89세,사망
2016032000100404,2016년 3월 20일 20시,일요일,전라남도 순천시 가곡동,중상사고,0,1,0,0,차대사람 - 횡단중,안전운전불이행,건조,맑음,교차로 - 교차로부근,승용,여,48세,상해없음,보행자,여,23세,중상
2016032000100428,2016년 3월 20일 21시,일요일,전라남도 목포시 상동,경상사고,0,0,3,0,차대차 - 측면직각충돌,교차로운행방법위반,건조,맑음,교차로 - 교차로안,승용,여,47세,경상,승용,여,35세,경상
2016032000100429,2016년 3월 20일 21시,일요일,전라남도 여수시 돌산읍,경상사고,0,0,1,0,차대차 - 추돌,안전운전불이행,건조,맑음,단일로 - 기타,승용,남,37세,상해없음,승용,여,38세,경상
2016032000100461,2016년 3월 20일 22시,일요일,전라남도 목포시 용당동,경상사고,0,0,3,0,차대차 - 추돌,안전운전불이행,건조,맑음,단일로 - 기타,승용,남,52세,상해없음,승용,남,60세,경상
2016032000100462,2016년 3월 20일 22시,일요일,전라남도 순천시 저전동,중상사고,0,1,0,0,차대차 - 측면충돌,안전운전불이행,건조,맑음,단일로 - 기타,이륜,남,40세,상해없음,승용,여,46세,중상
2016032100100011,2016년 3월 21일 00시,월요일,전라남도 영광군 영광읍,경상사고,0,0,1,1,차대차 - 정면충돌,중앙선침범,건조,맑음,단일로 - 기타,승용,여,61세,부상신고,화물,남,39세,경상
2016032100100028,2016년 3월 21일 02시,월요일,전라남도 목포시 옥암동,중상사고,0,1,0,0,차량단독 - 전도전복,안전운전불이행,건조,맑음,교차로 - 교차로안,화물,남,58세,중상,,,,
2016032100100043,2016년 3월 21일 04시,월요일,전라남도 목포시 옥암동,중상사고,0,1,0,0,차량단독 - 기타,안전운전불이행,건조,맑음,단일로 - 기타,승용,남,26세,중상,,,,
2016032100100048,2016년 3월 21일 05시,월요일,전라남도 순천시 덕암동,중상사고,0,1,0,0,차대사람 - 횡단중,보행자보호의무위반,건조,맑음,단일로 - 기타,승용,남,72세,상해없음,보행자,남,80세,중상
2016032100100082,2016년 3월 21일 07시,월요일,전라남도 장성군 장성읍,중상사고,0,1,0,0,차대차 - 기타,안전운전불이행,건조,맑음,교차로 - 교차로안,승용,남,32세,상해없음,원동기,남,73세,중상
2016032100100083,2016년 3월 21일 07시,월요일,전라남도 구례군 구례읍,중상사고,0,1,0,0,차량단독 - 전도전복,안전운전불이행,건조,맑음,단일로 - 기타,화물,남,79세,중상,,,,
2016032100100118,2016년 3월 21일 08시,월요일,전라남도 목포시 산정동,경상사고,0,0,1,0,차대차 - 측면충돌,안전운전불이행,건조,맑음,단일로 - 기타,건설기계,남,49세,상해없음,승용,남,60세,경상
2016032100100119,2016년 3월 21일 08시,월요일,전라남도 순천시 장천동,경상사고,0,0,1,0,차대차 - 측면충돌,교차로운행방법위반,건조,맑음,교차로 - 교차로안,승용,여,65세,상해없음,승용,남,68세,경상
2016032100100161,2016년 3월 21일 09시,월요일,전라남도 순천시 해룡면,경상사고,0,0,1,0,차대차 - 측면직각충돌,안전운전불이행,건조,맑음,교차로 - 교차로부근,승용,남,61세,상해없음,승합,남,48세,경상
2016032100100192,2016년 3월 21일 10시,월요일,전라남도 목포시 옥암동,경상사고,0,0,1,0,차대사람 - 횡단중,안전운전불이행,건조,맑음,교차로 - 교차로안,승용,여,27세,상해없음,보행자,여,31세,경상
2016032100100193,2016년 3월 21일 10시,월요일,전라남도 순천시 해룡면,경상사고,0,0,1,0,차대사람 - 기타,보행자보호의무위반,건조,맑음,단일로 - 횡단보도상,화물,남,52세,상해없음,보행자,남,48세,경상
2016032100100247,2016년 3월 21일 12시,월요일,전라남도 순천시 풍덕동,사망사고,1,0,0,0,차대차 - 기타,안전운전불이행,건조,맑음,단일로 - 기타,승용,남,61세,상해없음,자전거,남,61세,사망
2016032100100284,2016년 3월 21일 13시,월요일,전라남도 순천시 오천동,경상사고,0,0,2,0,차대차 - 측면직각충돌,기타,건조,맑음,교차로 - 교차로안,승용,여,59세,상해없음,승용,여,44세,경상
2016032100100285,2016년 3월 21일 13시,월요일,전라남도 강진군 강진읍,경상사고,0,0,3,0,차대차 - 측면직각충돌,안전운전불이행,건조,맑음,교차로 - 교차로안,승용,남,52세,상해없음,승용,남,59세,경상
2016032100100315,2016년 3월 21일 14시,월요일,전라남도 여수시 학동,경상사고,0,0,1,0,차대차 - 측면충돌,안전운전불이행,건조,맑음,단일로 - 기타,승용,남,25세,상해없음,승용,여,63세,경상
2016032100100316,2016년 3월 21일 14시,월요일,전라남도 장흥군 회진면,경상사고,0,0,1,0,차대차 - 측면직각충돌,안전운전불이행,건조,맑음,교차로 - 교차로부근,승용,여,36세,상해없음,원동기,남,72세,경상
2016032100100351,2016년 3월 21일 15시,월요일,전라남도 나주시 금천면,경상사고,0,0,2,0,차대차 - 측면충돌,차로위반,건조,맑음,단일로 - 기타,승용,여,50세,상해없음,승용,여,45세,경상
2016032100100352,2016년 3월 21일 15시,월요일,전라남도 영광군 영광읍,경상사고,0,0,1,0,차대차 - 측면직각충돌,안전운전불이행,건조,맑음,단일로 - 기타,화물,남,54세,상해없음,승용,남,59세,상해없음
2016032100100353,2016년 3월 21일 15시,월요일,전라남도 강진군 군동면,경상사고,0,0,1,0,차량단독 - 전도전복,안전운전불이행,건조,맑음,단일로 - 기타,승용,남,39세,경상,,,,
2016032100100354,2016년 3월 21일 15시,월요일,전라남도 광양시 중동,경상사고,0,0,2,0,차량단독 - 기타,안전운전불이행,건조,맑음,단일로 - 기타,원동기,남,16세,경상,,,,
2016032100100392,2016년 3월 21일 16시,월요일,전라남도 목포시 옥암동,중상사고,0,1,1,0,차대차 - 측면충돌,직진우회전진행방해,건조,맑음,교차로 - 교차로안,승용,여,38세,경상,이륜,남,25세,중상
2016032100100393,2016년 3월 21일 16시,월요일,전라남도 영암군 삼호읍,경상사고,0,0,1,0,차대차 - 측면직각충돌,안전운전불이행,건조,맑음,교차로 - 교차로부근,승용,남,39세,상해없음,승용,남,67세,경상
2016032100100394,2016년 3월 21일 16시,월요일,전라남도 강진군 강진읍,중상사고,0,1,0,0,차대차 - 측면직각충돌,과속,건조,맑음,교차로 - 교차로안,승용,남,26세,상해없음,자전거,여,72세,중상
2016032100100435,2016년 3월 21일 17시,월요일,전라남도 목포시 용해동,경상사고,0,0,2,0,차대차 - 정면충돌,중앙선침범,건조,맑음,단일로 - 기타,승용,남,60세,상해없음,화물,남,53세,경상