사고번호,사고일시,요일,시군구,사고내용,사망자수,중상자수,경상자수,부상신고자수,사고유형,법규위반,노면상태,기상상태,도로형태,가해운전자 차종,가해운전자 성별,가해운전자 연령,가해운전자 상해정도,피해운전자 차종,피해운전자 성별,피해운전자 연령,피해운전자 상해정도
2016032100100436,2016년 3월 21일 17시,월요일,전라남도 목포시 연산동,경상사고,0,0,1,0,차대차 - 추돌,안전운전불이행,건조,맑음,단일로 - 기타,화물,남,75세,상해없음,승용,여,43세,경상
2016032100100473,2016년 3월 21일 18시,월요일,전라남도 영암군 삼호읍,경상사고,0,0,2,1,차대차 - 측면직각충돌,신호위반,건조,맑음,교차로 - 교차로안,이륜,남,67세,부상신고,승용,여,31세,경상
2016032100100510,2016년 3월 21일 19시,월요일,전라남도 목포시 산정동,경상사고,0,0,2,0,차대차 - 측면충돌,교차로운행방법위반,건조,맑음,교차로 - 교차로안,승용,남,48세,경상,승용,남,32세,경상
2016032100100511,2016년 3월 21일 19시,월요일,전라남도 여수시 국동,경상사고,0,0,5,0,차대차 - 정면충돌,신호위반,건조,맑음,교차로 - 교차로안,승용,남,54세,상해없음,승합,남,33세,경상
2016032100100512,2016년 3월 21일 19시,월요일,전라남도 영암군 삼호읍,경상사고,0,0,1,0,차대사람 - 횡단중,신호위반,건조,맑음,단일로 - 횡단보도상,승용,남,54세,상해없음,보행자,여,42세,경상
2016032100100546,2016년 3월 21일 20시,월요일,전라남도 신안군 지도읍,경상사고,0,0,2,0,차대차 - 측면충돌,직진우회전진행방해,건조,맑음,교차로 - 교차로안,화물,남,59세,경상,화물,남,47세,경상
2016032100100547,2016년 3월 21일 20시,월요일,전라남도 목포시 산정동,경상사고,0,0,1,0,차량단독 - 기타,안전운전불이행,건조,맑음,교차로 - 교차로부근,승용,남,62세,상해없음,,,,
2016032100100577,2016년 3월 21일 21시,월요일,전라남도 여수시 만흥동,경상사고,0,0,1,0,차대차 - 측면직각충돌,차로위반,건조,맑음,단일로 - 기타,승용,남,24세,상해없음,승용,남,23세,경상
2016032100100600,2016년 3월 21일 22시,월요일,전라남도 여수시 오림동,경상사고,0,0,1,0,차대차 - 측면충돌,교차로운행방법위반,건조,맑음,교차로 - 교차로부근,승용,남,54세,상해없음,승합,남,41세,경상
2016032100100601,2016년 3월 21일 22시,월요일,전라남도 곡성군 겸면,중상사고,0,1,0,0,차대차 - 추돌,안전운전불이행,건조,맑음,단일로 - 기타,자전거,남,29세,중상,특수,남,60세,상해없음
2016032100100622,2016년 3월 21일 23시,월요일,전라남도 광양시 중동,경상사고,0,0,3,0,차대차 - 측면충돌,교차로운행방법위반,건조,맑음,교차로 - 교차로안,승용,남,30세,경상,승용,남,56세,경상
2016032200100012,2016년 3월 22일 00시,화요일,전라남도 곡성군 석곡면,경상사고,0,0,2,0,차대차 - 기타,안전운전불이행,건조,맑음,단일로 - 기타,특수,남,43세,경상,화물,남,49세,경상
2016032200100034,2016년 3월 22일 03시,화요일,전라남도 장성군 남면,부상신고사고,0,0,0,1,차량단독 - 기타,기타,건조,맑음,단일로 - 기타,승용,남,32세,부상신고,,,,
2016032200100054,2016년 3월 22일 05시,화요일,전라남도 여수시 공화동,중상사고,0,1,0,0,차대사람 - 횡단중,안전운전불이행,건조,맑음,교차로 - 교차로안,승용,남,66세,상해없음,보행자,여,73세,중상
2016032200100055,2016년 3월 22일 05시,화요일,전라남도 보성군 벌교읍,사망사고,1,0,0,0,차대사람 - 횡단중,신호위반,건조,맑음,단일로 - 횡단보도상,승용,남,58세,상해없음,보행자,남,83세,사망
2016032200100072,2016년 3월 22일 06시,화요일,전라남도 완도군 금일읍,중상사고,0,1,1,0,차대차 - 측면충돌,교차로운행방법위반,건조,맑음,교차로 - 교차로안,화물,남,72세,상해없음,화물,남,64세,경상
2016032200100093,2016년 3월 22일 07시,화요일,전라남도 영암군 덕진면,중상사고,0,1,2,0,차대차 - 추돌,안전거리미확보,습기,안개,단일로 - 기타,화물,남,57세,상해없음,승용,남,41세,중상
2016032200100142,2016년 3월 22일 08시,화요일,전라남도 순천시 남정동,중상사고,0,1,3,0,차대차 - 측면직각충돌,직진우회전진행방해,건조,맑음,교차로 - 교차로안,승용,여,66세,중상,승용,여,38세,경상
2016032200100143,2016년 3월 22일 08시,화요일,전라남도 함평군 함평읍,중상사고,0,1,0,0,차대사람 - 횡단중,안전운전불이행,건조,맑음,교차로 - 교차로안,승용,남,38세,상해없음,보행자,여,73세,중상
2016032200100144,2016년 3월 22일 08시,화요일,전라남도 광양시 중동,경상사고,0,0,1,0,차대사람 - 보도통행중,기타,건조,맑음,교차로 - 교차로안,승용,여,32세,상해없음,보행자,여,19세,경상
2016032200100184,2016년 3월 22일 09시,화요일,전라남도 장흥군 회진면,경상사고,0,0,1,0,차대차 - 측면직각충돌,교차로운행방법위반,건조,맑음,교차로 - 교차로부근,승합,남,67세,상해없음,화물,남,72세,경상
2016032200100185,2016년 3월 22일 09시,화요일,전라남도 고흥군 고흥읍,경상사고,0,0,1,0,차대차 - 측면직각충돌,교차로운행방법위반,건조,맑음,교차로 - 교차로안,승용,여,50세,상해없음,승용,여,49세,경상
2016032200100186,2016년 3월 22일 09시,화요일,전라남도 진도군 의신면,경상사고,0,0,1,0,차대차 - 추돌,안전운전불이행,건조,맑음,교차로 - 교차로안,승용,남,76세,상해없음,이륜,여,55세,경상
2016032200100214,2016년 3월 22일 10시,화요일,전라남도 함평군 해보면,중상사고,0,1,0,0,차대차 - 측면직각충돌,안전운전불이행,건조,맑음,교차로 - 교차로안,승용,남,54세,상해없음,이륜,남,70세,중상
2016032200100238,2016년 3월 22일 11시,화요일,전라남도 광양시 진월면,경상사고,0,0,3,0,차대차 - 추돌,안전운전불이행,건조,맑음,단일로 - 기타,승용,여,43세,상해없음,승용,남,34세,경상
2016032200100286,2016년 3월 22일 13시,화요일,전라남도 해남군 계곡면,중상사고,0,2,1,0,차량단독 - 도로외이탈 - 추락,안전운전불이행,건조,맑음,단일로 - 기타,승용,남,70세,중상,,,,
2016032200100287,2016년 3월 22일 13시,화요일,전라남도 담양군 담양읍,사망사고,1,0,1,0,차대차 - 측면충돌,신호위반,건조,맑음,교차로 - 교차로안,원동기,남,76세,사망,승용,여,46세,경상
2016032200100313,2016년 3월 22일 14시,화요일,전라남도 장흥군 안양면,중상사고,0,1,1,0,차대차 - 추돌,안전운전불이행,건조,맑음,교차로 - 교차로안,승용,남,73세,상해없음,승용,남,72세,상해없음
2016032200100314,2016년 3월 22일 14시,화요일,전라남도 보성군 벌교읍,중상사고,0,1,0,0,차대차 - 추돌,안전운전불이행,건조,맑음,단일로 - 기타,건설기계,남,40세,상해없음,건설기계,남,55세,중상
2016032200100315,2016년 3월 22일 14시,화요일,전라남도 진도군 임회면,사망사고,1,0,0,0,차대차 - 추돌,안전운전불이행,건조,맑음,단일로 - 기타,화물,남,57세,상해없음,농기계,남,82세,사망
2016032200100348,2016년 3월 22일 15시,화요일,전라남도 나주시 성북동,경상사고,0,0,1,1,차대차 - 기타,안전거리미확보,건조,맑음,단일로 - 교량,승용,여,45세,부상신고,화물,남,61세,경상
2016032200100349,2016년 3월 22일 15시,화요일,전라남도 광양시 진월면,중상사고,0,1,0,0,차대차 - 측면직각충돌,직진우회전진행방해,건조,맑음,교차로 - 교차로안,승용,남,62세,상해없음,원동기,여,61세,중상
2016032200100454,2016년 3월 22일 18시,화요일,전라남도 여수시 고소동,중상사고,0,3,2,0,차대차 - 정면충돌,안전운전불이행,건조,맑음,교차로 - 교차로안,승용,여,44세,경상,승용,남,30세,경상
2016032200100455,2016년 3월 22일 18시,화요일,전라남도 나주시 산포면,경상사고,0,0,3,0,차대차 - 기타,안전거리미확보,건조,맑음,단일로 - 기타,승용,여,63세,경상,승합,남,57세,상해없음
2016032200100456,2016년 3월 22일 18시,화요일,전라남도 장흥군 장흥읍,중상사고,0,1,1,0,차대사람 - 횡단중,안전운전불이행,건조,맑음,단일로 - 기타,승용,여,35세,상해없음,보행자,남,7세,경상
2016032200100601,2016년 3월 22일 22시,화요일,전라남도 광양시 중동,중상사고,0,2,0,0,차대차 - 측면충돌,교차로운행방법위반,건조,맑음,교차로 - 교차로안,승합,남,61세,상해없음,원동기,남,46세,중상
2016032200100628,2016년 3월 22일 23시,화요일,전라남도 장흥군 유치면,사망사고,1,0,0,3,차대차 - 정면충돌,중앙선침범,건조,맑음,단일로 - 기타,승용,남,46세,사망,승용,남,48세,부상신고
2016032300100115,2016년 3월 23일 08시,수요일,전라남도 완도군 완도읍,중상사고,0,1,0,0,차대차 - 측면충돌,신호위반,건조,맑음,교차로 - 교차로안,원동기,남,82세,중상,화물,남,57세,상해없음
2016032300100192,2016년 3월 23일 11시,수요일,전라남도 여수시 여서동,중상사고,0,2,1,0,차대차 - 정면충돌,직진우회전진행방해,건조,맑음,교차로 - 교차로안,승용,남,69세,상해없음,승용,남,61세,경상
2016032300100215,2016년 3월 23일 12시,수요일,전라남도 고흥군 도화면,경상사고,0,0,1,0,차대차 - 측면충돌,안전운전불이행,건조,맑음,단일로 - 기타,화물,남,45세,상해없음,이륜,남,71세,경상
2016032300100216,2016년 3월 23일 12시,수요일,전라남도 강진군 병영면,경상사고,0,0,1,0,차대차 - 측면충돌,안전운전불이행,건조,맑음,단일로 - 기타,승용,남,50세,상해없음,화물,여,56세,경상
2016032300100269,2016년 3월 23일 14시,수요일,전라남도 광양시 황길동,경상사고,0,0,1,0,차량단독 - 공작물충돌,안전운전불이행,건조,맑음,단일로 - 기타,특수,남,38세,경상,,,,
2016032300100270,2016년 3월 23일 14시,수요일,전라남도 광양시 광영동,경상사고,0,0,1,0,차대차 - 기타,교차로운행방법위반,건조,맑음,교차로 - 교차로안,승용,남,59세,상해없음,특수,남,50세,상해없음
2016032300100300,2016년 3월 23일 15시,수요일,전라남도 신안군 팔금면,중상사고,0,1,0,0,차대사람 - 길가장자리구역통행중,안전운전불이행,건조,맑음,단일로 - 기타,화물,남,50세,상해없음,보행자,여,71세,중상
2016032300100301,2016년 3월 23일 15시,수요일,전라남도 구례군 구례읍,경상사고,0,0,1,0,차대차 - 측면직각충돌,안전거리미확보,건조,맑음,단일로 - 교량,이륜,남,65세,경상,승용,여,61세,상해없음
2016032300100330,2016년 3월 23일 16시,수요일,전라남도 무안군 일로읍,경상사고,0,0,2,0,차대차 - 추돌,안전운전불이행,건조,맑음,단일로 - 기타,화물,남,25세,상해없음,승용,남,72세,경상
2016032300100331,2016년 3월 23일 16시,수요일,전라남도 여수시 봉계동,경상사고,0,0,1,0,차대사람 - 횡단중,안전운전불이행,건조,맑음,단일로 - 기타,승용,여,29세,상해없음,보행자,여,1세,경상
2016032300100399,2016년 3월 23일 18시,수요일,전라남도 목포시 용해동,경상사고,0,0,2,0,차대차 - 측면직각충돌,직진우회전진행방해,건조,맑음,교차로 - 교차로안,승용,여,62세,경상,화물,남,35세,경상
2016032300100400,2016년 3월 23일 18시,수요일,전라남도 고흥군 금산면,중상사고,0,2,0,0,차량단독 - 전도전복,안전운전불이행,건조,맑음,교차로 - 교차로안,승용,남,51세,중상,,,,
2016032300100401,2016년 3월 23일 18시,수요일,전라남도 완도군 완도읍,경상사고,0,0,1,0,차대차 - 측면직각충돌,차로위반,건조,맑음,단일로 - 기타,화물,남,56세,상해없음,승용,남,37세,경상
2016032300100442,2016년 3월 23일 19시,수요일,전라남도 나주시 대호동,중상사고,0,1,2,0,차대차 - 측면충돌,안전운전불이행,건조,맑음,단일로 - 기타,원동기,남,23세,중상,승합,남,33세,경상
2016032300100468,2016년 3월 23일 20시,수요일,전라남도 여수시 봉산동,중상사고,0,1,0,0,차량단독 - 공작물충돌,안전운전불이행,건조,맑음,교차로 - 교차로안,이륜,남,49세,중상,,,,
2016032300100469,2016년 3월 23일 20시,수요일,전라남도 광양시 광양읍,경상사고,0,0,2,0,차대차 - 측면직각충돌,신호위반,건조,맑음,교차로 - 교차로안,승용,여,23세,경상,승용,남,63세,상해없음
2016032300100497,2016년 3월 23일 21시,수요일,전라남도 목포시 산정동,경상사고,0,0,3,0,차대차 - 추돌,안전운전불이행,건조,맑음,교차로 - 교차로부근,승용,남,35세,경상,승용,여,49세,경상
2016032300100498,2016년 3월 23일 21시,수요일,전라남도 여수시 소라면,사망사고,1,0,1,0,차대차 - 측면직각충돌,안전운전불이행,건조,맑음,단일로 - 기타,승용,여,31세,사망,승용,남,50세,경상
2016032300100525,2016년 3월 23일 22시,수요일,전라남도 목포시 산정동,경상사고,0,0,1,0,차대차 - 측면직각충돌,차로위반,건조,맑음,단일로 - 기타,승용,남,50세,상해없음,승용,남,40세,경상
2016032300100526,2016년 3월 23일 22시,수요일,전라남도 목포시 산정동,경상사고,0,0,1,0,차대차 - 추돌,안전운전불이행,건조,맑음,교차로 - 교차로부근,기타불명,기타불명,기타불명,기타불명,이륜,남,32세,경상
2016032400100015,2016년 3월 24일 00시,목요일,전라남도 나주시 빛가람동,경상사고,0,0,3,0,차대차 - 정면충돌,중앙선침범,건조,맑음,교차로 - 교차로부근,승용,남,23세,경상,승용,여,29세,경상
2016032400100084,2016년 3월 24일 05시,목요일,전라남도 광양시 중동,경상사고,0,0,1,0,차대차 - 추돌,안전운전불이행,건조,맑음,교차로 - 교차로안,승용,남,44세,상해없음,승용,남,46세,경상
2016032400100111,2016년 3월 24일 07시,목요일,전라남도 무안군 삼향읍,경상사고,0,0,1,0,차대차 - 정면충돌,중앙선침범,건조,맑음,단일로 - 기타,승용,남,29세,상해없음,승용,남,31세,경상
2016032400100203,2016년 3월 24일 09시,목요일,전라남도 목포시 명륜동,사망사고,1,0,0,0,차대차 - 측면직각충돌,중앙선침범,건조,맑음,단일로 - 기타,이륜,남,89세,사망,승용,남,65세,상해없음
2016032400100204,2016년 3월 24일 09시,목요일,전라남도 목포시 산정동,경상사고,0,0,2,0,차대차 - 추돌,안전운전불이행,건조,맑음,단일로 - 기타,승용,남,28세,상해없음,승용,남,53세,경상
2016032400100205,2016년 3월 24일 09시,목요일,전라남도 고흥군 점암면,중상사고,0,1,0,0,차대차 - 기타,안전운전불이행,건조,맑음,단일로 - 기타,화물,남,55세,상해없음,이륜,남,78세,중상
2016032400100233,2016년 3월 24일 10시,목요일,전라남도 광양시 다압면,경상사고,0,0,1,0,차대사람 - 횡단중,안전운전불이행,건조,맑음,단일로 - 기타,승용,여,54세,상해없음,보행자,여,56세,경상
2016032400100258,2016년 3월 24일 11시,목요일,전라남도 목포시 산정동,경상사고,0,0,1,0,차대차 - 추돌,안전운전불이행,건조,맑음,단일로 - 기타,승용,남,39세,상해없음,화물,남,57세,경상
2016032400100259,2016년 3월 24일 11시,목요일,전라남도 여수시 여서동,경상사고,0,0,3,0,차대차 - 추돌,안전운전불이행,건조,맑음,교차로 - 교차로안,승합,남,48세,상해없음,승용,남,28세,경상
2016032400100260,2016년 3월 24일 11시,목요일,전라남도 강진군 군동면,중상사고,0,1,1,0,차대차 - 기타,안전운전불이행,건조,맑음,단일로 - 기타,원동기,남,79세,경상,원동기,여,67세,중상
2016032400100314,2016년 3월 24일 13시,목요일,전라남도 여수시 미평동,경상사고,0,0,1,0,차대차 - 추돌,안전운전불이행,건조,맑음,단일로 - 기타,이륜,남,21세,상해없음,승용,여,44세,경상
2016032400100341,2016년 3월 24일 14시,목요일,전라남도 장흥군 대덕읍,부상신고사고,0,0,0,1,차대차 - 측면직각충돌,안전운전불이행,건조,맑음,교차로 - 교차로안,승용,여,51세,상해없음,원동기,남,65세,부상신고
2016032400100370,2016년 3월 24일 15시,목요일,전라남도 고흥군 고흥읍,중상사고,0,1,0,0,차대차 - 측면충돌,안전운전불이행,건조,맑음,단일로 - 기타,화물,남,47세,상해없음,이륜,남,72세,중상
2016032400100428,2016년 3월 24일 17시,목요일,전라남도 목포시 용당동,경상사고,0,0,1,0,차대차 - 측면직각충돌,안전운전불이행,건조,맑음,단일로 - 횡단보도상,승용,남,49세,상해없음,자전거,남,67세,경상
2016032400100429,2016년 3월 24일 17시,목요일,전라남도 여수시 공화동,경상사고,0,0,1,0,차대차 - 정면충돌,교차로운행방법위반,건조,맑음,교차로 - 교차로안,승합,남,56세,상해없음,이륜,남,29세,경상
2016032400100430,2016년 3월 24일 17시,목요일,전라남도 여수시 오림동,중상사고,0,1,2,0,차대차 - 추돌,안전운전불이행,건조,맑음,교차로 - 교차로부근,승합,남,45세,상해없음,승용,여,57세,경상
2016032400100469,2016년 3월 24일 18시,목요일,전라남도 순천시 연향동,경상사고,0,0,1,0,차대차 - 추돌,안전거리미확보,건조,맑음,단일로 - 기타,승용,남,36세,기타불명,승용,여,44세,경상
2016032400100508,2016년 3월 24일 19시,목요일,전라남도 장흥군 관산읍,중상사고,0,1,0,0,차대사람 - 횡단중,안전운전불이행,건조,맑음,교차로 - 교차로부근,승용,남,54세,상해없음,보행자,남,77세,중상
2016032400100568,2016년 3월 24일 21시,목요일,전라남도 순천시 남정동,경상사고,0,0,1,0,차대차 - 측면충돌,안전운전불이행,건조,맑음,단일로 - 기타,승용,남,24세,상해없음,이륜,남,63세,경상
2016032400100601,2016년 3월 24일 22시,목요일,전라남도 고흥군 남양면,부상신고사고,0,0,0,1,차대차 - 기타,기타,건조,맑음,단일로 - 기타,건설기계,남,43세,상해없음,승용,남,30세,상해없음
2016032500100058,2016년 3월 25일 05시,금요일,전라남도 여수시 여서동,중상사고,0,1,0,0,차대사람 - 횡단중,안전운전불이행,습기,맑음,단일로 - 횡단보도상,승용,남,68세,상해없음,보행자,여,71세,중상
2016032500100086,2016년 3월 25일 07시,금요일,전라남도 여수시 국동,중상사고,0,1,0,0,차대차 - 측면충돌,교차로운행방법위반,건조,맑음,교차로 - 교차로안,원동기,남,73세,중상,승용,남,39세,상해없음
2016032500100087,2016년 3월 25일 07시,금요일,전라남도 장성군 장성읍,경상사고,0,0,1,0,차대차 - 측면충돌,안전운전불이행,건조,맑음,교차로 - 교차로안,승용,남,47세,상해없음,자전거,남,31세,경상
2016032500100125,2016년 3월 25일 08시,금요일,전라남도 강진군 성전면,경상사고,0,0,1,0,차대차 - 추돌,안전운전불이행,건조,맑음,단일로 - 기타,화물,남,37세,상해없음,승용,여,43세,경상
2016032500100126,2016년 3월 25일 08시,금요일,전라남도 강진군 강진읍,경상사고,0,0,2,0,차대차 - 측면충돌,직진우회전진행방해,건조,맑음,교차로 - 교차로안,화물,여,67세,경상,승용,남,47세,경상
2016032500100127,2016년 3월 25일 08시,금요일,전라남도 완도군 청산면,중상사고,0,1,0,0,차대차 - 측면직각충돌,기타,건조,맑음,단일로 - 기타,이륜,남,66세,중상,화물,남,34세,상해없음
2016032500100158,2016년 3월 25일 09시,금요일,전라남도 고흥군 고흥읍,경상사고,0,0,1,0,차량단독 - 전도전복,안전운전불이행,건조,맑음,단일로 - 기타,이륜,남,69세,경상,,,,
2016032500100184,2016년 3월 25일 10시,금요일,전라남도 화순군 화순읍,경상사고,0,0,1,0,차대차 - 측면충돌,직진우회전진행방해,건조,맑음,교차로 - 교차로안,화물,남,49세,상해없음,승용,여,42세,경상
2016032500100185,2016년 3월 25일 10시,금요일,전라남도 화순군 도곡면,경상사고,0,0,1,0,차대차 - 측면충돌,안전운전불이행,건조,맑음,기타 - 기타,승용,남,32세,상해없음,이륜,남,88세,경상
2016032500100233,2016년 3월 25일 12시,금요일,전라남도 화순군 화순읍,경상사고,0,0,2,0,차대차 - 추돌,직진우회전진행방해,건조,맑음,교차로 - 교차로안,승용,남,66세,상해없음,승용,여,30세,경상
2016032500100267,2016년 3월 25일 13시,금요일,전라남도 광양시 광양읍,중상사고,0,1,0,0,차대차 - 추돌,직진우회전진행방해,건조,맑음,교차로 - 교차로안,승용,여,46세,상해없음,원동기,남,77세,중상
2016032500100268,2016년 3월 25일 13시,금요일,전라남도 구례군 구례읍,중상사고,0,2,1,0,차대차 - 추돌,불법유턴,건조,맑음,단일로 - 기타,승용,남,44세,중상,승용,남,52세,중상
2016032500100296,2016년 3월 25일 14시,금요일,전라남도 고흥군 고흥읍,중상사고,0,1,0,0,차대차 - 측면직각충돌,안전운전불이행,건조,맑음,단일로 - 기타,건설기계,남,45세,상해없음,이륜,남,83세,중상
2016032500100326,2016년 3월 25일 15시,금요일,전라남도 화순군 화순읍,경상사고,0,0,2,0,차대차 - 측면충돌,안전운전불이행,건조,맑음,교차로 - 교차로안,화물,남,73세,상해없음,승용,남,65세,경상
2016032500100370,2016년 3월 25일 16시,금요일,전라남도 화순군 능주면,경상사고,0,0,1,0,차대차 - 정면충돌,안전운전불이행,건조,맑음,기타 - 기타,승용,남,58세,상해없음,화물,남,66세,경상
2016032500100405,2016년 3월 25일 17시,금요일,전라남도 보성군 벌교읍,중상사고,0,1,0,0,차대차 - 측면충돌,안전운전불이행,건조,맑음,교차로 - 교차로안,화물,남,71세,상해없음,승용,여,21세,중상
2016032500100406,2016년 3월 25일 17시,금요일,전라남도 영암군 신북면,경상사고,0,0,3,0,차대차 - 추돌,안전거리미확보,건조,맑음,교차로 - 교차로부근,건설기계,남,57세,상해없음,화물,남,46세,경상
2016032500100450,2016년 3월 25일 18시,금요일,전라남도 목포시 산정동,중상사고,0,1,0,0,차대차 - 측면충돌,직진우회전진행방해,건조,맑음,교차로 - 교차로안,승용,여,35세,상해없음,이륜,남,50세,중상
2016032500100451,2016년 3월 25일 18시,금요일,전라남도 영광군 영광읍,경상사고,0,0,1,0,차대사람 - 길가장자리구역통행중,안전운전불이행,건조,맑음,단일로 - 기타,승용,여,77세,상해없음,보행자,여,18세,경상
2016032500100452,2016년 3월 25일 18시,금요일,전라남도 화순군 화순읍,부상신고사고,0,0,0,1,차대사람 - 기타,기타,건조,맑음,단일로 - 기타,승용,여,31세,상해없음,보행자,남,9세,부상신고
2016032500100503,2016년 3월 25일 19시,금요일,전라남도 목포시 석현동,경상사고,0,0,2,0,차대차 - 정면충돌,중앙선침범,건조,맑음,단일로 - 기타,승용,남,53세,상해없음,승합,남,48세,경상
2016032500100504,2016년 3월 25일 19시,금요일,전라남도 목포시 연산동,경상사고,0,0,1,0,차대차 - 추돌,안전운전불이행,건조,맑음,단일로 - 기타,승용,남,38세,상해없음,화물,남,53세,상해없음
2016032500100505,2016년 3월 25일 19시,금요일,전라남도 목포시 상동,경상사고,0,0,1,0,차대사람 - 횡단중,안전운전불이행,건조,맑음,교차로 - 교차로부근,승용,남,45세,상해없음,보행자,여,38세,경상
2016032500100506,2016년 3월 25일 19시,금요일,전라남도 신안군 안좌면,사망사고,1,0,0,0,차대사람 - 횡단중,중앙선침범,건조,기타,단일로 - 기타,승용,남,56세,상해없음,보행자,남,82세,사망
2016032500100507,2016년 3월 25일 19시,금요일,전라남도 보성군 보성읍,중상사고,0,1,7,0,차대차 - 정면충돌,안전거리미확보,건조,맑음,단일로 - 기타,승용,남,67세,경상,승용,남,27세,경상
2016032500100588,2016년 3월 25일 21시,금요일,전라남도 목포시 산정동,중상사고,0,2,0,0,차대사람 - 횡단중,안전운전불이행,건조,맑음,단일로 - 기타,이륜,남,22세,중상,보행자,남,55세,중상
2016032500100589,2016년 3월 25일 21시,금요일,전라남도 목포시 대성동,경상사고,0,0,1,0,차대차 - 기타,직진우회전진행방해,건조,맑음,교차로 - 교차로안,승용,남,45세,상해없음,이륜,남,17세,경상
2016032500100590,2016년 3월 25일 21시,금요일,전라남도 목포시 산정동,경상사고,0,0,1,0,차대차 - 측면직각충돌,안전운전불이행,건조,맑음,단일로 - 기타,승용,남,47세,기타불명,승용,여,42세,경상
2016032500100591,2016년 3월 25일 21시,금요일,전라남도 영암군 삼호읍,경상사고,0,0,5,0,차대차 - 추돌,안전운전불이행,건조,맑음,교차로 - 교차로안,승용,남,47세,경상,승용,남,44세,경상
2016032500100649,2016년 3월 25일 23시,금요일,전라남도 광양시 광영동,중상사고,0,2,2,0,차대차 - 추돌,안전운전불이행,건조,맑음,교차로 - 교차로부근,승용,남,25세,중상,승용,여,48세,중상
2016032600100017,2016년 3월 26일 00시,토요일,전라남도 목포시 죽교동,경상사고,0,0,1,0,차대차 - 측면충돌,직진우회전진행방해,건조,기타,교차로 - 교차로안,기타불명,기타불명,기타불명,기타불명,원동기,남,33세,경상
2016032600100018,2016년 3월 26일 00시,토요일,전라남도 영암군 삼호읍,경상사고,0,0,1,0,차대차 - 추돌,안전운전불이행,건조,맑음,단일로 - 기타,승용,남,45세,경상,승용,남,32세,기타불명
2016032600100079,2016년 3월 26일 03시,토요일,전라남도 여수시 여서동,경상사고,0,0,1,0,차대사람 - 길가장자리구역통행중,안전운전불이행,건조,맑음,교차로 - 교차로안,승용,남,18세,상해없음,보행자,남,27세,경상
2016032600100102,2016년 3월 26일 05시,토요일,전라남도 영암군 신북면,사망사고,1,0,0,0,차대차 - 측면직각충돌,안전운전불이행,습기,안개,교차로 - 교차로부근,승용,남,29세,상해없음,농기계,남,77세,사망
2016032600100147,2016년 3월 26일 08시,토요일,전라남도 담양군 대전면,중상사고,0,1,0,0,차대차 - 기타,안전운전불이행,건조,맑음,단일로 - 기타,건설기계,남,56세,상해없음,원동기,남,61세,중상
2016032600100176,2016년 3월 26일 09시,토요일,전라남도 순천시 조례동,경상사고,0,0,4,0,차대차 - 측면충돌,안전운전불이행,건조,맑음,교차로 - 교차로안,승용,남,39세,경상,승용,남,54세,경상
2016032600100208,2016년 3월 26일 10시,토요일,전라남도 고흥군 동강면,사망사고,1,0,0,0,차대사람 - 기타,안전운전불이행,건조,맑음,단일로 - 기타,화물,남,41세,상해없음,보행자,여,81세,사망
2016032600100209,2016년 3월 26일 10시,토요일,전라남도 진도군 지산면,중상사고,0,1,0,0,차대차 - 측면직각충돌,안전운전불이행,건조,맑음,단일로 - 기타,화물,남,51세,상해없음,이륜,남,76세,중상
2016032600100250,2016년 3월 26일 11시,토요일,전라남도 신안군 지도읍,중상사고,0,1,0,0,차대사람 - 횡단중,안전운전불이행,건조,맑음,단일로 - 기타,승용,남,53세,상해없음,보행자,여,5세,중상
2016032600100251,2016년 3월 26일 11시,토요일,전라남도 순천시 조곡동,경상사고,0,0,1,0,차대차 - 추돌,안전거리미확보,건조,맑음,교차로 - 교차로부근,화물,남,36세,기타불명,승용,여,55세,경상
2016032600100292,2016년 3월 26일 12시,토요일,전라남도 영광군 영광읍,경상사고,0,0,1,0,차대차 - 기타,안전운전불이행,건조,맑음,단일로 - 기타,승용,남,25세,기타불명,승용,남,55세,상해없음
2016032600100293,2016년 3월 26일 12시,토요일,전라남도 광양시 광양읍,경상사고,0,0,1,0,차대차 - 추돌,안전거리미확보,건조,맑음,단일로 - 기타,화물,남,54세,상해없음,이륜,남,34세,경상
2016032600100339,2016년 3월 26일 13시,토요일,전라남도 담양군 금성면,경상사고,0,0,2,0,차대차 - 측면충돌,안전운전불이행,건조,맑음,단일로 - 기타,승용,남,47세,상해없음,승용,남,63세,경상
2016032600100340,2016년 3월 26일 13시,토요일,전라남도 광양시 태인동,중상사고,0,1,0,0,차대차 - 추돌,안전운전불이행,건조,맑음,단일로 - 기타,승용,남,57세,상해없음,이륜,남,78세,중상
2016032600100371,2016년 3월 26일 14시,토요일,전라남도 목포시 용해동,경상사고,0,0,5,0,차대차 - 측면직각충돌,차로위반,건조,맑음,단일로 - 기타,승용,여,69세,상해없음,승용,여,30세,경상
2016032600100372,2016년 3월 26일 14시,토요일,전라남도 나주시 다시면,경상사고,0,0,1,1,차대차 - 기타,안전운전불이행,건조,맑음,단일로 - 기타,화물,남,61세,상해없음,승용,남,56세,부상신고