사고번호,사고일시,요일,시군구,사고내용,사망자수,중상자수,경상자수,부상신고자수,사고유형,법규위반,노면상태,기상상태,도로형태,가해운전자 차종,가해운전자 성별,가해운전자 연령,가해운전자 상해정도,피해운전자 차종,피해운전자 성별,피해운전자 연령,피해운전자 상해정도
2016033100100199,2016년 3월 31일 11시,목요일,전라남도 나주시 동강면,경상사고,0,0,2,0,차대차 - 측면직각충돌,직진우회전진행방해,건조,맑음,교차로 - 교차로안,화물,남,32세,경상,화물,남,65세,경상
2016033100100219,2016년 3월 31일 12시,목요일,전라남도 무안군 몽탄면,사망사고,1,0,0,0,차대사람 - 길가장자리구역통행중,안전운전불이행,건조,맑음,교차로 - 교차로안,승용,여,53세,상해없음,보행자,여,70세,사망
2016033100100269,2016년 3월 31일 14시,목요일,전라남도 목포시 상동,경상사고,0,0,1,0,차대차 - 측면충돌,신호위반,건조,맑음,교차로 - 교차로안,승용,남,42세,상해없음,승용,남,41세,경상
2016033100100270,2016년 3월 31일 14시,목요일,전라남도 목포시 상동,경상사고,0,0,1,0,차대차 - 측면충돌,직진우회전진행방해,건조,맑음,교차로 - 교차로안,승용,남,66세,상해없음,승용,여,24세,경상
2016033100100307,2016년 3월 31일 15시,목요일,전라남도 여수시 선원동,경상사고,0,0,1,0,차대차 - 측면직각충돌,교차로운행방법위반,건조,맑음,교차로 - 교차로안,승용,남,36세,상해없음,이륜,남,47세,경상
2016033100100308,2016년 3월 31일 15시,목요일,전라남도 광양시 진월면,중상사고,0,1,0,0,차대차 - 측면직각충돌,교차로운행방법위반,건조,맑음,교차로 - 교차로안,화물,남,64세,상해없음,승용,남,28세,중상
2016033100100375,2016년 3월 31일 17시,목요일,전라남도 순천시 서면,경상사고,0,0,2,0,차대차 - 측면충돌,안전거리미확보,건조,맑음,단일로 - 기타,승합,남,56세,상해없음,화물,남,52세,경상
2016033100100417,2016년 3월 31일 18시,목요일,전라남도 강진군 강진읍,경상사고,0,0,3,0,차대차 - 측면직각충돌,안전운전불이행,건조,맑음,교차로 - 교차로안,승용,여,61세,경상,승용,남,22세,경상
2016033100100455,2016년 3월 31일 19시,목요일,전라남도 순천시 별량면,중상사고,0,1,0,0,차대차 - 추돌,안전운전불이행,건조,맑음,단일로 - 기타,승용,여,48세,상해없음,농기계,남,62세,중상
2016033100100456,2016년 3월 31일 19시,목요일,전라남도 해남군 삼산면,중상사고,0,1,1,0,차대차 - 측면직각충돌,안전운전불이행,건조,맑음,단일로 - 기타,농기계,남,76세,경상,화물,남,23세,상해없음
2016033100100489,2016년 3월 31일 20시,목요일,전라남도 목포시 옥암동,중상사고,0,1,4,0,차대차 - 측면충돌,중앙선침범,건조,맑음,단일로 - 기타,승용,여,61세,상해없음,승용,남,56세,경상
2016033100100490,2016년 3월 31일 20시,목요일,전라남도 목포시 용당동,경상사고,0,0,3,0,차대차 - 측면충돌,안전운전불이행,건조,맑음,교차로 - 교차로부근,승용,여,43세,경상,승용,여,36세,경상
2016033100100519,2016년 3월 31일 21시,목요일,전라남도 목포시 용해동,경상사고,0,0,1,0,차대차 - 측면충돌,중앙선침범,건조,맑음,교차로 - 교차로부근,화물,남,50세,상해없음,승용,여,33세,경상
2016033100100520,2016년 3월 31일 21시,목요일,전라남도 나주시 금천면,경상사고,0,0,2,0,차대차 - 측면직각충돌,신호위반,건조,맑음,교차로 - 교차로안,승용,여,67세,경상,승용,남,39세,경상
2016033100100521,2016년 3월 31일 21시,목요일,전라남도 해남군 해남읍,중상사고,0,1,0,0,차대사람 - 횡단중,안전운전불이행,건조,맑음,교차로 - 교차로안,화물,남,46세,상해없음,보행자,남,29세,중상
2016033100100522,2016년 3월 31일 21시,목요일,전라남도 영광군 영광읍,경상사고,0,0,1,0,차대차 - 측면직각충돌,교차로운행방법위반,건조,맑음,교차로 - 교차로안,승용,여,42세,상해없음,승용,여,53세,경상
2016033100100547,2016년 3월 31일 22시,목요일,전라남도 목포시 산정동,중상사고,0,1,2,0,차대차 - 측면충돌,신호위반,건조,맑음,교차로 - 교차로안,승용,여,43세,상해없음,승용,남,69세,중상
2016033100100568,2016년 3월 31일 23시,목요일,전라남도 목포시 석현동,중상사고,0,1,0,0,차량단독 - 전도전복,안전운전불이행,건조,맑음,단일로 - 기타,승용,남,32세,중상,,,,
2016033100100569,2016년 3월 31일 23시,목요일,전라남도 무안군 삼향읍,경상사고,0,0,2,0,차대차 - 측면충돌,교차로운행방법위반,건조,맑음,교차로 - 교차로안,승용,남,58세,상해없음,승합,여,37세,경상
2016040100100054,2016년 4월 1일 04시,금요일,전라남도 목포시 옥암동,경상사고,0,0,1,0,차대차 - 측면충돌,신호위반,건조,맑음,교차로 - 교차로안,승용,남,13세,상해없음,승용,남,52세,상해없음
2016040100100065,2016년 4월 1일 05시,금요일,전라남도 고흥군 두원면,중상사고,0,2,0,0,차량단독 - 전도전복,안전운전불이행,습기,안개,단일로 - 기타,화물,남,68세,중상,,,,
2016040100100075,2016년 4월 1일 06시,금요일,전라남도 함평군 함평읍,경상사고,0,0,1,0,차대차 - 정면충돌,안전운전불이행,습기,안개,교차로 - 교차로부근,승합,남,66세,상해없음,원동기,남,78세,경상
2016040100100091,2016년 4월 1일 07시,금요일,전라남도 목포시 죽교동,경상사고,0,0,1,0,차대차 - 정면충돌,안전운전불이행,기타,안개,교차로 - 교차로부근,승용,남,52세,상해없음,자전거,남,17세,경상
2016040100100092,2016년 4월 1일 07시,금요일,전라남도 목포시 상동,경상사고,0,0,1,0,차대차 - 측면충돌,직진우회전진행방해,건조,맑음,교차로 - 교차로안,승용,남,47세,상해없음,승용,남,68세,상해없음
2016040100100093,2016년 4월 1일 07시,금요일,전라남도 여수시 문수동,경상사고,0,0,1,0,차대차 - 측면충돌,안전운전불이행,건조,맑음,교차로 - 교차로안,화물,남,73세,상해없음,승용,남,66세,경상
2016040100100094,2016년 4월 1일 07시,금요일,전라남도 순천시 연향동,경상사고,0,0,1,0,차대차 - 기타,안전운전불이행,건조,맑음,교차로 - 교차로부근,화물,남,48세,경상,화물,남,60세,상해없음
2016040100100095,2016년 4월 1일 07시,금요일,전라남도 영암군 삼호읍,경상사고,0,0,4,0,차대차 - 추돌,안전운전불이행,습기,안개,교차로 - 교차로부근,승용,남,49세,경상,화물,남,39세,경상
2016040100100143,2016년 4월 1일 08시,금요일,전라남도 순천시 조례동,경상사고,0,0,1,0,차대차 - 측면직각충돌,직진우회전진행방해,건조,맑음,교차로 - 교차로안,승용,남,73세,상해없음,승용,여,53세,상해없음
2016040100100179,2016년 4월 1일 09시,금요일,전라남도 여수시 소라면,중상사고,0,1,0,0,차대차 - 기타,안전운전불이행,건조,맑음,단일로 - 기타,화물,남,35세,상해없음,농기계,남,75세,중상
2016040100100180,2016년 4월 1일 09시,금요일,전라남도 해남군 산이면,경상사고,0,0,3,0,차대차 - 정면충돌,직진우회전진행방해,건조,맑음,교차로 - 교차로안,화물,남,74세,경상,승용,남,31세,경상
2016040100100211,2016년 4월 1일 10시,금요일,전라남도 신안군 임자면,중상사고,0,1,0,0,차대차 - 측면충돌,안전운전불이행,건조,맑음,단일로 - 기타,특수,남,45세,상해없음,화물,남,39세,중상
2016040100100212,2016년 4월 1일 10시,금요일,전라남도 여수시 봉산동,중상사고,0,1,0,0,차대사람 - 횡단중,안전운전불이행,건조,맑음,교차로 - 교차로안,화물,남,58세,상해없음,보행자,남,67세,중상
2016040100100247,2016년 4월 1일 11시,금요일,전라남도 순천시 장천동,경상사고,0,0,1,0,차대사람 - 기타,안전운전불이행,건조,맑음,단일로 - 기타,승용,여,37세,상해없음,보행자,남,43세,경상
2016040100100297,2016년 4월 1일 13시,금요일,전라남도 고흥군 과역면,경상사고,0,0,2,0,차대사람 - 횡단중,안전운전불이행,건조,맑음,교차로 - 교차로부근,승합,남,42세,상해없음,보행자,여,9세,경상
2016040100100298,2016년 4월 1일 13시,금요일,전라남도 보성군 회천면,경상사고,0,0,2,0,차량단독 - 도로외이탈 - 기타,안전운전불이행,건조,맑음,단일로 - 기타,화물,남,60세,경상,,,,
2016040100100324,2016년 4월 1일 14시,금요일,전라남도 순천시 덕월동,중상사고,0,1,0,0,차대차 - 측면충돌,기타,건조,맑음,교차로 - 교차로안,승용,남,25세,상해없음,원동기,남,70세,중상
2016040100100325,2016년 4월 1일 14시,금요일,전라남도 고흥군 고흥읍,중상사고,0,1,3,0,차대차 - 기타,안전운전불이행,건조,맑음,단일로 - 기타,승용,여,47세,경상,화물,남,62세,경상
2016040100100408,2016년 4월 1일 16시,금요일,전라남도 보성군 벌교읍,경상사고,0,0,1,0,차대차 - 측면충돌,직진우회전진행방해,건조,맑음,교차로 - 교차로안,승용,남,62세,상해없음,승용,남,69세,경상
2016040100100450,2016년 4월 1일 17시,금요일,전라남도 순천시 해룡면,경상사고,0,0,1,0,차대차 - 측면충돌,안전거리미확보,건조,맑음,단일로 - 기타,승용,남,33세,상해없음,승용,남,33세,경상
2016040100100451,2016년 4월 1일 17시,금요일,전라남도 강진군 강진읍,중상사고,0,1,1,0,차대차 - 기타,안전운전불이행,건조,맑음,단일로 - 기타,승용,남,75세,상해없음,원동기,남,60세,경상
2016040100100452,2016년 4월 1일 17시,금요일,전라남도 무안군 무안읍,경상사고,0,0,1,0,차량단독 - 전도전복,안전운전불이행,건조,맑음,단일로 - 기타,이륜,남,80세,경상,,,,
2016040100100453,2016년 4월 1일 17시,금요일,전라남도 무안군 해제면,경상사고,0,0,1,0,차대차 - 측면충돌,교차로운행방법위반,건조,맑음,교차로 - 교차로안,승용,남,23세,상해없음,화물,남,59세,경상
2016040100100500,2016년 4월 1일 18시,금요일,전라남도 보성군 득량면,중상사고,0,1,1,0,차대차 - 기타,안전운전불이행,건조,맑음,단일로 - 기타,화물,남,26세,상해없음,원동기,남,72세,중상
2016040100100551,2016년 4월 1일 19시,금요일,전라남도 여수시 오림동,경상사고,0,0,2,0,차대차 - 추돌,안전운전불이행,건조,맑음,단일로 - 기타,승용,남,24세,경상,화물,남,47세,상해없음
2016040100100552,2016년 4월 1일 19시,금요일,전라남도 곡성군 오산면,경상사고,0,0,1,0,차대차 - 정면충돌,안전운전불이행,습기,맑음,교차로 - 교차로안,승용,남,55세,상해없음,화물,남,20세,경상
2016040100100610,2016년 4월 1일 20시,금요일,전라남도 순천시 조례동,경상사고,0,0,2,0,차대차 - 추돌,안전운전불이행,건조,맑음,교차로 - 교차로부근,승용,남,41세,상해없음,승용,남,34세,경상
2016040100100612,2016년 4월 1일 20시,금요일,전라남도 광양시 광양읍,경상사고,0,0,1,0,차대사람 - 기타,안전운전불이행,건조,맑음,기타 - 기타,승용,여,59세,상해없음,보행자,여,52세,경상
2016040100100653,2016년 4월 1일 21시,금요일,전라남도 여수시 광무동,경상사고,0,0,1,0,차대차 - 측면충돌,신호위반,건조,맑음,단일로 - 기타,승용,남,58세,상해없음,승용,남,25세,경상
2016040200100040,2016년 4월 2일 01시,토요일,전라남도 목포시 산정동,경상사고,0,0,1,0,차대차 - 측면충돌,안전운전불이행,건조,맑음,단일로 - 기타,승용,남,45세,상해없음,승용,남,37세,경상
2016040200100054,2016년 4월 2일 02시,토요일,전라남도 영광군 영광읍,중상사고,0,2,0,0,차대차 - 추돌,안전운전불이행,건조,맑음,단일로 - 기타,승용,남,47세,중상,농기계,남,51세,중상
2016040200100079,2016년 4월 2일 04시,토요일,전라남도 순천시 매곡동,경상사고,0,0,1,0,차대사람 - 횡단중,안전운전불이행,건조,맑음,단일로 - 기타,화물,여,47세,상해없음,보행자,남,23세,경상
2016040200100106,2016년 4월 2일 06시,토요일,전라남도 해남군 해남읍,경상사고,0,0,1,0,차대사람 - 횡단중,안전운전불이행,건조,맑음,단일로 - 기타,승용,남,71세,상해없음,보행자,남,38세,경상
2016040200100125,2016년 4월 2일 07시,토요일,전라남도 무안군 해제면,중상사고,0,2,0,0,차대차 - 측면충돌,안전운전불이행,건조,맑음,교차로 - 교차로안,화물,남,49세,상해없음,이륜,남,85세,중상
2016040200100126,2016년 4월 2일 07시,토요일,전라남도 광양시 광양읍,경상사고,0,0,1,0,차대차 - 측면직각충돌,교차로운행방법위반,건조,맑음,교차로 - 교차로안,승용,여,30세,상해없음,승용,남,51세,경상
2016040200100177,2016년 4월 2일 09시,토요일,전라남도 순천시 해룡면,경상사고,0,0,2,0,차대차 - 기타,차로위반,건조,맑음,교차로 - 교차로부근,화물,남,49세,상해없음,화물,남,53세,상해없음
2016040200100178,2016년 4월 2일 09시,토요일,전라남도 구례군 간전면,중상사고,0,1,0,0,차대차 - 측면직각충돌,중앙선침범,건조,맑음,단일로 - 기타,이륜,남,77세,중상,승용,남,54세,상해없음
2016040200100208,2016년 4월 2일 10시,토요일,전라남도 나주시 중앙동,경상사고,0,0,1,0,차대사람 - 차도통행중,안전운전불이행,건조,맑음,단일로 - 기타,승용,남,26세,상해없음,보행자,남,80세,경상
2016040200100209,2016년 4월 2일 10시,토요일,전라남도 담양군 담양읍,경상사고,0,0,2,0,차대차 - 측면충돌,직진우회전진행방해,건조,맑음,교차로 - 교차로부근,승합,남,45세,상해없음,승용,남,76세,경상
2016040200100210,2016년 4월 2일 10시,토요일,전라남도 완도군 완도읍,중상사고,0,1,0,0,차대사람 - 횡단중,안전운전불이행,건조,맑음,교차로 - 교차로안,화물,남,66세,상해없음,보행자,여,58세,중상
2016040200100244,2016년 4월 2일 11시,토요일,전라남도 여수시 교동,경상사고,0,0,1,0,차대사람 - 횡단중,안전운전불이행,건조,맑음,단일로 - 기타,자전거,남,53세,상해없음,보행자,여,61세,경상
2016040200100277,2016년 4월 2일 12시,토요일,전라남도 순천시 동외동,경상사고,0,0,1,0,차대사람 - 횡단중,보행자보호의무위반,건조,맑음,교차로 - 교차로부근,승용,여,45세,상해없음,보행자,여,14세,경상
2016040200100278,2016년 4월 2일 12시,토요일,전라남도 영암군 시종면,경상사고,0,0,1,0,차대차 - 측면직각충돌,안전운전불이행,건조,맑음,교차로 - 교차로안,화물,남,66세,상해없음,원동기,남,74세,경상
2016040200100279,2016년 4월 2일 12시,토요일,전라남도 광양시 중군동,경상사고,0,0,2,1,차대차 - 측면직각충돌,안전거리미확보,건조,맑음,단일로 - 기타,승용,남,76세,부상신고,승용,남,36세,경상
2016040200100280,2016년 4월 2일 12시,토요일,전라남도 구례군 문척면,경상사고,0,0,2,0,차대차 - 추돌,안전운전불이행,건조,맑음,기타 - 기타,승용,남,33세,상해없음,승용,남,28세,경상
2016040200100321,2016년 4월 2일 13시,토요일,전라남도 순천시 조례동,경상사고,0,0,1,0,차대차 - 측면충돌,안전거리미확보,건조,맑음,교차로 - 교차로안,승용,여,43세,상해없음,승용,남,36세,경상
2016040200100322,2016년 4월 2일 13시,토요일,전라남도 영암군 군서면,경상사고,0,0,1,1,차대차 - 추돌,안전운전불이행,건조,맑음,단일로 - 기타,화물,남,58세,상해없음,승용,여,56세,부상신고
2016040200100323,2016년 4월 2일 13시,토요일,전라남도 광양시 중동,경상사고,0,0,2,0,차대차 - 기타,안전거리미확보,건조,맑음,단일로 - 기타,승용,여,51세,경상,승용,남,23세,경상
2016040200100369,2016년 4월 2일 14시,토요일,전라남도 여수시 신기동,경상사고,0,0,4,0,차대차 - 측면충돌,차로위반,건조,맑음,단일로 - 기타,승용,남,61세,상해없음,승용,여,32세,경상
2016040200100370,2016년 4월 2일 14시,토요일,전라남도 해남군 북일면,경상사고,0,0,1,0,차대차 - 정면충돌,안전운전불이행,건조,맑음,단일로 - 기타,화물,남,64세,상해없음,화물,여,55세,경상
2016040200100418,2016년 4월 2일 15시,토요일,전라남도 무안군 삼향읍,중상사고,0,2,3,0,차대차 - 측면충돌,신호위반,건조,맑음,교차로 - 교차로안,승용,남,60세,경상,승용,여,23세,경상
2016040200100464,2016년 4월 2일 16시,토요일,전라남도 목포시 용당동,중상사고,0,1,0,0,차대차 - 정면충돌,신호위반,건조,맑음,단일로 - 기타,자전거,남,12세,중상,승용,여,64세,상해없음
2016040200100465,2016년 4월 2일 16시,토요일,전라남도 고흥군 도양읍,중상사고,0,1,1,0,차대차 - 측면직각충돌,안전운전불이행,건조,맑음,교차로 - 교차로안,승용,남,55세,상해없음,승용,여,45세,경상
2016040200100541,2016년 4월 2일 18시,토요일,전라남도 순천시 조례동,경상사고,0,0,1,0,차대차 - 측면충돌,신호위반,건조,맑음,교차로 - 교차로안,승용,남,63세,상해없음,화물,남,45세,경상
2016040200100542,2016년 4월 2일 18시,토요일,전라남도 보성군 벌교읍,경상사고,0,0,2,0,차대차 - 추돌,안전운전불이행,건조,맑음,단일로 - 기타,승용,남,75세,상해없음,승용,남,28세,경상
2016040200100613,2016년 4월 2일 20시,토요일,전라남도 순천시 조례동,경상사고,0,0,1,2,차대차 - 측면충돌,신호위반,건조,맑음,교차로 - 교차로안,승용,남,34세,상해없음,승용,남,31세,경상
2016040200100614,2016년 4월 2일 20시,토요일,전라남도 순천시 조례동,경상사고,0,0,2,0,차대차 - 측면충돌,안전운전불이행,건조,맑음,교차로 - 교차로부근,승용,여,32세,경상,승용,남,47세,경상
2016040200100682,2016년 4월 2일 23시,토요일,전라남도 목포시 상동,중상사고,0,1,0,0,차대사람 - 횡단중,안전운전불이행,건조,맑음,단일로 - 횡단보도상,승용,남,41세,상해없음,보행자,남,29세,중상
2016040300100011,2016년 4월 3일 00시,일요일,전라남도 순천시 석현동,경상사고,0,0,4,0,차대차 - 측면직각충돌,교차로운행방법위반,습기,흐림,교차로 - 교차로안,화물,남,65세,상해없음,승용,여,34세,경상
2016040300100012,2016년 4월 3일 00시,일요일,전라남도 광양시 태인동,경상사고,0,0,2,0,차대차 - 측면직각충돌,안전거리미확보,건조,맑음,단일로 - 교량,특수,남,50세,상해없음,승용,남,35세,경상
2016040300100038,2016년 4월 3일 01시,일요일,전라남도 목포시 옥암동,사망사고,1,0,0,0,차량단독 - 전도전복,안전운전불이행,건조,맑음,단일로 - 기타,이륜,남,19세,사망,,,,
2016040300100039,2016년 4월 3일 01시,일요일,전라남도 여수시 학동,경상사고,0,0,2,1,차대차 - 측면직각충돌,안전운전불이행,건조,맑음,단일로 - 기타,승용,남,25세,상해없음,승합,남,61세,상해없음
2016040300100040,2016년 4월 3일 01시,일요일,전라남도 화순군 화순읍,경상사고,0,0,1,0,차대차 - 측면직각충돌,중앙선침범,건조,맑음,단일로 - 기타,승용,남,47세,상해없음,승용,남,44세,경상
2016040300100080,2016년 4월 3일 03시,일요일,전라남도 순천시 풍덕동,경상사고,0,0,2,0,차대차 - 기타,중앙선침범,건조,맑음,교차로 - 교차로안,승용,남,29세,상해없음,승용,여,44세,경상
2016040300100081,2016년 4월 3일 03시,일요일,전라남도 구례군 간전면,경상사고,0,0,2,0,차대차 - 추돌,안전운전불이행,건조,기타,단일로 - 기타,승용,여,48세,경상,승용,남,27세,경상
2016040300100106,2016년 4월 3일 05시,일요일,전라남도 순천시 조례동,경상사고,0,0,1,0,차대차 - 추돌,안전운전불이행,건조,맑음,교차로 - 교차로안,승용,남,30세,상해없음,승용,여,58세,경상
2016040300100107,2016년 4월 3일 05시,일요일,전라남도 순천시 조례동,경상사고,0,0,1,0,차대차 - 측면충돌,안전운전불이행,건조,맑음,교차로 - 교차로부근,승용,남,28세,상해없음,승용,남,48세,경상
2016040300100116,2016년 4월 3일 06시,일요일,전라남도 광양시 금호동,경상사고,0,0,1,0,차대사람 - 기타,안전운전불이행,건조,맑음,단일로 - 기타,승용,남,60세,상해없음,보행자,남,47세,경상
2016040300100172,2016년 4월 3일 10시,일요일,전라남도 순천시 석현동,경상사고,0,0,2,0,차대차 - 추돌,안전운전불이행,습기,비,단일로 - 기타,승용,여,34세,상해없음,승용,남,46세,경상
2016040300100173,2016년 4월 3일 10시,일요일,전라남도 진도군 의신면,경상사고,0,0,2,0,차대차 - 측면직각충돌,안전운전불이행,건조,흐림,교차로 - 교차로안,화물,남,55세,상해없음,화물,남,68세,상해없음
2016040300100222,2016년 4월 3일 12시,일요일,전라남도 목포시 산정동,경상사고,0,0,1,0,차대차 - 기타,안전운전불이행,건조,맑음,교차로 - 교차로부근,승용,여,68세,상해없음,화물,여,53세,경상
2016040300100223,2016년 4월 3일 12시,일요일,전라남도 영암군 시종면,경상사고,0,0,5,0,차대차 - 측면충돌,안전운전불이행,건조,맑음,교차로 - 교차로안,승용,남,53세,경상,승용,남,37세,경상
2016040300100287,2016년 4월 3일 14시,일요일,전라남도 신안군 압해읍,경상사고,0,0,2,0,차대차 - 측면충돌,중앙선침범,습기,흐림,단일로 - 기타,화물,남,53세,상해없음,승용,남,48세,경상
2016040300100288,2016년 4월 3일 14시,일요일,전라남도 나주시 공산면,중상사고,0,1,0,0,차량단독 - 공작물충돌,기타,건조,맑음,단일로 - 기타,화물,남,58세,중상,,,,
2016040300100289,2016년 4월 3일 14시,일요일,전라남도 보성군 벌교읍,중상사고,0,1,1,0,차량단독 - 기타,안전운전불이행,습기,비,단일로 - 기타,화물,남,47세,경상,,,,
2016040300100290,2016년 4월 3일 14시,일요일,전라남도 담양군 고서면,경상사고,0,0,4,0,차대차 - 측면충돌,안전운전불이행,습기,비,단일로 - 기타,화물,남,69세,상해없음,승용,여,64세,경상
2016040300100320,2016년 4월 3일 15시,일요일,전라남도 목포시 명륜동,경상사고,0,0,3,0,차대차 - 측면충돌,직진우회전진행방해,습기,흐림,교차로 - 교차로안,승용,남,32세,경상,승용,여,39세,경상
2016040300100321,2016년 4월 3일 15시,일요일,전라남도 해남군 삼산면,경상사고,0,0,5,0,차량단독 - 도로외이탈 - 추락,안전운전불이행,건조,맑음,교차로 - 교차로부근,승용,남,73세,경상,,,,
2016040300100322,2016년 4월 3일 15시,일요일,전라남도 해남군 산이면,경상사고,0,0,3,0,차대차 - 정면충돌,신호위반,습기,비,교차로 - 교차로안,승용,남,52세,경상,화물,남,28세,경상
2016040300100368,2016년 4월 3일 16시,일요일,전라남도 고흥군 도양읍,경상사고,0,0,1,0,차대차 - 정면충돌,중앙선침범,습기,비,단일로 - 기타,승용,남,51세,상해없음,승용,남,48세,경상
2016040300100369,2016년 4월 3일 16시,일요일,전라남도 보성군 벌교읍,경상사고,0,0,2,0,차대차 - 측면직각충돌,교차로운행방법위반,습기,비,교차로 - 교차로부근,승용,남,63세,상해없음,화물,여,55세,경상
2016040300100400,2016년 4월 3일 17시,일요일,전라남도 해남군 계곡면,중상사고,0,1,4,0,차량단독 - 공작물충돌,안전운전불이행,습기,비,단일로 - 기타,승합,여,64세,중상,,,,
2016040300100401,2016년 4월 3일 17시,일요일,전라남도 무안군 삼향읍,경상사고,0,0,6,0,차대차 - 측면직각충돌,교차로운행방법위반,습기,비,교차로 - 교차로안,승용,남,37세,경상,승용,여,42세,경상
2016040300100461,2016년 4월 3일 19시,일요일,전라남도 영암군 신북면,경상사고,0,0,2,0,차대차 - 추돌,안전운전불이행,습기,비,교차로 - 교차로부근,화물,남,51세,상해없음,승용,여,47세,경상
2016040300100462,2016년 4월 3일 19시,일요일,전라남도 완도군 완도읍,경상사고,0,0,1,0,차대사람 - 횡단중,신호위반,습기,비,교차로 - 교차로부근,승용,남,39세,상해없음,보행자,여,47세,경상
2016040300100463,2016년 4월 3일 19시,일요일,전라남도 광양시 중동,경상사고,0,0,1,0,차대차 - 측면충돌,안전운전불이행,습기,비,단일로 - 기타,승용,여,48세,상해없음,승용,여,50세,경상
2016040300100494,2016년 4월 3일 20시,일요일,전라남도 목포시 산정동,경상사고,0,0,1,0,차대차 - 기타,안전운전불이행,습기,맑음,교차로 - 교차로안,승용,남,55세,상해없음,이륜,남,16세,경상
2016040300100495,2016년 4월 3일 20시,일요일,전라남도 여수시 소호동,중상사고,0,1,0,0,차대차 - 측면직각충돌,안전운전불이행,습기,비,교차로 - 교차로부근,승용,남,47세,상해없음,원동기,남,27세,중상
2016040300100496,2016년 4월 3일 20시,일요일,전라남도 여수시 국동,경상사고,0,0,1,0,차대차 - 측면직각충돌,안전운전불이행,습기,비,교차로 - 교차로부근,승용,남,32세,상해없음,승용,여,26세,경상
2016040300100539,2016년 4월 3일 21시,일요일,전라남도 여수시 신기동,경상사고,0,0,1,0,차대차 - 측면직각충돌,안전운전불이행,습기,비,교차로 - 교차로안,승용,여,52세,상해없음,원동기,남,25세,경상
2016040400100065,2016년 4월 4일 06시,월요일,전라남도 여수시 둔덕동,경상사고,0,0,1,0,차대차 - 정면충돌,교차로운행방법위반,습기,비,교차로 - 교차로부근,승용,여,57세,상해없음,승용,남,26세,경상
2016040400100066,2016년 4월 4일 06시,월요일,전라남도 순천시 연향동,경상사고,0,0,1,0,차대차 - 측면충돌,중앙선침범,건조,맑음,단일로 - 기타,승용,남,23세,상해없음,승용,남,22세,경상
2016040400100067,2016년 4월 4일 06시,월요일,전라남도 강진군 신전면,중상사고,0,1,0,0,차량단독 - 전도전복,안전운전불이행,습기,맑음,단일로 - 기타,화물,남,59세,상해없음,,,,
2016040400100097,2016년 4월 4일 07시,월요일,전라남도 광양시 도이동,경상사고,0,0,2,0,차대차 - 측면충돌,신호위반,건조,맑음,교차로 - 교차로안,승용,남,34세,경상,승용,남,61세,경상
2016040400100139,2016년 4월 4일 08시,월요일,전라남도 목포시 남교동,경상사고,0,0,1,0,차대사람 - 횡단중,보행자보호의무위반,건조,기타,단일로 - 기타,기타불명,기타불명,기타불명,기타불명,보행자,여,20세,경상
2016040400100140,2016년 4월 4일 08시,월요일,전라남도 순천시 남정동,경상사고,0,0,2,0,차대차 - 기타,교차로운행방법위반,습기,비,교차로 - 교차로안,승용,남,40세,상해없음,승용,남,53세,경상
2016040400100141,2016년 4월 4일 08시,월요일,전라남도 광양시 황길동,경상사고,0,0,2,0,차대차 - 측면충돌,교차로운행방법위반,건조,맑음,교차로 - 교차로안,승용,여,42세,경상,승용,남,35세,경상
2016040400100189,2016년 4월 4일 09시,월요일,전라남도 목포시 호남동,경상사고,0,0,1,0,차대사람 - 횡단중,안전운전불이행,건조,맑음,단일로 - 기타,승용,남,39세,기타불명,보행자,여,56세,경상
2016040400100190,2016년 4월 4일 09시,월요일,전라남도 여수시 신월동,경상사고,0,0,1,0,차대차 - 정면충돌,안전운전불이행,건조,맑음,기타 - 기타,승용,남,46세,상해없음,승용,여,60세,경상
2016040400100191,2016년 4월 4일 09시,월요일,전라남도 순천시 조례동,경상사고,0,0,7,0,차대차 - 측면충돌,직진우회전진행방해,건조,맑음,교차로 - 교차로안,승용,남,39세,경상,승용,여,31세,경상
2016040400100192,2016년 4월 4일 09시,월요일,전라남도 무안군 무안읍,경상사고,0,0,1,0,차량단독 - 공작물충돌,안전운전불이행,건조,맑음,단일로 - 기타,원동기,남,69세,경상,,,,
2016040400100231,2016년 4월 4일 10시,월요일,전라남도 장흥군 장흥읍,중상사고,0,1,1,0,차대차 - 정면충돌,중앙선침범,건조,맑음,교차로 - 교차로부근,화물,남,61세,상해없음,화물,남,59세,중상
2016040400100232,2016년 4월 4일 10시,월요일,전라남도 무안군 무안읍,경상사고,0,0,1,0,차대사람 - 길가장자리구역통행중,안전운전불이행,건조,맑음,단일로 - 기타,승용,남,71세,상해없음,보행자,남,58세,경상
2016040400100233,2016년 4월 4일 10시,월요일,전라남도 광양시 광양읍,중상사고,0,1,0,1,차대차 - 측면충돌,신호위반,건조,맑음,교차로 - 교차로안,승용,여,51세,부상신고,승용,남,68세,중상
2016040400100258,2016년 4월 4일 11시,월요일,전라남도 순천시 교량동,경상사고,0,0,1,0,차대차 - 측면충돌,신호위반,건조,맑음,교차로 - 교차로안,화물,남,68세,상해없음,승용,남,59세,경상