사고번호,사고일시,요일,시군구,사고내용,사망자수,중상자수,경상자수,부상신고자수,사고유형,법규위반,노면상태,기상상태,도로형태,가해운전자 차종,가해운전자 성별,가해운전자 연령,가해운전자 상해정도,피해운전자 차종,피해운전자 성별,피해운전자 연령,피해운전자 상해정도
2016041800100284,2016년 4월 18일 13시,월요일,전라남도 담양군 담양읍,부상신고사고,0,0,0,1,차대차 - 측면충돌,중앙선침범,건조,맑음,단일로 - 기타,이륜,남,81세,부상신고,승용,여,59세,상해없음
2016041800100285,2016년 4월 18일 13시,월요일,전라남도 광양시 중동,경상사고,0,0,1,0,차대차 - 측면직각충돌,교차로운행방법위반,건조,맑음,교차로 - 교차로안,승용,남,56세,상해없음,승용,여,40세,경상
2016041800100318,2016년 4월 18일 14시,월요일,전라남도 나주시 봉황면,경상사고,0,0,2,0,차대차 - 측면충돌,안전운전불이행,건조,맑음,단일로 - 기타,화물,남,59세,상해없음,승용,남,75세,경상
2016041800100365,2016년 4월 18일 15시,월요일,전라남도 순천시 연향동,중상사고,0,1,0,0,차대사람 - 횡단중,안전운전불이행,건조,맑음,단일로 - 기타,승용,여,55세,상해없음,보행자,여,67세,중상
2016041800100366,2016년 4월 18일 15시,월요일,전라남도 강진군 칠량면,경상사고,0,0,1,0,차량단독 - 전도전복,안전운전불이행,건조,맑음,단일로 - 기타,원동기,남,76세,경상,,,,
2016041800100450,2016년 4월 18일 17시,월요일,전라남도 장흥군 장흥읍,사망사고,1,0,0,0,차대차 - 추돌,안전운전불이행,건조,맑음,교차로 - 교차로부근,원동기,남,64세,사망,화물,남,60세,상해없음
2016041800100451,2016년 4월 18일 17시,월요일,전라남도 광양시 광영동,경상사고,0,0,1,0,차대차 - 측면충돌,안전운전불이행,건조,맑음,교차로 - 교차로부근,화물,남,54세,상해없음,승용,남,37세,경상
2016041800100501,2016년 4월 18일 18시,월요일,전라남도 목포시 용당동,경상사고,0,0,1,0,차대차 - 추돌,안전운전불이행,건조,맑음,단일로 - 기타,승용,남,42세,상해없음,승용,남,70세,경상
2016041800100502,2016년 4월 18일 18시,월요일,전라남도 여수시 돌산읍,경상사고,0,0,5,0,차대차 - 측면직각충돌,안전운전불이행,건조,맑음,교차로 - 교차로안,승용,여,41세,경상,승용,남,49세,경상
2016041800100503,2016년 4월 18일 18시,월요일,전라남도 고흥군 점암면,경상사고,0,0,2,0,차대차 - 측면직각충돌,안전운전불이행,건조,맑음,단일로 - 기타,농기계,남,58세,상해없음,화물,남,58세,경상
2016041800100504,2016년 4월 18일 18시,월요일,전라남도 함평군 함평읍,경상사고,0,0,2,0,차대차 - 측면직각충돌,직진우회전진행방해,건조,맑음,교차로 - 교차로안,승용,여,43세,상해없음,화물,남,67세,경상
2016041800100505,2016년 4월 18일 18시,월요일,전라남도 영암군 삼호읍,경상사고,0,0,4,0,차대차 - 측면직각충돌,직진우회전진행방해,건조,맑음,교차로 - 교차로안,승용,남,32세,경상,승합,남,36세,경상
2016041800100540,2016년 4월 18일 19시,월요일,전라남도 광양시 황길동,경상사고,0,0,1,0,차대차 - 추돌,안전거리미확보,건조,맑음,단일로 - 기타,승용,남,51세,상해없음,승용,남,44세,경상
2016041800100581,2016년 4월 18일 20시,월요일,전라남도 여수시 웅천동,중상사고,0,2,0,0,차대차 - 정면충돌,신호위반,건조,맑음,교차로 - 교차로안,승용,여,47세,중상,승용,남,51세,중상
2016041800100582,2016년 4월 18일 20시,월요일,전라남도 순천시 서면,경상사고,0,0,2,0,차대차 - 측면직각충돌,교차로운행방법위반,건조,맑음,교차로 - 교차로안,승용,남,41세,상해없음,승용,여,32세,경상
2016041800100617,2016년 4월 18일 21시,월요일,전라남도 광양시 중동,경상사고,0,0,1,0,차대차 - 측면충돌,안전운전불이행,건조,맑음,단일로 - 기타,승용,남,42세,상해없음,승용,남,54세,경상
2016041800100641,2016년 4월 18일 22시,월요일,전라남도 나주시 대호동,경상사고,0,0,1,0,차대사람 - 횡단중,안전운전불이행,건조,맑음,교차로 - 교차로안,승용,여,67세,상해없음,보행자,여,16세,경상
2016041800100642,2016년 4월 18일 22시,월요일,전라남도 광양시 광영동,경상사고,0,0,3,0,차대차 - 측면직각충돌,안전운전불이행,건조,맑음,기타 - 기타,승용,남,51세,상해없음,승용,여,29세,경상
2016041800100666,2016년 4월 18일 23시,월요일,전라남도 광양시 광양읍,경상사고,0,0,1,0,차대차 - 측면직각충돌,중앙선침범,건조,맑음,단일로 - 기타,기타불명,기타불명,기타불명,기타불명,승용,여,25세,경상
2016041900100011,2016년 4월 19일 00시,화요일,전라남도 장성군 장성읍,부상신고사고,0,0,0,1,차대차 - 기타,안전운전불이행,건조,맑음,교차로 - 교차로안,원동기,남,52세,부상신고,화물,남,34세,상해없음
2016041900100021,2016년 4월 19일 01시,화요일,전라남도 순천시 해룡면,부상신고사고,0,0,0,1,차량단독 - 전도전복,안전운전불이행,건조,맑음,단일로 - 기타,승용,남,31세,부상신고,,,,
2016041900100060,2016년 4월 19일 06시,화요일,전라남도 보성군 율어면,중상사고,0,1,0,0,차대차 - 추돌,안전운전불이행,건조,맑음,단일로 - 기타,승용,남,27세,상해없음,농기계,남,59세,중상
2016041900100075,2016년 4월 19일 07시,화요일,전라남도 여수시 소라면,경상사고,0,0,2,0,차대차 - 측면충돌,신호위반,건조,맑음,교차로 - 교차로안,승용,남,42세,상해없음,승용,여,34세,경상
2016041900100076,2016년 4월 19일 07시,화요일,전라남도 무안군 일로읍,경상사고,0,0,2,0,차대차 - 측면충돌,신호위반,건조,맑음,교차로 - 교차로안,승용,남,47세,상해없음,승용,남,66세,경상
2016041900100077,2016년 4월 19일 07시,화요일,전라남도 구례군 용방면,중상사고,0,2,0,0,차량단독 - 전도전복,기타,건조,맑음,기타 - 기타,승용,남,26세,상해없음,,,,
2016041900100124,2016년 4월 19일 08시,화요일,전라남도 순천시 석현동,경상사고,0,0,1,0,차대차 - 측면충돌,중앙선침범,건조,맑음,교차로 - 교차로안,자전거,남,24세,경상,승용,남,56세,상해없음
2016041900100203,2016년 4월 19일 11시,화요일,전라남도 해남군 해남읍,경상사고,0,0,1,0,차대차 - 측면직각충돌,안전운전불이행,건조,맑음,교차로 - 교차로안,화물,남,52세,상해없음,승용,여,25세,경상
2016041900100204,2016년 4월 19일 11시,화요일,전라남도 함평군 대동면,중상사고,0,1,0,0,차량단독 - 전도전복,기타,건조,맑음,단일로 - 기타,이륜,남,23세,중상,,,,
2016041900100235,2016년 4월 19일 12시,화요일,전라남도 여수시 오림동,경상사고,0,0,4,0,차대차 - 측면직각충돌,차로위반,건조,맑음,교차로 - 교차로부근,승용,남,54세,경상,승용,남,24세,경상
2016041900100236,2016년 4월 19일 12시,화요일,전라남도 순천시 석현동,경상사고,0,0,1,0,차대차 - 측면직각충돌,안전운전불이행,건조,맑음,단일로 - 기타,승용,남,56세,상해없음,이륜,남,16세,경상
2016041900100271,2016년 4월 19일 13시,화요일,전라남도 나주시 왕곡면,경상사고,0,0,1,0,차대차 - 기타,안전운전불이행,건조,맑음,단일로 - 기타,화물,남,49세,상해없음,이륜,남,75세,경상
2016041900100272,2016년 4월 19일 13시,화요일,전라남도 보성군 벌교읍,경상사고,0,0,4,0,차대차 - 측면직각충돌,교차로운행방법위반,건조,맑음,교차로 - 교차로안,승용,남,63세,경상,승용,남,59세,경상
2016041900100306,2016년 4월 19일 14시,화요일,전라남도 목포시 산정동,중상사고,0,1,0,0,차대차 - 측면직각충돌,안전운전불이행,건조,맑음,단일로 - 횡단보도상,자전거,남,12세,중상,화물,남,40세,상해없음
2016041900100307,2016년 4월 19일 14시,화요일,전라남도 나주시 봉황면,중상사고,0,1,2,0,차대차 - 측면충돌,중앙선침범,건조,맑음,단일로 - 기타,화물,남,74세,경상,승용,남,54세,중상
2016041900100308,2016년 4월 19일 14시,화요일,전라남도 나주시 죽림동,경상사고,0,0,2,0,차대차 - 측면직각충돌,안전운전불이행,건조,맑음,교차로 - 교차로부근,승합,남,44세,상해없음,승용,여,59세,상해없음
2016041900100371,2016년 4월 19일 16시,화요일,전라남도 여수시 선원동,경상사고,0,0,1,0,차대차 - 정면충돌,안전운전불이행,건조,맑음,단일로 - 기타,승용,남,47세,상해없음,승용,여,50세,경상
2016041900100372,2016년 4월 19일 16시,화요일,전라남도 여수시 봉계동,경상사고,0,0,1,0,차대차 - 기타,안전운전불이행,건조,맑음,단일로 - 기타,승용,여,47세,상해없음,화물,남,50세,경상
2016041900100373,2016년 4월 19일 16시,화요일,전라남도 나주시 금천면,중상사고,0,1,0,0,차대사람 - 기타,안전운전불이행,건조,맑음,단일로 - 기타,화물,남,59세,상해없음,보행자,여,52세,중상
2016041900100412,2016년 4월 19일 17시,화요일,전라남도 광양시 중동,경상사고,0,0,1,0,차대사람 - 횡단중,안전운전불이행,건조,맑음,교차로 - 교차로부근,승용,여,27세,상해없음,보행자,남,38세,경상
2016041900100450,2016년 4월 19일 18시,화요일,전라남도 영암군 삼호읍,중상사고,0,1,1,0,차대사람 - 기타,안전운전불이행,건조,맑음,기타 - 기타,승용,여,56세,경상,보행자,남,60세,중상
2016041900100491,2016년 4월 19일 19시,화요일,전라남도 순천시 연향동,중상사고,0,1,0,0,차대차 - 측면충돌,중앙선침범,건조,맑음,단일로 - 기타,승용,남,62세,상해없음,이륜,남,19세,중상
2016041900100555,2016년 4월 19일 21시,화요일,전라남도 여수시 학동,경상사고,0,0,1,0,차대차 - 측면충돌,안전운전불이행,건조,맑음,교차로 - 교차로안,승용,여,24세,상해없음,승용,남,55세,경상
2016041900100556,2016년 4월 19일 21시,화요일,전라남도 나주시 남외동,중상사고,0,1,0,0,차대사람 - 기타,안전운전불이행,건조,맑음,단일로 - 기타,승용,남,53세,상해없음,보행자,남,56세,중상
2016041900100557,2016년 4월 19일 21시,화요일,전라남도 함평군 해보면,경상사고,0,0,1,0,차량단독 - 기타,안전운전불이행,건조,맑음,단일로 - 기타,승합,남,33세,상해없음,,,,
2016041900100577,2016년 4월 19일 22시,화요일,전라남도 곡성군 곡성읍,중상사고,0,1,1,0,차대차 - 측면직각충돌,신호위반,건조,맑음,교차로 - 교차로안,승용,남,65세,경상,이륜,남,31세,중상
2016041900100608,2016년 4월 19일 23시,화요일,전라남도 영암군 삼호읍,중상사고,0,1,0,0,차대사람 - 횡단중,보행자보호의무위반,건조,맑음,교차로 - 교차로부근,승용,여,50세,상해없음,보행자,여,42세,중상
2016042000100009,2016년 4월 20일 00시,수요일,전라남도 목포시 용당동,부상신고사고,0,0,0,1,차대사람 - 횡단중,안전운전불이행,건조,기타,단일로 - 기타,기타불명,기타불명,기타불명,기타불명,보행자,남,47세,부상신고
2016042000100046,2016년 4월 20일 03시,수요일,전라남도 목포시 상동,중상사고,0,3,3,0,차대차 - 측면충돌,교차로운행방법위반,건조,맑음,교차로 - 교차로안,승용,남,19세,경상,승용,남,34세,중상
2016042000100047,2016년 4월 20일 03시,수요일,전라남도 장성군 북이면,사망사고,1,2,0,0,차량단독 - 기타,안전운전불이행,건조,맑음,단일로 - 기타,승용,남,20세,중상,,,,
2016042000100124,2016년 4월 20일 08시,수요일,전라남도 여수시 중흥동,중상사고,0,1,0,0,차대차 - 추돌,안전운전불이행,건조,맑음,단일로 - 기타,이륜,남,32세,중상,승용,남,29세,상해없음
2016042000100164,2016년 4월 20일 09시,수요일,전라남도 보성군 회천면,중상사고,0,1,0,0,차대차 - 정면충돌,안전운전불이행,건조,맑음,단일로 - 기타,승용,여,50세,상해없음,화물,남,46세,상해없음
2016042000100165,2016년 4월 20일 09시,수요일,전라남도 광양시 중동,경상사고,0,0,1,0,차대차 - 측면직각충돌,신호위반,건조,맑음,교차로 - 교차로안,승용,여,58세,상해없음,승합,여,42세,경상
2016042000100195,2016년 4월 20일 10시,수요일,전라남도 신안군 증도면,중상사고,0,1,0,0,차대차 - 측면직각충돌,안전운전불이행,기타,맑음,단일로 - 기타,농기계,남,77세,중상,승용,남,63세,상해없음
2016042000100225,2016년 4월 20일 11시,수요일,전라남도 여수시 국동,중상사고,0,1,1,0,차대차 - 측면충돌,교차로운행방법위반,건조,맑음,교차로 - 교차로안,승용,남,57세,중상,승용,남,66세,경상
2016042000100226,2016년 4월 20일 11시,수요일,전라남도 구례군 산동면,중상사고,0,1,0,0,차대차 - 측면직각충돌,안전운전불이행,건조,맑음,단일로 - 기타,화물,남,52세,상해없음,건설기계,남,42세,중상
2016042000100253,2016년 4월 20일 12시,수요일,전라남도 순천시 서면,사망사고,1,1,0,0,차량단독 - 도로외이탈 - 추락,안전운전불이행,건조,맑음,단일로 - 기타,이륜,남,44세,중상,,,,
2016042000100278,2016년 4월 20일 13시,수요일,전라남도 고흥군 고흥읍,경상사고,0,0,1,0,차량단독 - 전도전복,안전운전불이행,건조,맑음,단일로 - 기타,승용,여,59세,경상,,,,
2016042000100279,2016년 4월 20일 13시,수요일,전라남도 보성군 벌교읍,부상신고사고,0,0,0,1,차대차 - 측면충돌,안전운전불이행,건조,맑음,교차로 - 교차로안,이륜,남,16세,부상신고,화물,남,39세,상해없음
2016042000100280,2016년 4월 20일 13시,수요일,전라남도 영광군 군남면,경상사고,0,0,4,0,차대차 - 추돌,안전운전불이행,건조,맑음,단일로 - 기타,승용,남,67세,상해없음,승용,남,65세,경상
2016042000100319,2016년 4월 20일 14시,수요일,전라남도 여수시 소라면,중상사고,0,1,0,0,차대사람 - 기타,안전운전불이행,건조,맑음,단일로 - 기타,승합,남,56세,상해없음,보행자,여,62세,중상
2016042000100320,2016년 4월 20일 14시,수요일,전라남도 순천시 조례동,경상사고,0,0,1,0,차대차 - 측면충돌,신호위반,건조,맑음,교차로 - 교차로안,승용,남,61세,상해없음,이륜,남,39세,경상
2016042000100322,2016년 4월 20일 14시,수요일,전라남도 영암군 도포면,중상사고,0,1,0,0,차대차 - 측면직각충돌,중앙선침범,건조,맑음,교차로 - 교차로안,화물,남,58세,상해없음,이륜,남,83세,중상
2016042000100323,2016년 4월 20일 14시,수요일,전라남도 구례군 구례읍,중상사고,0,1,1,0,차대차 - 측면직각충돌,직진우회전진행방해,건조,맑음,교차로 - 교차로안,이륜,남,74세,상해없음,이륜,남,62세,상해없음
2016042000100360,2016년 4월 20일 15시,수요일,전라남도 순천시 조례동,경상사고,0,0,1,0,차대사람 - 횡단중,보행자보호의무위반,건조,맑음,교차로 - 교차로안,화물,남,57세,상해없음,보행자,남,54세,경상
2016042000100419,2016년 4월 20일 17시,수요일,전라남도 곡성군 곡성읍,경상사고,0,0,1,0,차대사람 - 횡단중,보행자보호의무위반,건조,흐림,단일로 - 횡단보도상,원동기,남,73세,상해없음,보행자,남,7세,경상
2016042000100420,2016년 4월 20일 17시,수요일,전라남도 광양시 광양읍,중상사고,0,1,0,0,차대차 - 기타,안전운전불이행,건조,맑음,단일로 - 기타,자전거,여,58세,중상,승용,남,54세,상해없음
2016042000100421,2016년 4월 20일 17시,수요일,전라남도 광양시 봉강면,경상사고,0,0,1,0,차대차 - 측면직각충돌,안전운전불이행,건조,맑음,단일로 - 기타,승용,여,24세,경상,승용,여,67세,기타불명
2016042000100456,2016년 4월 20일 18시,수요일,전라남도 목포시 석현동,경상사고,0,0,1,0,차량단독 - 기타,안전운전불이행,건조,맑음,교차로 - 교차로부근,승용,남,56세,상해없음,,,,
2016042000100457,2016년 4월 20일 18시,수요일,전라남도 순천시 오천동,중상사고,0,1,0,0,차대차 - 측면충돌,안전운전불이행,건조,맑음,단일로 - 기타,자전거,남,16세,중상,승용,남,57세,상해없음
2016042000100491,2016년 4월 20일 19시,수요일,전라남도 고흥군 도양읍,중상사고,0,1,1,0,차대차 - 측면충돌,교차로운행방법위반,건조,맑음,교차로 - 교차로안,승용,여,65세,중상,화물,남,33세,경상
2016042000100492,2016년 4월 20일 19시,수요일,전라남도 해남군 해남읍,경상사고,0,0,1,0,차대사람 - 횡단중,안전운전불이행,건조,맑음,단일로 - 기타,승용,여,21세,상해없음,보행자,남,45세,경상
2016042000100630,2016년 4월 20일 23시,수요일,전라남도 담양군 담양읍,경상사고,0,0,2,0,차대차 - 정면충돌,안전운전불이행,습기,비,교차로 - 교차로안,승용,여,53세,경상,승용,남,59세,상해없음
2016042100100019,2016년 4월 21일 00시,목요일,전라남도 여수시 웅천동,경상사고,0,0,2,0,차대차 - 추돌,안전운전불이행,습기,비,교차로 - 교차로부근,승용,남,24세,상해없음,승용,여,51세,경상
2016042100100020,2016년 4월 21일 00시,목요일,전라남도 광양시 광양읍,경상사고,0,0,1,0,차대차 - 추돌,안전운전불이행,습기,비,단일로 - 기타,승용,남,43세,경상,승용,남,32세,상해없음
2016042100100105,2016년 4월 21일 06시,목요일,전라남도 목포시 해안동4가,중상사고,0,1,0,0,차대사람 - 횡단중,중앙선침범,건조,맑음,단일로 - 기타,승용,남,49세,상해없음,보행자,여,60세,중상
2016042100100170,2016년 4월 21일 08시,목요일,전라남도 해남군 황산면,경상사고,0,0,2,0,차량단독 - 전도전복,안전운전불이행,건조,맑음,단일로 - 기타,화물,남,57세,경상,,,,
2016042100100171,2016년 4월 21일 08시,목요일,전라남도 광양시 광영동,경상사고,0,0,1,0,차대차 - 측면직각충돌,신호위반,습기,비,교차로 - 교차로안,화물,남,44세,상해없음,승용,남,29세,경상
2016042100100234,2016년 4월 21일 10시,목요일,전라남도 신안군 비금면,중상사고,0,1,0,0,차량단독 - 전도전복,안전운전불이행,건조,맑음,단일로 - 기타,이륜,남,47세,중상,,,,
2016042100100255,2016년 4월 21일 11시,목요일,전라남도 여수시 율촌면,경상사고,0,0,2,0,차대차 - 정면충돌,안전운전불이행,습기,흐림,단일로 - 기타,화물,남,37세,상해없음,화물,남,54세,경상
2016042100100256,2016년 4월 21일 11시,목요일,전라남도 장흥군 장흥읍,중상사고,0,1,0,0,차량단독 - 전도전복,안전운전불이행,건조,맑음,단일로 - 기타,화물,남,61세,중상,,,,
2016042100100257,2016년 4월 21일 11시,목요일,전라남도 해남군 황산면,중상사고,0,1,0,0,차대차 - 측면직각충돌,안전운전불이행,건조,맑음,단일로 - 기타,승용,남,60세,상해없음,이륜,여,55세,중상
2016042100100276,2016년 4월 21일 12시,목요일,전라남도 목포시 상동,경상사고,0,0,1,0,차대사람 - 횡단중,안전운전불이행,건조,맑음,단일로 - 기타,화물,남,21세,상해없음,보행자,남,62세,경상
2016042100100277,2016년 4월 21일 12시,목요일,전라남도 나주시 반남면,경상사고,0,0,1,0,차량단독 - 전도전복,안전운전불이행,건조,흐림,단일로 - 기타,화물,남,59세,경상,,,,
2016042100100278,2016년 4월 21일 12시,목요일,전라남도 광양시 중동,경상사고,0,0,1,0,차대차 - 측면충돌,교차로운행방법위반,습기,비,교차로 - 교차로안,승합,남,75세,상해없음,승용,남,38세,경상
2016042100100362,2016년 4월 21일 15시,목요일,전라남도 보성군 벌교읍,중상사고,0,1,0,0,차대차 - 측면직각충돌,안전운전불이행,건조,맑음,단일로 - 기타,이륜,남,78세,중상,이륜,기타불명,기타불명,기타불명
2016042100100394,2016년 4월 21일 16시,목요일,전라남도 목포시 옥암동,경상사고,0,0,3,0,차대차 - 추돌,교차로운행방법위반,건조,맑음,교차로 - 교차로안,승용,남,27세,경상,승용,남,29세,경상
2016042100100514,2016년 4월 21일 20시,목요일,전라남도 영광군 군남면,사망사고,1,0,0,0,차대사람 - 차도통행중,안전운전불이행,습기,안개,단일로 - 기타,승합,남,47세,상해없음,보행자,남,81세,사망
2016042100100515,2016년 4월 21일 20시,목요일,전라남도 영암군 신북면,경상사고,0,0,1,0,차량단독 - 공작물충돌,안전운전불이행,건조,맑음,단일로 - 기타,화물,남,58세,경상,,,,
2016042100100516,2016년 4월 21일 20시,목요일,전라남도 영암군 신북면,경상사고,0,0,7,1,차대차 - 추돌,안전운전불이행,습기,흐림,단일로 - 기타,승용,남,33세,부상신고,승용,남,44세,경상
2016042100100544,2016년 4월 21일 21시,목요일,전라남도 목포시 옥암동,경상사고,0,0,2,0,차대차 - 측면직각충돌,신호위반,습기,비,교차로 - 교차로안,화물,남,43세,상해없음,승용,남,48세,경상
2016042100100545,2016년 4월 21일 21시,목요일,전라남도 목포시 상동,경상사고,0,0,1,0,차대차 - 추돌,신호위반,건조,맑음,교차로 - 교차로안,기타불명,기타불명,기타불명,기타불명,이륜,남,17세,경상
2016042100100583,2016년 4월 21일 22시,목요일,전라남도 광양시 중동,경상사고,0,0,1,0,차대차 - 기타,불법유턴,건조,맑음,교차로 - 교차로부근,승용,남,44세,상해없음,승용,남,68세,경상
2016042100100605,2016년 4월 21일 23시,목요일,전라남도 무안군 무안읍,경상사고,0,0,1,0,차대차 - 측면직각충돌,직진우회전진행방해,건조,흐림,교차로 - 교차로안,승용,남,54세,상해없음,승용,남,32세,경상
2016042200100052,2016년 4월 22일 03시,금요일,전라남도 광양시 중동,경상사고,0,0,1,0,차대사람 - 횡단중,안전운전불이행,건조,흐림,교차로 - 교차로안,승용,남,58세,상해없음,보행자,여,16세,경상
2016042200100097,2016년 4월 22일 07시,금요일,전라남도 순천시 조례동,경상사고,0,0,1,0,차대차 - 측면충돌,안전운전불이행,건조,맑음,단일로 - 기타,승용,남,41세,상해없음,승용,여,60세,경상
2016042200100098,2016년 4월 22일 07시,금요일,전라남도 완도군 완도읍,경상사고,0,0,1,0,차대차 - 정면충돌,교차로운행방법위반,건조,맑음,교차로 - 교차로안,승용,남,39세,상해없음,화물,남,18세,경상
2016042200100099,2016년 4월 22일 07시,금요일,전라남도 광양시 금호동,경상사고,0,0,1,0,차대차 - 측면충돌,안전운전불이행,건조,맑음,단일로 - 기타,건설기계,남,49세,상해없음,승용,남,37세,경상
2016042200100209,2016년 4월 22일 10시,금요일,전라남도 순천시 서면,경상사고,0,0,1,1,차대차 - 기타,교차로운행방법위반,건조,맑음,교차로 - 교차로부근,승용,남,76세,부상신고,승용,남,64세,경상
2016042200100210,2016년 4월 22일 10시,금요일,전라남도 보성군 벌교읍,중상사고,0,1,1,0,차대차 - 측면직각충돌,안전거리미확보,건조,맑음,단일로 - 기타,화물,남,72세,상해없음,승용,여,40세,중상
2016042200100232,2016년 4월 22일 11시,금요일,전라남도 진도군 진도읍,경상사고,0,0,3,2,차대차 - 기타,안전운전불이행,건조,맑음,단일로 - 기타,화물,남,47세,상해없음,승용,남,49세,부상신고
2016042200100265,2016년 4월 22일 12시,금요일,전라남도 여수시 신월동,사망사고,1,0,0,0,차대사람 - 횡단중,보행자보호의무위반,건조,맑음,단일로 - 기타,승용,남,57세,상해없음,보행자,남,52세,사망
2016042200100357,2016년 4월 22일 15시,금요일,전라남도 고흥군 포두면,중상사고,0,1,0,0,차대사람 - 기타,안전운전불이행,건조,맑음,단일로 - 기타,승용,남,58세,상해없음,보행자,여,75세,중상
2016042200100404,2016년 4월 22일 16시,금요일,전라남도 순천시 장천동,경상사고,0,0,1,1,차대차 - 정면충돌,교차로운행방법위반,건조,맑음,교차로 - 교차로안,승용,남,63세,부상신고,승용,남,53세,경상
2016042200100451,2016년 4월 22일 17시,금요일,전라남도 신안군 팔금면,경상사고,0,0,1,0,차대차 - 추돌,안전운전불이행,건조,맑음,단일로 - 기타,화물,남,71세,상해없음,이륜,남,79세,경상
2016042200100490,2016년 4월 22일 18시,금요일,전라남도 나주시 산포면,경상사고,0,0,2,0,차대차 - 측면직각충돌,교차로운행방법위반,건조,맑음,교차로 - 교차로안,승용,남,58세,경상,화물,남,52세,경상
2016042200100573,2016년 4월 22일 20시,금요일,전라남도 영광군 홍농읍,경상사고,0,0,1,0,차대차 - 측면직각충돌,안전운전불이행,건조,맑음,교차로 - 교차로안,승용,남,48세,상해없음,승용,남,70세,경상
2016042200100682,2016년 4월 22일 23시,금요일,전라남도 무안군 무안읍,경상사고,0,0,1,0,차대사람 - 길가장자리구역통행중,안전운전불이행,건조,맑음,단일로 - 기타,승용,남,46세,상해없음,보행자,남,56세,경상
2016042300100016,2016년 4월 23일 00시,토요일,전라남도 순천시 낙안면,사망사고,1,0,0,0,차량단독 - 공작물충돌,안전운전불이행,건조,맑음,단일로 - 기타,승합,남,56세,사망,,,,
2016042300100038,2016년 4월 23일 01시,토요일,전라남도 목포시 산정동,경상사고,0,0,1,0,차대차 - 추돌,안전운전불이행,건조,맑음,교차로 - 교차로부근,승용,남,23세,상해없음,승용,남,34세,경상
2016042300100039,2016년 4월 23일 01시,토요일,전라남도 광양시 중동,경상사고,0,0,1,0,차대차 - 측면직각충돌,신호위반,건조,맑음,교차로 - 교차로안,승용,여,35세,상해없음,승용,남,57세,경상
2016042300100056,2016년 4월 23일 02시,토요일,전라남도 목포시 상동,경상사고,0,0,1,0,차대사람 - 횡단중,안전운전불이행,건조,맑음,단일로 - 기타,승용,남,22세,상해없음,보행자,남,21세,경상
2016042300100099,2016년 4월 23일 05시,토요일,전라남도 목포시 옥암동,경상사고,0,0,3,0,차대차 - 추돌,안전운전불이행,건조,맑음,교차로 - 교차로부근,승용,남,29세,상해없음,승용,남,67세,경상
2016042300100178,2016년 4월 23일 09시,토요일,전라남도 진도군 진도읍,경상사고,0,0,1,0,차대사람 - 횡단중,보행자보호의무위반,건조,맑음,단일로 - 기타,승용,여,38세,상해없음,보행자,남,46세,경상
2016042300100205,2016년 4월 23일 10시,토요일,전라남도 여수시 화양면,중상사고,0,1,0,0,차대차 - 측면충돌,안전운전불이행,건조,맑음,단일로 - 기타,승용,여,49세,상해없음,이륜,남,64세,중상
2016042300100206,2016년 4월 23일 10시,토요일,전라남도 고흥군 고흥읍,중상사고,0,1,0,0,차대차 - 측면충돌,교차로운행방법위반,건조,맑음,교차로 - 교차로안,승용,남,52세,상해없음,원동기,남,66세,중상
2016042300100207,2016년 4월 23일 10시,토요일,전라남도 강진군 성전면,중상사고,0,1,1,0,차량단독 - 전도전복,안전운전불이행,건조,맑음,단일로 - 기타,승용,남,31세,경상,,,,
2016042300100317,2016년 4월 23일 13시,토요일,전라남도 광양시 광양읍,경상사고,0,0,1,0,차대차 - 측면충돌,교차로운행방법위반,건조,맑음,교차로 - 교차로안,승용,여,53세,상해없음,승용,남,23세,경상
2016042300100357,2016년 4월 23일 14시,토요일,전라남도 나주시 성북동,중상사고,0,1,0,0,차대사람 - 횡단중,안전운전불이행,건조,맑음,단일로 - 기타,승합,남,28세,상해없음,보행자,남,84세,중상
2016042300100358,2016년 4월 23일 14시,토요일,전라남도 영광군 법성면,경상사고,0,0,8,0,차대차 - 측면직각충돌,직진우회전진행방해,건조,맑음,교차로 - 교차로안,승용,남,34세,경상,승용,남,45세,경상
2016042300100390,2016년 4월 23일 15시,토요일,전라남도 구례군 광의면,경상사고,0,0,1,0,차대사람 - 기타,안전운전불이행,건조,맑음,단일로 - 기타,승용,남,54세,상해없음,보행자,남,40세,경상
2016042300100429,2016년 4월 23일 16시,토요일,전라남도 화순군 능주면,경상사고,0,0,2,0,차대차 - 측면충돌,안전거리미확보,건조,맑음,단일로 - 기타,승용,여,56세,상해없음,승용,남,61세,경상
2016042300100430,2016년 4월 23일 16시,토요일,전라남도 광양시 광양읍,경상사고,0,0,1,0,차대차 - 추돌,안전운전불이행,건조,맑음,단일로 - 기타,승용,남,51세,상해없음,승용,여,34세,경상
2016042300100461,2016년 4월 23일 17시,토요일,전라남도 목포시 산정동,경상사고,0,0,1,0,차대차 - 기타,안전운전불이행,건조,맑음,단일로 - 기타,승용,남,42세,상해없음,자전거,남,74세,경상
2016042300100462,2016년 4월 23일 17시,토요일,전라남도 순천시 매곡동,경상사고,0,0,1,0,차대사람 - 횡단중,보행자보호의무위반,건조,맑음,단일로 - 횡단보도상,승합,남,46세,상해없음,보행자,남,14세,경상