사고번호,사고일시,요일,시군구,사고내용,사망자수,중상자수,경상자수,부상신고자수,사고유형,법규위반,노면상태,기상상태,도로형태,가해운전자 차종,가해운전자 성별,가해운전자 연령,가해운전자 상해정도,피해운전자 차종,피해운전자 성별,피해운전자 연령,피해운전자 상해정도
2016042300100463,2016년 4월 23일 17시,토요일,전라남도 고흥군 동강면,경상사고,0,0,1,0,차대차 - 기타,안전운전불이행,건조,맑음,단일로 - 기타,건설기계,남,60세,상해없음,승용,남,46세,상해없음
2016042300100464,2016년 4월 23일 17시,토요일,전라남도 고흥군 도양읍,사망사고,1,0,0,0,차대사람 - 횡단중,안전운전불이행,건조,맑음,단일로 - 기타,승용,남,53세,상해없음,보행자,여,54세,사망
2016042300100465,2016년 4월 23일 17시,토요일,전라남도 보성군 벌교읍,중상사고,0,1,0,0,차대차 - 측면직각충돌,교차로운행방법위반,건조,맑음,교차로 - 교차로부근,화물,남,50세,상해없음,이륜,남,62세,중상
2016042300100490,2016년 4월 23일 18시,토요일,전라남도 순천시 연향동,경상사고,0,0,1,0,차대사람 - 횡단중,안전운전불이행,건조,맑음,기타 - 기타,승용,남,53세,상해없음,보행자,여,17세,경상
2016042300100491,2016년 4월 23일 18시,토요일,전라남도 장흥군 장흥읍,경상사고,0,0,1,0,차대차 - 측면직각충돌,교차로운행방법위반,건조,맑음,교차로 - 교차로안,승용,여,49세,상해없음,승용,남,30세,경상
2016042300100492,2016년 4월 23일 18시,토요일,전라남도 화순군 도곡면,중상사고,0,2,3,0,차대차 - 측면충돌,교차로운행방법위반,건조,흐림,교차로 - 교차로안,승용,여,37세,중상,승용,여,57세,경상
2016042300100564,2016년 4월 23일 20시,토요일,전라남도 여수시 문수동,중상사고,0,1,0,0,차대차 - 정면충돌,중앙선침범,건조,맑음,교차로 - 교차로부근,승합,남,45세,상해없음,이륜,남,29세,중상
2016042300100565,2016년 4월 23일 20시,토요일,전라남도 여수시 선원동,중상사고,0,1,0,0,차대사람 - 횡단중,안전운전불이행,건조,맑음,단일로 - 기타,승용,남,52세,상해없음,보행자,남,22세,중상
2016042300100566,2016년 4월 23일 20시,토요일,전라남도 순천시 장천동,경상사고,0,0,5,0,차대차 - 추돌,교차로운행방법위반,건조,맑음,교차로 - 교차로부근,승용,남,58세,상해없음,승용,여,34세,경상
2016042300100568,2016년 4월 23일 20시,토요일,전라남도 고흥군 동강면,경상사고,0,0,2,0,차대차 - 측면충돌,안전운전불이행,건조,맑음,단일로 - 기타,화물,남,71세,경상,승용,여,27세,경상
2016042300100569,2016년 4월 23일 20시,토요일,전라남도 해남군 삼산면,경상사고,0,0,1,0,차대사람 - 횡단중,안전운전불이행,건조,맑음,단일로 - 기타,승용,여,36세,상해없음,보행자,남,43세,경상
2016042300100641,2016년 4월 23일 23시,토요일,전라남도 완도군 소안면,중상사고,0,1,1,0,차대차 - 기타,안전운전불이행,건조,맑음,단일로 - 기타,승용,남,41세,중상,승용,남,31세,경상
2016042400100031,2016년 4월 24일 01시,일요일,전라남도 순천시 석현동,부상신고사고,0,0,0,1,차대사람 - 차도통행중,안전운전불이행,건조,맑음,단일로 - 기타,승용,남,62세,상해없음,보행자,남,32세,부상신고
2016042400100032,2016년 4월 24일 01시,일요일,전라남도 함평군 함평읍,중상사고,0,1,1,0,차량단독 - 공작물충돌,안전운전불이행,건조,맑음,단일로 - 기타,승용,남,35세,중상,,,,
2016042400100062,2016년 4월 24일 03시,일요일,전라남도 목포시 상동,경상사고,0,0,1,0,차대사람 - 횡단중,안전운전불이행,건조,맑음,단일로 - 기타,승용,남,27세,상해없음,보행자,여,21세,경상
2016042400100063,2016년 4월 24일 03시,일요일,전라남도 여수시 돌산읍죽포출장,경상사고,0,0,1,0,차량단독 - 공작물충돌,안전운전불이행,건조,맑음,단일로 - 기타,승용,여,24세,경상,,,,
2016042400100110,2016년 4월 24일 07시,일요일,전라남도 여수시 여서동,경상사고,0,0,1,0,차대차 - 측면직각충돌,교차로운행방법위반,건조,맑음,교차로 - 교차로안,승용,여,57세,상해없음,승용,남,49세,경상
2016042400100126,2016년 4월 24일 08시,일요일,전라남도 해남군 해남읍,중상사고,0,1,0,0,차대차 - 추돌,안전운전불이행,건조,맑음,단일로 - 기타,승용,남,55세,상해없음,원동기,여,73세,중상
2016042400100127,2016년 4월 24일 08시,일요일,전라남도 광양시 옥곡면,중상사고,0,1,0,0,차대사람 - 횡단중,안전운전불이행,건조,맑음,교차로 - 교차로부근,승용,남,59세,상해없음,보행자,여,81세,중상
2016042400100150,2016년 4월 24일 09시,일요일,전라남도 여수시 안산동,경상사고,0,0,2,0,차대차 - 측면충돌,안전운전불이행,건조,맑음,단일로 - 기타,승용,남,26세,경상,승용,여,25세,경상
2016042400100165,2016년 4월 24일 10시,일요일,전라남도 목포시 죽교동,경상사고,0,0,4,0,차대차 - 추돌,안전거리미확보,건조,맑음,단일로 - 기타,승용,남,46세,경상,승용,남,47세,경상
2016042400100166,2016년 4월 24일 10시,일요일,전라남도 목포시 상동,경상사고,0,0,1,0,차대사람 - 기타,안전운전불이행,건조,맑음,교차로 - 교차로안,승용,여,60세,상해없음,보행자,남,41세,경상
2016042400100167,2016년 4월 24일 10시,일요일,전라남도 여수시 여서동,경상사고,0,0,3,0,차대차 - 측면충돌,안전운전불이행,건조,맑음,교차로 - 교차로안,승용,남,64세,상해없음,승용,남,30세,경상
2016042400100205,2016년 4월 24일 12시,일요일,전라남도 목포시 죽교동,중상사고,0,1,1,0,차대차 - 측면직각충돌,신호위반,건조,맑음,교차로 - 교차로안,승용,남,37세,경상,승용,남,57세,중상
2016042400100206,2016년 4월 24일 12시,일요일,전라남도 보성군 보성읍,사망사고,1,0,0,0,차량단독 - 도로외이탈 - 기타,안전운전불이행,건조,맑음,단일로 - 기타,승용,남,56세,사망,,,,
2016042400100207,2016년 4월 24일 12시,일요일,전라남도 구례군 구례읍,중상사고,0,2,7,0,차대차 - 측면직각충돌,교차로운행방법위반,건조,맑음,교차로 - 교차로안,승용,여,58세,경상,승용,남,57세,경상
2016042400100236,2016년 4월 24일 13시,일요일,전라남도 장흥군 장흥읍,경상사고,0,0,1,0,차대차 - 측면충돌,안전운전불이행,건조,맑음,단일로 - 기타,승용,여,74세,상해없음,이륜,남,50세,경상
2016042400100311,2016년 4월 24일 15시,일요일,전라남도 영암군 삼호읍,중상사고,0,1,0,0,차량단독 - 공작물충돌,안전운전불이행,건조,맑음,교차로 - 교차로부근,승용,남,45세,중상,,,,
2016042400100341,2016년 4월 24일 16시,일요일,전라남도 여수시 여서동,경상사고,0,0,3,0,차대차 - 측면직각충돌,안전운전불이행,건조,맑음,교차로 - 교차로부근,승용,여,40세,경상,승용,남,25세,경상
2016042400100342,2016년 4월 24일 16시,일요일,전라남도 고흥군 동강면,중상사고,0,2,2,0,차대차 - 측면충돌,교차로운행방법위반,건조,맑음,교차로 - 교차로안,승용,여,71세,경상,승용,남,71세,중상
2016042400100343,2016년 4월 24일 16시,일요일,전라남도 해남군 해남읍,경상사고,0,0,1,0,차대사람 - 횡단중,안전운전불이행,건조,맑음,단일로 - 기타,승용,남,49세,상해없음,보행자,남,49세,경상
2016042400100344,2016년 4월 24일 16시,일요일,전라남도 장성군 삼계면,경상사고,0,0,3,0,차대차 - 추돌,안전운전불이행,건조,맑음,교차로 - 교차로부근,승합,남,69세,상해없음,승용,남,37세,경상
2016042400100345,2016년 4월 24일 16시,일요일,전라남도 무안군 운남면,중상사고,0,1,0,0,차대사람 - 기타,안전운전불이행,건조,맑음,단일로 - 기타,화물,여,61세,상해없음,보행자,여,76세,중상
2016042400100377,2016년 4월 24일 17시,일요일,전라남도 여수시 오림동,경상사고,0,0,2,0,차대차 - 측면직각충돌,안전운전불이행,건조,맑음,단일로 - 기타,승용,남,42세,상해없음,승용,남,36세,경상
2016042400100378,2016년 4월 24일 17시,일요일,전라남도 나주시 빛가람동,경상사고,0,0,1,0,차대차 - 정면충돌,중앙선침범,건조,맑음,교차로 - 교차로부근,승용,여,38세,상해없음,승용,남,59세,상해없음
2016042400100379,2016년 4월 24일 17시,일요일,전라남도 영광군 영광읍,경상사고,0,0,1,0,차대차 - 측면직각충돌,안전운전불이행,건조,맑음,단일로 - 횡단보도상,자전거,남,73세,경상,화물,남,60세,상해없음
2016042400100414,2016년 4월 24일 18시,일요일,전라남도 나주시 문평면,경상사고,0,0,1,0,차량단독 - 기타,안전운전불이행,건조,맑음,단일로 - 기타,승용,남,48세,경상,,,,
2016042400100501,2016년 4월 24일 21시,일요일,전라남도 목포시 죽교동,중상사고,0,1,0,0,차대사람 - 기타,안전운전불이행,건조,맑음,단일로 - 기타,승용,남,44세,상해없음,보행자,남,48세,중상
2016042400100502,2016년 4월 24일 21시,일요일,전라남도 영암군 학산면,중상사고,0,1,0,0,차대사람 - 횡단중,안전운전불이행,건조,맑음,기타 - 기타,승용,남,78세,상해없음,보행자,여,21세,중상
2016042500100048,2016년 4월 25일 05시,월요일,전라남도 고흥군 금산면,중상사고,0,1,2,0,차대차 - 측면충돌,안전운전불이행,건조,맑음,교차로 - 교차로안,농기계,남,59세,경상,승용,남,56세,상해없음
2016042500100056,2016년 4월 25일 06시,월요일,전라남도 영암군 영암읍,경상사고,0,0,1,0,차대사람 - 횡단중,안전운전불이행,건조,맑음,교차로 - 교차로안,승용,남,53세,상해없음,보행자,남,44세,경상
2016042500100085,2016년 4월 25일 07시,월요일,전라남도 여수시 동산동,경상사고,0,0,2,0,차대사람 - 기타,안전운전불이행,건조,맑음,교차로 - 교차로안,기타불명,기타불명,기타불명,기타불명,보행자,남,17세,경상
2016042500100126,2016년 4월 25일 08시,월요일,전라남도 영암군 삼호읍,중상사고,0,1,0,0,차량단독 - 공작물충돌,안전운전불이행,건조,맑음,단일로 - 기타,승용,남,29세,상해없음,,,,
2016042500100199,2016년 4월 25일 10시,월요일,전라남도 여수시 선원동,중상사고,0,1,2,0,차대차 - 추돌,교차로운행방법위반,건조,맑음,교차로 - 교차로안,승용,여,35세,상해없음,승용,남,43세,경상
2016042500100228,2016년 4월 25일 11시,월요일,전라남도 강진군 강진읍,경상사고,0,0,1,0,차대차 - 측면직각충돌,신호위반,건조,맑음,교차로 - 교차로안,승용,남,77세,상해없음,승용,여,58세,상해없음
2016042500100229,2016년 4월 25일 11시,월요일,전라남도 곡성군 곡성읍,중상사고,0,1,0,0,차대차 - 측면충돌,안전운전불이행,건조,맑음,단일로 - 기타,승용,여,61세,상해없음,원동기,남,84세,중상
2016042500100269,2016년 4월 25일 12시,월요일,전라남도 순천시 조례동,중상사고,0,1,1,0,차대차 - 측면충돌,안전운전불이행,건조,맑음,교차로 - 교차로부근,승용,남,41세,상해없음,이륜,남,34세,중상
2016042500100270,2016년 4월 25일 12시,월요일,전라남도 강진군 대구면,중상사고,0,1,0,0,차량단독 - 전도전복,안전운전불이행,건조,맑음,단일로 - 기타,화물,여,56세,중상,,,,
2016042500100309,2016년 4월 25일 13시,월요일,전라남도 여수시 화장동,경상사고,0,0,1,0,차대차 - 측면충돌,교차로운행방법위반,건조,맑음,교차로 - 교차로안,원동기,남,78세,경상,승용,남,25세,상해없음
2016042500100310,2016년 4월 25일 13시,월요일,전라남도 영광군 영광읍,경상사고,0,0,1,0,차대차 - 정면충돌,안전운전불이행,건조,맑음,단일로 - 기타,승용,남,29세,상해없음,승용,남,27세,경상
2016042500100340,2016년 4월 25일 14시,월요일,전라남도 나주시 빛가람동,중상사고,0,2,0,0,차대차 - 측면충돌,신호위반,건조,맑음,교차로 - 교차로안,승용,남,44세,중상,승용,남,34세,중상
2016042500100341,2016년 4월 25일 14시,월요일,전라남도 보성군 득량면,경상사고,0,0,1,0,차대차 - 측면직각충돌,안전거리미확보,건조,맑음,단일로 - 기타,승용,여,52세,상해없음,화물,여,44세,경상
2016042500100342,2016년 4월 25일 14시,월요일,전라남도 영광군 백수읍,경상사고,0,0,1,0,차대차 - 측면충돌,안전운전불이행,건조,맑음,교차로 - 교차로안,승용,남,81세,상해없음,화물,남,29세,상해없음
2016042500100343,2016년 4월 25일 14시,월요일,전라남도 강진군 강진읍,중상사고,0,1,0,0,차대차 - 측면직각충돌,안전운전불이행,건조,맑음,단일로 - 기타,원동기,남,77세,중상,승용,남,64세,상해없음
2016042500100380,2016년 4월 25일 15시,월요일,전라남도 여수시 오림동,경상사고,0,0,1,0,차대차 - 측면직각충돌,안전운전불이행,건조,맑음,교차로 - 교차로부근,승용,여,21세,상해없음,승용,여,57세,경상
2016042500100381,2016년 4월 25일 15시,월요일,전라남도 고흥군 풍양면,중상사고,0,1,0,0,차량단독 - 전도전복,안전운전불이행,건조,맑음,단일로 - 기타,승용,남,52세,중상,,,,
2016042500100423,2016년 4월 25일 16시,월요일,전라남도 순천시 조례동,경상사고,0,0,2,0,차대차 - 측면직각충돌,신호위반,건조,맑음,교차로 - 교차로안,승용,남,75세,상해없음,승용,남,23세,경상
2016042500100424,2016년 4월 25일 16시,월요일,전라남도 해남군 해남읍,중상사고,0,1,1,0,차대차 - 측면직각충돌,기타,건조,맑음,교차로 - 교차로안,화물,남,19세,경상,승용,여,59세,중상
2016042500100425,2016년 4월 25일 16시,월요일,전라남도 곡성군 석곡면,중상사고,0,1,0,0,차대차 - 추돌,안전운전불이행,건조,맑음,단일로 - 기타,승합,남,65세,상해없음,농기계,남,56세,중상
2016042500100463,2016년 4월 25일 17시,월요일,전라남도 여수시 학동,경상사고,0,0,1,0,차대차 - 측면직각충돌,교차로운행방법위반,건조,맑음,교차로 - 교차로안,승용,여,52세,상해없음,승용,남,32세,경상
2016042500100464,2016년 4월 25일 17시,월요일,전라남도 순천시 해룡면,중상사고,0,1,0,0,차대사람 - 횡단중,안전운전불이행,건조,맑음,기타 - 기타,승용,여,48세,상해없음,보행자,남,62세,중상
2016042500100465,2016년 4월 25일 17시,월요일,전라남도 고흥군 남양면,중상사고,0,1,0,0,차대차 - 기타,안전운전불이행,건조,맑음,단일로 - 기타,승용,남,46세,중상,승용,남,53세,상해없음
2016042500100534,2016년 4월 25일 19시,월요일,전라남도 순천시 연향동,중상사고,0,1,0,0,차대사람 - 차도통행중,안전운전불이행,건조,맑음,단일로 - 기타,승용,남,66세,상해없음,보행자,여,83세,중상
2016042500100535,2016년 4월 25일 19시,월요일,전라남도 순천시 해룡면,중상사고,0,1,0,0,차대사람 - 횡단중,보행자보호의무위반,건조,맑음,단일로 - 횡단보도상,승용,남,62세,상해없음,보행자,여,44세,중상
2016042500100536,2016년 4월 25일 19시,월요일,전라남도 장성군 장성읍,사망사고,1,0,1,0,차대차 - 추돌,기타,건조,맑음,단일로 - 기타,승용,남,60세,상해없음,농기계,남,72세,사망
2016042500100576,2016년 4월 25일 20시,월요일,전라남도 나주시 금천면,중상사고,0,1,0,0,차대차 - 기타,차로위반,건조,맑음,교차로 - 교차로부근,건설기계,남,44세,상해없음,승용,남,52세,중상
2016042500100577,2016년 4월 25일 20시,월요일,전라남도 구례군 간전면,사망사고,1,0,0,0,차량단독 - 전도전복,안전운전불이행,건조,맑음,단일로 - 기타,화물,남,58세,사망,,,,
2016042500100640,2016년 4월 25일 22시,월요일,전라남도 순천시 조례동,경상사고,0,0,1,0,차대사람 - 보도통행중,신호위반,습기,비,교차로 - 교차로안,승합,남,53세,상해없음,보행자,여,20세,경상
2016042600100009,2016년 4월 26일 00시,화요일,전라남도 여수시 문수동,중상사고,0,1,0,0,차량단독 - 전도전복,안전운전불이행,건조,맑음,단일로 - 기타,승용,남,37세,중상,,,,
2016042600100019,2016년 4월 26일 01시,화요일,전라남도 목포시 상동,경상사고,0,0,2,0,차대차 - 측면충돌,신호위반,건조,흐림,교차로 - 교차로안,승용,남,41세,상해없음,승용,남,34세,경상
2016042600100054,2016년 4월 26일 06시,화요일,전라남도 나주시 남평읍,중상사고,0,1,0,0,차대사람 - 횡단중,안전운전불이행,건조,맑음,교차로 - 교차로안,화물,남,65세,상해없음,보행자,여,77세,중상
2016042600100075,2016년 4월 26일 07시,화요일,전라남도 나주시 운곡동,경상사고,0,0,3,0,차대차 - 기타,안전운전불이행,건조,맑음,단일로 - 기타,화물,남,53세,경상,승합,남,68세,경상
2016042600100076,2016년 4월 26일 07시,화요일,전라남도 영암군 신북면,경상사고,0,0,3,0,차대차 - 정면충돌,중앙선침범,건조,맑음,단일로 - 기타,승용,남,41세,상해없음,승합,남,54세,상해없음
2016042600100077,2016년 4월 26일 07시,화요일,전라남도 강진군 작천면,중상사고,0,1,0,0,차대차 - 측면직각충돌,직진우회전진행방해,건조,맑음,교차로 - 교차로안,원동기,여,66세,중상,승용,남,67세,상해없음
2016042600100119,2016년 4월 26일 08시,화요일,전라남도 장성군 장성읍,경상사고,0,0,4,0,차대차 - 측면충돌,안전운전불이행,건조,맑음,교차로 - 교차로부근,승용,남,42세,기타불명,승용,남,43세,경상
2016042600100120,2016년 4월 26일 08시,화요일,전라남도 광양시 중동,경상사고,0,0,4,0,차대차 - 측면직각충돌,교차로운행방법위반,건조,맑음,교차로 - 교차로안,승용,남,21세,경상,승합,여,40세,경상
2016042600100171,2016년 4월 26일 09시,화요일,전라남도 순천시 해룡면,경상사고,0,0,1,0,차대차 - 측면충돌,안전운전불이행,건조,맑음,단일로 - 기타,화물,남,55세,상해없음,승용,여,31세,경상
2016042600100172,2016년 4월 26일 09시,화요일,전라남도 강진군 강진읍,경상사고,0,0,1,0,차대사람 - 길가장자리구역통행중,안전운전불이행,건조,맑음,단일로 - 기타,승용,남,77세,상해없음,보행자,여,78세,경상
2016042600100173,2016년 4월 26일 09시,화요일,전라남도 완도군 고금면,중상사고,0,1,0,0,차대차 - 측면충돌,교차로운행방법위반,건조,맑음,교차로 - 교차로안,승합,남,45세,상해없음,이륜,남,75세,중상
2016042600100202,2016년 4월 26일 10시,화요일,전라남도 곡성군 곡성읍,경상사고,0,0,1,0,차대사람 - 차도통행중,안전운전불이행,건조,맑음,단일로 - 기타,승용,남,70세,상해없음,승용,여,32세,상해없음
2016042600100239,2016년 4월 26일 11시,화요일,전라남도 여수시 화장동,사망사고,1,0,0,0,차대차 - 측면충돌,직진우회전진행방해,건조,맑음,교차로 - 교차로안,이륜,남,75세,사망,승용,여,61세,상해없음
2016042600100240,2016년 4월 26일 11시,화요일,전라남도 담양군 담양읍,경상사고,0,0,2,0,차대차 - 측면직각충돌,직진우회전진행방해,건조,맑음,교차로 - 교차로안,승용,여,50세,경상,화물,남,66세,경상
2016042600100241,2016년 4월 26일 11시,화요일,전라남도 무안군 청계면,중상사고,0,1,3,0,차대차 - 추돌,안전운전불이행,건조,맑음,교차로 - 교차로부근,승용,남,79세,경상,승용,남,64세,경상
2016042600100274,2016년 4월 26일 12시,화요일,전라남도 목포시 동명동,경상사고,0,0,1,0,차대차 - 측면직각충돌,직진우회전진행방해,건조,맑음,교차로 - 교차로안,승용,남,65세,상해없음,승용,남,37세,상해없음
2016042600100275,2016년 4월 26일 12시,화요일,전라남도 해남군 옥천면,부상신고사고,0,0,0,1,차대차 - 추돌,안전운전불이행,건조,맑음,단일로 - 기타,이륜,남,79세,부상신고,승용,남,66세,상해없음
2016042600100276,2016년 4월 26일 12시,화요일,전라남도 무안군 일로읍,경상사고,0,0,1,0,차대사람 - 차도통행중,안전운전불이행,건조,맑음,단일로 - 기타,화물,남,68세,상해없음,보행자,남,67세,경상
2016042600100277,2016년 4월 26일 12시,화요일,전라남도 구례군 구례읍,중상사고,0,1,0,0,차대차 - 측면직각충돌,직진우회전진행방해,건조,맑음,교차로 - 교차로안,화물,남,64세,상해없음,이륜,남,62세,중상
2016042600100317,2016년 4월 26일 13시,화요일,전라남도 보성군 벌교읍,중상사고,0,1,1,0,차량단독 - 전도전복,안전운전불이행,건조,맑음,단일로 - 기타,화물,남,60세,경상,,,,
2016042600100318,2016년 4월 26일 13시,화요일,전라남도 영광군 영광읍,중상사고,0,1,0,0,차대사람 - 길가장자리구역통행중,안전운전불이행,건조,맑음,단일로 - 기타,승용,남,60세,상해없음,보행자,여,60세,중상
2016042600100358,2016년 4월 26일 14시,화요일,전라남도 장성군 남면,경상사고,0,0,2,0,차대차 - 추돌,안전운전불이행,건조,맑음,교차로 - 교차로부근,승용,남,78세,상해없음,승용,남,44세,경상
2016042600100396,2016년 4월 26일 15시,화요일,전라남도 광양시 광영동,경상사고,0,0,2,0,차대차 - 측면충돌,안전운전불이행,건조,맑음,교차로 - 교차로안,승용,남,56세,경상,승용,남,26세,상해없음
2016042600100509,2016년 4월 26일 18시,화요일,전라남도 여수시 둔덕동,경상사고,0,0,1,0,차대차 - 측면직각충돌,차로위반,습기,비,단일로 - 기타,승용,남,66세,기타불명,이륜,남,43세,경상
2016042600100510,2016년 4월 26일 18시,화요일,전라남도 순천시 조례동,중상사고,0,2,2,0,차대차 - 측면충돌,안전거리미확보,건조,맑음,단일로 - 기타,승용,남,58세,상해없음,승용,여,42세,중상
2016042600100545,2016년 4월 26일 19시,화요일,전라남도 여수시 미평동,경상사고,0,0,1,0,차대사람 - 횡단중,안전운전불이행,습기,비,교차로 - 교차로부근,승용,남,30세,상해없음,보행자,남,44세,경상
2016042600100546,2016년 4월 26일 19시,화요일,전라남도 여수시 신기동,경상사고,0,0,1,0,차대사람 - 횡단중,신호위반,습기,비,교차로 - 교차로안,승용,여,48세,상해없음,보행자,여,12세,경상
2016042600100547,2016년 4월 26일 19시,화요일,전라남도 순천시 동외동,경상사고,0,0,2,0,차대차 - 추돌,안전운전불이행,습기,비,단일로 - 기타,승용,남,45세,상해없음,승용,남,29세,경상
2016042600100548,2016년 4월 26일 19시,화요일,전라남도 해남군 해남읍,경상사고,0,0,1,0,차대차 - 기타,안전운전불이행,건조,맑음,교차로 - 교차로부근,화물,남,60세,상해없음,승용,남,32세,경상
2016042600100588,2016년 4월 26일 20시,화요일,전라남도 나주시 다시면,경상사고,0,0,1,0,차대사람 - 횡단중,안전운전불이행,습기,비,교차로 - 교차로안,승용,남,40세,상해없음,보행자,남,55세,경상
2016042600100614,2016년 4월 26일 21시,화요일,전라남도 화순군 화순읍,경상사고,0,0,1,0,차대차 - 추돌,안전거리미확보,습기,비,단일로 - 기타,승용,남,52세,상해없음,승용,여,42세,경상
2016042600100645,2016년 4월 26일 22시,화요일,전라남도 목포시 옥암동,경상사고,0,0,1,0,차대차 - 정면충돌,중앙선침범,습기,비,교차로 - 교차로부근,승용,남,46세,상해없음,승용,남,38세,경상
2016042700100020,2016년 4월 27일 01시,수요일,전라남도 여수시 봉계동,경상사고,0,0,3,0,차대차 - 추돌,안전운전불이행,습기,비,교차로 - 교차로안,승용,남,58세,상해없음,승용,남,56세,경상
2016042700100021,2016년 4월 27일 01시,수요일,전라남도 완도군 완도읍,경상사고,0,0,1,0,차대차 - 측면직각충돌,안전운전불이행,습기,비,교차로 - 교차로안,승용,여,54세,상해없음,승용,남,43세,경상
2016042700100037,2016년 4월 27일 02시,수요일,전라남도 목포시 옥암동,중상사고,0,1,0,0,차대차 - 측면직각충돌,신호위반,습기,비,교차로 - 교차로부근,승용,남,32세,상해없음,승용,남,36세,중상
2016042700100135,2016년 4월 27일 08시,수요일,전라남도 여수시 신월동,경상사고,0,0,2,0,차대차 - 측면직각충돌,안전운전불이행,습기,비,단일로 - 기타,승용,남,73세,상해없음,승용,남,62세,상해없음
2016042700100136,2016년 4월 27일 08시,수요일,전라남도 순천시 풍덕동,중상사고,0,1,0,0,차대차 - 정면충돌,신호위반,습기,비,교차로 - 교차로안,승합,남,58세,상해없음,승용,여,52세,중상
2016042700100167,2016년 4월 27일 09시,수요일,전라남도 목포시 용당동,경상사고,0,0,1,0,차대차 - 측면충돌,안전운전불이행,습기,비,단일로 - 기타,화물,남,61세,상해없음,승합,남,56세,경상
2016042700100168,2016년 4월 27일 09시,수요일,전라남도 곡성군 오곡면,경상사고,0,0,1,0,차량단독 - 전도전복,안전운전불이행,습기,비,단일로 - 기타,승용,여,65세,경상,,,,
2016042700100215,2016년 4월 27일 10시,수요일,전라남도 함평군 대동면,경상사고,0,0,3,1,차대차 - 측면직각충돌,교차로운행방법위반,습기,비,교차로 - 교차로부근,화물,남,73세,부상신고,승용,여,65세,경상
2016042700100272,2016년 4월 27일 12시,수요일,전라남도 목포시 산정동,부상신고사고,0,0,0,1,차대차 - 기타,안전운전불이행,건조,기타,단일로 - 기타,기타불명,기타불명,기타불명,기타불명,자전거,여,55세,부상신고
2016042700100306,2016년 4월 27일 13시,수요일,전라남도 목포시 용당동,경상사고,0,0,2,0,차대차 - 추돌,안전운전불이행,습기,비,기타 - 기타,승용,남,59세,상해없음,승용,여,39세,경상
2016042700100336,2016년 4월 27일 14시,수요일,전라남도 여수시 공화동,경상사고,0,0,2,0,차대차 - 정면충돌,교차로운행방법위반,습기,비,교차로 - 교차로안,승용,남,59세,경상,승용,여,50세,경상
2016042700100337,2016년 4월 27일 14시,수요일,전라남도 완도군 완도읍,경상사고,0,0,1,2,차대차 - 측면직각충돌,교차로운행방법위반,습기,비,교차로 - 교차로부근,화물,남,55세,부상신고,승용,여,58세,경상
2016042700100372,2016년 4월 27일 15시,수요일,전라남도 목포시 산정동,경상사고,0,0,2,0,차대차 - 측면충돌,직진우회전진행방해,습기,비,교차로 - 교차로안,승용,여,57세,상해없음,승용,남,60세,경상
2016042700100415,2016년 4월 27일 16시,수요일,전라남도 여수시 신기동,경상사고,0,0,2,0,차대차 - 측면직각충돌,안전거리미확보,습기,비,단일로 - 기타,승용,남,26세,경상,승용,여,59세,경상
2016042700100445,2016년 4월 27일 17시,수요일,전라남도 목포시 용당동,경상사고,0,0,2,0,차대차 - 측면충돌,신호위반,습기,비,교차로 - 교차로안,승합,남,73세,상해없음,승용,남,33세,경상
2016042700100446,2016년 4월 27일 17시,수요일,전라남도 보성군 보성읍,경상사고,0,0,1,0,차대차 - 정면충돌,안전운전불이행,습기,비,교차로 - 교차로안,승용,여,49세,상해없음,화물,남,55세,경상
2016042700100522,2016년 4월 27일 19시,수요일,전라남도 여수시 선원동,경상사고,0,0,1,0,차대차 - 정면충돌,신호위반,습기,비,교차로 - 교차로안,승용,여,29세,상해없음,승용,남,45세,상해없음
2016042700100523,2016년 4월 27일 19시,수요일,전라남도 광양시 중동,경상사고,0,0,1,0,차대차 - 기타,안전거리미확보,습기,비,단일로 - 기타,승용,남,45세,상해없음,이륜,남,34세,경상
2016042700100566,2016년 4월 27일 20시,수요일,전라남도 광양시 광양읍,경상사고,0,0,1,0,차대차 - 추돌,안전운전불이행,습기,비,단일로 - 기타,승용,남,56세,상해없음,승용,여,51세,경상
2016042700100567,2016년 4월 27일 20시,수요일,전라남도 구례군 마산면,경상사고,0,0,1,0,차량단독 - 전도전복,안전운전불이행,습기,비,단일로 - 기타,화물,남,46세,경상,,,,
2016042700100608,2016년 4월 27일 21시,수요일,전라남도 강진군 도암면,중상사고,0,3,0,0,차대차 - 정면충돌,중앙선침범,적설,비,단일로 - 기타,승용,여,40세,중상,화물,남,46세,중상
2016042700100648,2016년 4월 27일 22시,수요일,전라남도 순천시 조례동,중상사고,0,1,0,0,차대차 - 측면충돌,직진우회전진행방해,습기,비,교차로 - 교차로안,승용,남,61세,상해없음,원동기,남,20세,중상
2016042700100649,2016년 4월 27일 22시,수요일,전라남도 순천시 조례동,경상사고,0,0,1,0,차대차 - 추돌,안전운전불이행,습기,비,단일로 - 기타,승용,남,59세,상해없음,승용,남,52세,경상