사고번호,사고일시,요일,시군구,사고내용,사망자수,중상자수,경상자수,부상신고자수,사고유형,법규위반,노면상태,기상상태,도로형태,가해운전자 차종,가해운전자 성별,가해운전자 연령,가해운전자 상해정도,피해운전자 차종,피해운전자 성별,피해운전자 연령,피해운전자 상해정도
2016042800100017,2016년 4월 28일 00시,목요일,전라남도 무안군 삼향읍,중상사고,0,1,0,0,차대차 - 추돌,안전운전불이행,습기,비,교차로 - 교차로부근,승용,남,40세,중상,승합,남,66세,기타불명
2016042800100048,2016년 4월 28일 02시,목요일,전라남도 순천시 조례동,중상사고,0,1,0,1,차대차 - 측면직각충돌,신호위반,습기,비,교차로 - 교차로안,승용,남,26세,부상신고,승용,남,62세,중상
2016042800100071,2016년 4월 28일 04시,목요일,전라남도 영암군 삼호읍,경상사고,0,0,1,0,차대차 - 추돌,안전운전불이행,습기,비,교차로 - 교차로부근,승용,남,44세,상해없음,화물,남,49세,경상
2016042800100081,2016년 4월 28일 05시,목요일,전라남도 여수시 서교동,사망사고,1,0,0,0,차대사람 - 횡단중,안전운전불이행,습기,비,교차로 - 교차로부근,승용,남,52세,상해없음,보행자,여,81세,사망
2016042800100118,2016년 4월 28일 07시,목요일,전라남도 고흥군 두원면,중상사고,0,1,0,0,차대사람 - 기타,안전운전불이행,습기,비,단일로 - 기타,승용,남,49세,상해없음,보행자,여,85세,중상
2016042800100119,2016년 4월 28일 07시,목요일,전라남도 장성군 북하면,경상사고,0,0,2,0,차대차 - 측면충돌,안전운전불이행,건조,흐림,교차로 - 교차로안,승용,여,63세,경상,승용,남,54세,경상
2016042800100141,2016년 4월 28일 08시,목요일,전라남도 목포시 용해동,중상사고,0,1,1,0,차대차 - 측면충돌,중앙선침범,습기,비,단일로 - 기타,승용,여,44세,경상,승용,여,39세,중상
2016042800100142,2016년 4월 28일 08시,목요일,전라남도 보성군 벌교읍,중상사고,0,1,0,0,차대사람 - 횡단중,안전운전불이행,습기,비,교차로 - 교차로안,화물,남,34세,상해없음,보행자,여,84세,중상
2016042800100178,2016년 4월 28일 09시,목요일,전라남도 함평군 학교면,중상사고,0,1,3,1,차대차 - 추돌,안전거리미확보,습기,흐림,교차로 - 교차로부근,승용,남,78세,부상신고,승용,남,46세,경상
2016042800100242,2016년 4월 28일 11시,목요일,전라남도 여수시 오림동,경상사고,0,0,1,0,차대차 - 정면충돌,신호위반,건조,맑음,교차로 - 교차로안,승용,남,46세,상해없음,이륜,남,33세,경상
2016042800100243,2016년 4월 28일 11시,목요일,전라남도 무안군 무안읍,경상사고,0,0,1,0,차대차 - 측면충돌,안전운전불이행,건조,맑음,단일로 - 기타,승용,남,19세,경상,이륜,남,32세,상해없음
2016042800100303,2016년 4월 28일 13시,목요일,전라남도 여수시 주삼동,경상사고,0,0,1,0,차대차 - 측면직각충돌,교차로운행방법위반,건조,맑음,교차로 - 교차로안,승용,남,56세,경상,화물,남,50세,상해없음
2016042800100304,2016년 4월 28일 13시,목요일,전라남도 영암군 영암읍,중상사고,0,1,0,0,차대차 - 기타,안전운전불이행,건조,맑음,교차로 - 교차로안,승용,남,56세,상해없음,이륜,여,28세,중상
2016042800100336,2016년 4월 28일 14시,목요일,전라남도 목포시 상동,경상사고,0,0,1,0,차대차 - 측면충돌,안전운전불이행,건조,맑음,기타 - 기타,승용,여,41세,상해없음,승용,여,28세,경상
2016042800100337,2016년 4월 28일 14시,목요일,전라남도 강진군 강진읍,경상사고,0,0,2,0,차대차 - 추돌,안전거리미확보,건조,맑음,교차로 - 교차로안,승용,여,53세,상해없음,승용,남,61세,경상
2016042800100365,2016년 4월 28일 15시,목요일,전라남도 장흥군 장흥읍,중상사고,0,1,1,0,차대차 - 추돌,안전운전불이행,건조,맑음,단일로 - 기타,승용,여,45세,상해없음,이륜,남,73세,경상
2016042800100366,2016년 4월 28일 15시,목요일,전라남도 진도군 진도읍,경상사고,0,0,1,0,차대차 - 추돌,안전운전불이행,건조,흐림,교차로 - 교차로부근,승용,여,51세,상해없음,화물,남,43세,경상
2016042800100398,2016년 4월 28일 16시,목요일,전라남도 여수시 문수동,경상사고,0,0,1,0,차대사람 - 횡단중,안전운전불이행,건조,맑음,교차로 - 교차로안,승용,여,73세,상해없음,보행자,여,20세,경상
2016042800100445,2016년 4월 28일 17시,목요일,전라남도 광양시 중동,중상사고,0,1,1,0,차대차 - 정면충돌,중앙선침범,건조,맑음,교차로 - 교차로부근,승용,남,40세,상해없음,원동기,남,79세,중상
2016042800100575,2016년 4월 28일 20시,목요일,전라남도 순천시 조례동,경상사고,0,0,5,0,차대차 - 추돌,안전운전불이행,건조,맑음,교차로 - 교차로안,승용,남,18세,상해없음,승용,남,47세,경상
2016042800100576,2016년 4월 28일 20시,목요일,전라남도 영광군 백수읍,중상사고,0,1,1,0,차대차 - 정면충돌,중앙선침범,건조,맑음,단일로 - 기타,승용,남,47세,상해없음,승용,여,43세,중상
2016042800100609,2016년 4월 28일 21시,목요일,전라남도 여수시 봉계동,중상사고,0,1,1,0,차대사람 - 횡단중,안전운전불이행,건조,맑음,교차로 - 교차로부근,승용,남,45세,상해없음,보행자,남,13세,중상
2016042800100610,2016년 4월 28일 21시,목요일,전라남도 영암군 학산면,경상사고,0,0,2,0,차대차 - 추돌,안전운전불이행,건조,맑음,단일로 - 기타,승용,여,53세,경상,승용,여,45세,경상
2016042800100643,2016년 4월 28일 22시,목요일,전라남도 순천시 인제동,경상사고,0,0,1,0,차대차 - 측면충돌,안전운전불이행,건조,맑음,교차로 - 교차로부근,이륜,남,17세,경상,승용,남,54세,상해없음
2016042800100644,2016년 4월 28일 22시,목요일,전라남도 광양시 중동,경상사고,0,0,1,0,차대사람 - 보도통행중,안전운전불이행,건조,맑음,단일로 - 기타,자전거,여,55세,상해없음,보행자,남,15세,경상
2016042800100673,2016년 4월 28일 23시,목요일,전라남도 여수시 선원동,경상사고,0,0,3,0,차대차 - 정면충돌,신호위반,건조,맑음,교차로 - 교차로안,승용,남,67세,기타불명,승용,남,29세,경상
2016042800100674,2016년 4월 28일 23시,목요일,전라남도 여수시 선원동,중상사고,0,1,0,0,차대차 - 측면충돌,안전거리미확보,건조,흐림,교차로 - 교차로부근,원동기,남,18세,중상,승합,남,64세,상해없음
2016042900100062,2016년 4월 29일 04시,금요일,전라남도 강진군 강진읍,중상사고,0,1,2,0,차대차 - 추돌,안전운전불이행,습기,안개,단일로 - 기타,승용,남,38세,상해없음,화물,남,67세,중상
2016042900100172,2016년 4월 29일 09시,금요일,전라남도 영광군 법성면,경상사고,0,0,1,0,차대사람 - 기타,안전운전불이행,건조,맑음,기타 - 기타,승합,남,47세,상해없음,보행자,여,38세,경상
2016042900100207,2016년 4월 29일 10시,금요일,전라남도 목포시 호남동,부상신고사고,0,0,0,1,차량단독 - 기타,안전운전불이행,건조,맑음,단일로 - 기타,자전거,남,74세,부상신고,,,,
2016042900100208,2016년 4월 29일 10시,금요일,전라남도 목포시 산정동,경상사고,0,0,1,0,차대차 - 추돌,교차로운행방법위반,건조,맑음,교차로 - 교차로안,화물,남,59세,상해없음,승용,여,67세,경상
2016042900100209,2016년 4월 29일 10시,금요일,전라남도 순천시 조례동,경상사고,0,0,1,0,차대차 - 측면직각충돌,중앙선침범,건조,맑음,단일로 - 기타,승용,여,56세,상해없음,이륜,남,19세,경상
2016042900100210,2016년 4월 29일 10시,금요일,전라남도 구례군 구례읍,경상사고,0,0,2,0,차대차 - 측면충돌,안전운전불이행,건조,맑음,교차로 - 교차로안,화물,남,60세,상해없음,승용,여,31세,경상
2016042900100236,2016년 4월 29일 11시,금요일,전라남도 목포시 대성동,경상사고,0,0,1,0,차대차 - 측면충돌,직진우회전진행방해,건조,맑음,교차로 - 교차로안,승용,여,49세,상해없음,승용,남,54세,상해없음
2016042900100237,2016년 4월 29일 11시,금요일,전라남도 나주시 산포면,경상사고,0,0,1,0,차대차 - 기타,안전운전불이행,건조,맑음,단일로 - 기타,승용,남,46세,상해없음,승용,남,74세,경상
2016042900100238,2016년 4월 29일 11시,금요일,전라남도 영광군 홍농읍,부상신고사고,0,0,0,1,차대차 - 기타,안전운전불이행,건조,맑음,교차로 - 교차로안,농기계,남,79세,부상신고,승용,여,55세,기타불명
2016042900100270,2016년 4월 29일 12시,금요일,전라남도 담양군 남면,경상사고,0,0,5,0,차대차 - 측면충돌,중앙선침범,건조,맑음,단일로 - 기타,승용,남,65세,상해없음,승용,여,61세,경상
2016042900100302,2016년 4월 29일 13시,금요일,전라남도 목포시 석현동,중상사고,0,1,0,0,차대사람 - 횡단중,안전운전불이행,건조,맑음,단일로 - 기타,승용,여,43세,상해없음,보행자,여,41세,중상
2016042900100303,2016년 4월 29일 13시,금요일,전라남도 영암군 신북면,중상사고,0,1,1,0,차대차 - 측면직각충돌,안전운전불이행,건조,맑음,교차로 - 교차로안,화물,남,74세,경상,화물,남,66세,중상
2016042900100366,2016년 4월 29일 15시,금요일,전라남도 여수시 봉산동,경상사고,0,0,1,0,차대차 - 추돌,안전운전불이행,건조,맑음,교차로 - 교차로부근,승용,여,56세,상해없음,승용,남,27세,경상
2016042900100367,2016년 4월 29일 15시,금요일,전라남도 나주시 영산동,중상사고,0,1,0,0,차대차 - 기타,안전운전불이행,건조,맑음,교차로 - 교차로부근,화물,남,18세,상해없음,자전거,남,55세,중상
2016042900100368,2016년 4월 29일 15시,금요일,전라남도 구례군 마산면,경상사고,0,0,2,0,차대차 - 측면충돌,안전운전불이행,건조,맑음,단일로 - 기타,승용,남,41세,상해없음,승합,남,51세,경상
2016042900100452,2016년 4월 29일 17시,금요일,전라남도 순천시 용당동,경상사고,0,0,1,0,차대사람 - 횡단중,안전운전불이행,건조,맑음,단일로 - 기타,승용,여,54세,상해없음,보행자,남,6세,경상
2016042900100453,2016년 4월 29일 17시,금요일,전라남도 화순군 능주면,경상사고,0,0,1,0,차대차 - 측면충돌,안전운전불이행,건조,맑음,교차로 - 교차로안,화물,남,74세,상해없음,승용,남,74세,상해없음
2016042900100454,2016년 4월 29일 17시,금요일,전라남도 함평군 학교면,중상사고,0,1,0,0,차대차 - 측면충돌,교차로운행방법위반,건조,맑음,교차로 - 교차로안,승용,여,31세,상해없음,원동기,남,72세,중상
2016042900100494,2016년 4월 29일 18시,금요일,전라남도 순천시 덕암동,경상사고,0,0,2,0,차대차 - 기타,안전운전불이행,건조,맑음,단일로 - 기타,승용,남,18세,경상,승용,여,42세,경상
2016042900100539,2016년 4월 29일 19시,금요일,전라남도 영암군 삼호읍,사망사고,1,0,0,0,차량단독 - 전도전복,안전운전불이행,건조,맑음,단일로 - 기타,이륜,남,67세,사망,,,,
2016042900100612,2016년 4월 29일 21시,금요일,전라남도 나주시 영산동,경상사고,0,0,4,0,차대차 - 기타,직진우회전진행방해,건조,맑음,교차로 - 교차로안,승용,남,31세,경상,승용,남,39세,경상
2016042900100647,2016년 4월 29일 22시,금요일,전라남도 목포시 산정동,경상사고,0,0,1,0,차대차 - 측면충돌,안전운전불이행,건조,맑음,교차로 - 교차로안,승용,여,36세,상해없음,이륜,남,49세,경상
2016042900100648,2016년 4월 29일 22시,금요일,전라남도 목포시 옥암동,경상사고,0,0,5,0,차대차 - 정면충돌,중앙선침범,건조,맑음,교차로 - 교차로안,승용,남,53세,상해없음,승용,여,54세,경상
2016042900100687,2016년 4월 29일 23시,금요일,전라남도 순천시 승주읍,경상사고,0,0,1,0,차량단독 - 기타,안전운전불이행,건조,맑음,단일로 - 기타,승용,남,41세,경상,,,,
2016043000100090,2016년 4월 30일 04시,토요일,전라남도 목포시 옥암동,경상사고,0,0,2,0,차대차 - 측면충돌,안전운전불이행,건조,맑음,교차로 - 교차로안,승용,남,39세,상해없음,특수,남,46세,경상
2016043000100107,2016년 4월 30일 05시,토요일,전라남도 광양시 광양읍,경상사고,0,0,1,0,차량단독 - 전도전복,안전운전불이행,건조,맑음,단일로 - 기타,승용,여,32세,기타불명,,,,
2016043000100118,2016년 4월 30일 06시,토요일,전라남도 무안군 무안읍,경상사고,0,0,2,0,차대차 - 정면충돌,중앙선침범,건조,맑음,단일로 - 기타,승용,여,34세,경상,승용,남,50세,경상
2016043000100150,2016년 4월 30일 08시,토요일,전라남도 여수시 주삼동,경상사고,0,0,1,0,차대사람 - 횡단중,안전운전불이행,건조,맑음,단일로 - 기타,승용,남,51세,상해없음,보행자,여,45세,경상
2016043000100212,2016년 4월 30일 10시,토요일,전라남도 순천시 조례동,경상사고,0,0,1,0,차대사람 - 길가장자리구역통행중,안전운전불이행,건조,맑음,단일로 - 기타,승용,남,56세,상해없음,보행자,남,47세,경상
2016043000100213,2016년 4월 30일 10시,토요일,전라남도 해남군 북평면,경상사고,0,0,1,0,차대사람 - 길가장자리구역통행중,안전운전불이행,건조,맑음,단일로 - 기타,화물,남,68세,상해없음,보행자,여,85세,경상
2016043000100319,2016년 4월 30일 13시,토요일,전라남도 순천시 조례동,경상사고,0,0,1,0,차대차 - 측면충돌,안전운전불이행,건조,흐림,단일로 - 기타,승용,여,30세,상해없음,이륜,남,22세,경상
2016043000100320,2016년 4월 30일 13시,토요일,전라남도 무안군 삼향읍,경상사고,0,0,1,0,차대사람 - 횡단중,보행자보호의무위반,건조,맑음,단일로 - 횡단보도상,승용,남,33세,상해없음,보행자,남,5세,경상
2016043000100356,2016년 4월 30일 14시,토요일,전라남도 목포시 석현동,중상사고,0,3,8,0,차대차 - 추돌,안전운전불이행,건조,맑음,교차로 - 교차로부근,승용,남,58세,경상,승용,남,35세,경상
2016043000100357,2016년 4월 30일 14시,토요일,전라남도 목포시 용당동,경상사고,0,0,3,0,차대차 - 측면충돌,안전운전불이행,건조,맑음,단일로 - 기타,승용,남,52세,경상,승용,남,66세,경상
2016043000100358,2016년 4월 30일 14시,토요일,전라남도 여수시 소라면,경상사고,0,0,1,1,차대차 - 측면직각충돌,안전거리미확보,건조,맑음,단일로 - 기타,승용,여,55세,부상신고,승용,남,55세,경상
2016043000100397,2016년 4월 30일 15시,토요일,전라남도 목포시 상동,경상사고,0,0,1,0,차대차 - 측면충돌,직진우회전진행방해,건조,맑음,교차로 - 교차로안,승용,남,31세,상해없음,승용,남,46세,경상
2016043000100398,2016년 4월 30일 15시,토요일,전라남도 순천시 조례동,경상사고,0,0,5,0,차대차 - 추돌,안전운전불이행,건조,맑음,단일로 - 기타,화물,남,37세,상해없음,승용,남,40세,경상
2016043000100399,2016년 4월 30일 15시,토요일,전라남도 무안군 무안읍,경상사고,0,0,1,0,차대차 - 추돌,안전운전불이행,건조,맑음,단일로 - 기타,이륜,남,47세,경상,화물,남,50세,기타불명
2016043000100400,2016년 4월 30일 15시,토요일,전라남도 광양시 진월면,중상사고,0,1,0,0,차대차 - 측면충돌,안전운전불이행,건조,맑음,교차로 - 교차로안,특수,남,56세,상해없음,승용,남,56세,중상
2016043000100438,2016년 4월 30일 16시,토요일,전라남도 나주시 삼영동,경상사고,0,0,5,0,차대차 - 측면충돌,직진우회전진행방해,건조,맑음,교차로 - 교차로안,승용,남,33세,경상,승용,남,27세,경상
2016043000100482,2016년 4월 30일 17시,토요일,전라남도 여수시 광무동,경상사고,0,0,1,0,차대차 - 추돌,안전운전불이행,건조,맑음,교차로 - 교차로안,원동기,남,21세,상해없음,승용,남,33세,경상
2016043000100483,2016년 4월 30일 17시,토요일,전라남도 강진군 강진읍,경상사고,0,0,1,0,차대차 - 측면직각충돌,직진우회전진행방해,건조,맑음,교차로 - 교차로안,원동기,남,73세,경상,승용,여,29세,상해없음
2016043000100552,2016년 4월 30일 19시,토요일,전라남도 목포시 산정동,경상사고,0,0,7,0,차대차 - 측면충돌,안전운전불이행,건조,맑음,교차로 - 교차로안,승용,남,50세,상해없음,승용,남,23세,경상
2016043000100553,2016년 4월 30일 19시,토요일,전라남도 여수시 신월동,경상사고,0,0,1,0,차대차 - 추돌,안전운전불이행,건조,맑음,단일로 - 기타,승용,여,42세,상해없음,화물,남,72세,경상
2016043000100554,2016년 4월 30일 19시,토요일,전라남도 보성군 벌교읍,중상사고,0,1,0,0,차대차 - 기타,불법유턴,건조,맑음,단일로 - 기타,승용,여,61세,상해없음,이륜,남,43세,중상
2016043000100622,2016년 4월 30일 21시,토요일,전라남도 영광군 대마면,경상사고,0,0,1,0,차대차 - 기타,안전거리미확보,건조,맑음,단일로 - 기타,승용,여,56세,상해없음,승용,남,44세,경상
2016043000100655,2016년 4월 30일 22시,토요일,전라남도 순천시 연향동,사망사고,1,1,1,0,차대차 - 기타,교차로운행방법위반,건조,맑음,교차로 - 교차로안,승용,남,54세,상해없음,이륜,남,16세,사망
2016050100100104,2016년 5월 1일 06시,일요일,전라남도 광양시 광양읍,중상사고,0,2,2,0,차대차 - 측면직각충돌,교차로운행방법위반,건조,맑음,교차로 - 교차로안,승용,남,56세,상해없음,승용,남,64세,상해없음
2016050100100142,2016년 5월 1일 09시,일요일,전라남도 강진군 강진읍,경상사고,0,0,1,0,차대차 - 측면충돌,신호위반,건조,맑음,교차로 - 교차로안,승용,여,56세,상해없음,승용,여,39세,경상
2016050100100157,2016년 5월 1일 10시,일요일,전라남도 여수시 소호동,중상사고,0,1,0,0,차대차 - 측면직각충돌,안전운전불이행,건조,맑음,단일로 - 기타,승용,남,67세,상해없음,자전거,남,51세,중상
2016050100100158,2016년 5월 1일 10시,일요일,전라남도 순천시 덕암동,경상사고,0,0,1,0,차대차 - 측면직각충돌,직진우회전진행방해,건조,맑음,교차로 - 교차로안,승용,남,53세,상해없음,승용,남,33세,상해없음
2016050100100159,2016년 5월 1일 10시,일요일,전라남도 나주시 산정동,경상사고,0,0,3,0,차대차 - 추돌,안전거리미확보,건조,맑음,단일로 - 기타,승용,여,66세,상해없음,승용,여,47세,경상
2016050100100160,2016년 5월 1일 10시,일요일,전라남도 곡성군 옥과면,경상사고,0,0,3,0,차대차 - 정면충돌,안전운전불이행,건조,맑음,교차로 - 교차로안,승합,남,40세,경상,화물,남,53세,경상
2016050100100209,2016년 5월 1일 12시,일요일,전라남도 목포시 용당동,경상사고,0,0,2,0,차대차 - 측면충돌,신호위반,건조,맑음,단일로 - 기타,승용,남,66세,상해없음,승용,남,31세,경상
2016050100100210,2016년 5월 1일 12시,일요일,전라남도 장성군 북하면,경상사고,0,0,1,0,차대차 - 측면직각충돌,교차로운행방법위반,건조,맑음,교차로 - 교차로안,화물,남,53세,상해없음,승용,남,76세,상해없음
2016050100100242,2016년 5월 1일 13시,일요일,전라남도 순천시 생목동,중상사고,0,1,0,0,차대사람 - 횡단중,보행자보호의무위반,건조,맑음,단일로 - 횡단보도상,화물,남,55세,상해없음,보행자,여,13세,중상
2016050100100243,2016년 5월 1일 13시,일요일,전라남도 구례군 토지면,경상사고,0,0,1,0,차대차 - 측면충돌,안전운전불이행,건조,맑음,단일로 - 기타,이륜,남,46세,상해없음,이륜,남,63세,경상
2016050100100278,2016년 5월 1일 14시,일요일,전라남도 순천시 용당동,경상사고,0,0,1,0,차대사람 - 횡단중,안전운전불이행,건조,맑음,단일로 - 기타,승용,남,64세,상해없음,보행자,남,51세,경상
2016050100100279,2016년 5월 1일 14시,일요일,전라남도 강진군 성전면,경상사고,0,0,1,0,차량단독 - 전도전복,안전운전불이행,건조,맑음,단일로 - 기타,승용,남,45세,경상,,,,
2016050100100313,2016년 5월 1일 15시,일요일,전라남도 순천시 송광면,경상사고,0,0,2,0,차대차 - 측면충돌,중앙선침범,건조,맑음,단일로 - 기타,승용,남,77세,상해없음,승용,남,65세,경상
2016050100100314,2016년 5월 1일 15시,일요일,전라남도 순천시 서면,경상사고,0,0,1,0,차대차 - 정면충돌,중앙선침범,건조,맑음,단일로 - 기타,화물,남,39세,상해없음,승용,남,56세,경상
2016050100100315,2016년 5월 1일 15시,일요일,전라남도 순천시 조례동,경상사고,0,0,1,0,차대사람 - 횡단중,보행자보호의무위반,건조,맑음,단일로 - 횡단보도상,승용,남,47세,상해없음,보행자,남,48세,경상
2016050100100316,2016년 5월 1일 15시,일요일,전라남도 장흥군 장흥읍,경상사고,0,0,4,0,차대차 - 측면직각충돌,교차로운행방법위반,건조,맑음,교차로 - 교차로안,승용,여,35세,상해없음,승용,여,50세,경상
2016050100100317,2016년 5월 1일 15시,일요일,전라남도 영암군 미암면,경상사고,0,0,1,0,차대차 - 기타,안전운전불이행,건조,맑음,단일로 - 기타,농기계,남,35세,상해없음,이륜,남,85세,경상
2016050100100318,2016년 5월 1일 15시,일요일,전라남도 곡성군 삼기면,경상사고,0,0,2,0,차대차 - 정면충돌,중앙선침범,건조,맑음,단일로 - 기타,화물,남,64세,상해없음,승용,남,48세,경상
2016050100100351,2016년 5월 1일 16시,일요일,전라남도 나주시 다도면,중상사고,0,1,4,0,차대차 - 측면충돌,신호위반,건조,맑음,교차로 - 교차로안,승용,여,58세,경상,승용,남,28세,경상
2016050100100352,2016년 5월 1일 16시,일요일,전라남도 장흥군 장흥읍,경상사고,0,0,3,0,차대차 - 측면직각충돌,안전운전불이행,건조,맑음,단일로 - 기타,승용,남,53세,상해없음,승용,여,43세,경상
2016050100100353,2016년 5월 1일 16시,일요일,전라남도 화순군 동복면,경상사고,0,0,1,0,차량단독 - 전도전복,안전운전불이행,건조,맑음,단일로 - 기타,화물,남,68세,경상,,,,
2016050100100395,2016년 5월 1일 17시,일요일,전라남도 광양시 광양읍,경상사고,0,0,3,0,차대차 - 측면직각충돌,교차로운행방법위반,건조,맑음,교차로 - 교차로안,승합,남,58세,상해없음,승용,남,37세,경상
2016050100100482,2016년 5월 1일 20시,일요일,전라남도 순천시 매곡동,부상신고사고,0,0,0,1,차량단독 - 도로외이탈 - 추락,안전운전불이행,건조,맑음,단일로 - 기타,화물,남,58세,부상신고,,,,
2016050100100483,2016년 5월 1일 20시,일요일,전라남도 순천시 옥천동,경상사고,0,0,1,0,차대차 - 기타,교차로운행방법위반,건조,맑음,교차로 - 교차로안,승용,남,58세,상해없음,승용,여,37세,경상
2016050100100509,2016년 5월 1일 21시,일요일,전라남도 목포시 상동,경상사고,0,0,1,0,차대차 - 측면충돌,중앙선침범,건조,맑음,단일로 - 기타,승용,남,51세,상해없음,자전거,남,16세,경상
2016050100100554,2016년 5월 1일 23시,일요일,전라남도 신안군 압해읍,경상사고,0,0,2,0,차대차 - 정면충돌,안전운전불이행,건조,맑음,단일로 - 기타,승용,남,61세,기타불명,승용,여,47세,경상
2016050200100050,2016년 5월 2일 06시,월요일,전라남도 순천시 연향동,경상사고,0,0,1,0,차대차 - 측면충돌,안전운전불이행,건조,맑음,단일로 - 기타,승용,남,19세,상해없음,승용,남,41세,경상
2016050200100067,2016년 5월 2일 07시,월요일,전라남도 영암군 삼호읍,중상사고,0,1,0,0,차대차 - 측면직각충돌,신호위반,건조,맑음,교차로 - 교차로안,이륜,남,49세,중상,승용,남,32세,상해없음
2016050200100113,2016년 5월 2일 08시,월요일,전라남도 화순군 동면,경상사고,0,0,1,0,차량단독 - 기타,안전운전불이행,건조,흐림,단일로 - 기타,승합,남,52세,상해없음,,,,
2016050200100148,2016년 5월 2일 09시,월요일,전라남도 나주시 성북동,경상사고,0,0,1,0,차대차 - 기타,안전운전불이행,건조,맑음,교차로 - 교차로부근,화물,남,63세,상해없음,승합,남,41세,경상
2016050200100185,2016년 5월 2일 10시,월요일,전라남도 강진군 강진읍,중상사고,0,1,0,0,차대차 - 측면직각충돌,안전운전불이행,건조,맑음,단일로 - 기타,승용,남,20세,상해없음,승용,여,74세,중상
2016050200100206,2016년 5월 2일 11시,월요일,전라남도 신안군 압해읍,중상사고,0,1,0,0,차량단독 - 기타,안전운전불이행,건조,맑음,단일로 - 기타,화물,남,73세,상해없음,,,,
2016050200100231,2016년 5월 2일 12시,월요일,전라남도 해남군 해남읍,중상사고,0,1,0,0,차대사람 - 횡단중,안전운전불이행,건조,맑음,단일로 - 기타,건설기계,남,48세,상해없음,보행자,남,51세,중상
2016050200100268,2016년 5월 2일 13시,월요일,전라남도 순천시 풍덕동,부상신고사고,0,0,0,1,차대차 - 기타,안전운전불이행,건조,맑음,교차로 - 교차로안,기타불명,기타불명,기타불명,기타불명,승용,남,54세,상해없음
2016050200100305,2016년 5월 2일 14시,월요일,전라남도 여수시 화양면,경상사고,0,0,1,0,차대차 - 기타,기타,건조,맑음,단일로 - 기타,승합,남,54세,상해없음,이륜,여,63세,경상
2016050200100306,2016년 5월 2일 14시,월요일,전라남도 순천시 매곡동,경상사고,0,0,1,0,차대차 - 측면충돌,안전거리미확보,건조,맑음,단일로 - 기타,승용,여,47세,상해없음,승용,여,50세,경상
2016050200100307,2016년 5월 2일 14시,월요일,전라남도 완도군 완도읍,중상사고,0,1,0,0,차대사람 - 횡단중,안전운전불이행,건조,맑음,교차로 - 교차로안,승합,여,36세,상해없음,보행자,여,50세,중상
2016050200100351,2016년 5월 2일 15시,월요일,전라남도 나주시 대호동,중상사고,0,1,0,0,차대사람 - 횡단중,안전운전불이행,습기,비,단일로 - 기타,화물,여,55세,상해없음,보행자,여,65세,중상
2016050200100352,2016년 5월 2일 15시,월요일,전라남도 나주시 세지면,경상사고,0,0,2,0,차대차 - 측면직각충돌,중앙선침범,습기,비,단일로 - 기타,화물,남,55세,상해없음,화물,남,74세,경상
2016050200100353,2016년 5월 2일 15시,월요일,전라남도 고흥군 도양읍,중상사고,0,1,0,0,차대사람 - 횡단중,안전운전불이행,건조,맑음,교차로 - 교차로부근,승용,여,55세,상해없음,보행자,여,73세,중상
2016050200100354,2016년 5월 2일 15시,월요일,전라남도 보성군 보성읍,경상사고,0,0,2,0,차대차 - 측면직각충돌,교차로운행방법위반,습기,비,교차로 - 교차로안,승용,남,60세,경상,승용,남,44세,경상
2016050200100355,2016년 5월 2일 15시,월요일,전라남도 영광군 영광읍,경상사고,0,0,4,0,차대차 - 측면직각충돌,직진우회전진행방해,습기,비,교차로 - 교차로안,화물,남,63세,경상,승용,여,40세,상해없음
2016050200100356,2016년 5월 2일 15시,월요일,전라남도 함평군 대동면,중상사고,0,1,1,0,차대차 - 정면충돌,중앙선침범,습기,비,단일로 - 기타,화물,남,65세,중상,화물,남,59세,경상
2016050200100357,2016년 5월 2일 15시,월요일,전라남도 담양군 창평면,사망사고,1,0,0,0,차량단독 - 전도전복,안전운전불이행,건조,맑음,단일로 - 기타,승용,남,78세,사망,,,,
2016050200100399,2016년 5월 2일 16시,월요일,전라남도 장성군 장성읍,경상사고,0,0,1,0,차대차 - 측면충돌,안전운전불이행,습기,비,교차로 - 교차로부근,화물,남,46세,상해없음,화물,남,45세,경상
2016050200100400,2016년 5월 2일 16시,월요일,전라남도 장성군 삼계면,경상사고,0,0,3,0,차대차 - 측면충돌,안전운전불이행,습기,비,기타 - 기타,화물,남,69세,상해없음,화물,남,55세,경상
2016050200100401,2016년 5월 2일 16시,월요일,전라남도 담양군 담양읍,경상사고,0,0,3,0,차대차 - 추돌,안전운전불이행,습기,비,단일로 - 기타,승용,남,38세,상해없음,승합,남,39세,상해없음
2016050200100453,2016년 5월 2일 17시,월요일,전라남도 영광군 대마면,중상사고,0,1,1,0,차대차 - 측면직각충돌,신호위반,건조,맑음,교차로 - 교차로안,승용,남,51세,상해없음,승용,남,69세,중상
2016050200100454,2016년 5월 2일 17시,월요일,전라남도 영암군 삼호읍,경상사고,0,0,2,0,차대차 - 측면직각충돌,직진우회전진행방해,습기,비,교차로 - 교차로안,승용,여,60세,경상,특수,남,31세,상해없음
2016050200100496,2016년 5월 2일 18시,월요일,전라남도 순천시 조례동,경상사고,0,0,1,0,차대차 - 측면충돌,안전운전불이행,건조,맑음,단일로 - 기타,승용,여,33세,경상,승용,남,47세,상해없음