사고번호,사고일시,요일,시군구,사고내용,사망자수,중상자수,경상자수,부상신고자수,사고유형,법규위반,노면상태,기상상태,도로형태,가해운전자 차종,가해운전자 성별,가해운전자 연령,가해운전자 상해정도,피해운전자 차종,피해운전자 성별,피해운전자 연령,피해운전자 상해정도
2016050600100449,2016년 5월 6일 18시,금요일,전라남도 해남군 해남읍,중상사고,0,1,0,0,차대차 - 측면직각충돌,직진우회전진행방해,건조,맑음,교차로 - 교차로안,승용,여,33세,상해없음,원동기,여,73세,중상
2016050600100450,2016년 5월 6일 18시,금요일,전라남도 영광군 영광읍,경상사고,0,0,3,0,차대차 - 추돌,안전운전불이행,건조,맑음,단일로 - 기타,승용,남,34세,상해없음,승용,여,55세,경상
2016050600100451,2016년 5월 6일 18시,금요일,전라남도 광양시 진월면,중상사고,0,1,1,0,차대차 - 측면충돌,안전운전불이행,건조,맑음,단일로 - 기타,승용,여,56세,중상,화물,남,51세,경상
2016050600100481,2016년 5월 6일 19시,금요일,전라남도 목포시 석현동,경상사고,0,0,1,0,차대차 - 추돌,안전운전불이행,건조,맑음,기타 - 기타,승용,남,62세,상해없음,승용,남,31세,경상
2016050600100482,2016년 5월 6일 19시,금요일,전라남도 해남군 삼산면,경상사고,0,0,6,0,차대차 - 정면충돌,안전운전불이행,건조,맑음,교차로 - 교차로안,화물,남,68세,상해없음,승용,남,35세,경상
2016050600100559,2016년 5월 6일 21시,금요일,전라남도 나주시 공산면,경상사고,0,0,5,0,차대차 - 측면충돌,직진우회전진행방해,건조,맑음,교차로 - 교차로안,화물,남,42세,상해없음,승용,남,47세,경상
2016050600100583,2016년 5월 6일 22시,금요일,전라남도 여수시 봉강동,경상사고,0,0,1,0,차대사람 - 횡단중,안전운전불이행,건조,맑음,단일로 - 기타,승합,여,35세,상해없음,보행자,남,68세,경상
2016050700100033,2016년 5월 7일 01시,토요일,전라남도 순천시 연향동,경상사고,0,0,2,0,차대차 - 측면충돌,신호위반,건조,맑음,교차로 - 교차로안,승용,남,38세,상해없음,승용,남,30세,경상
2016050700100061,2016년 5월 7일 03시,토요일,전라남도 순천시 풍덕동,경상사고,0,0,1,0,차대차 - 측면충돌,중앙선침범,건조,맑음,단일로 - 기타,승용,남,44세,상해없음,승용,남,33세,경상
2016050700100092,2016년 5월 7일 06시,토요일,전라남도 여수시 오림동,경상사고,0,0,1,0,차대차 - 측면충돌,교차로운행방법위반,건조,맑음,교차로 - 교차로안,승용,남,64세,상해없음,이륜,남,51세,경상
2016050700100093,2016년 5월 7일 06시,토요일,전라남도 순천시 덕암동,경상사고,0,0,2,0,차대차 - 기타,교차로운행방법위반,건조,맑음,교차로 - 교차로안,승용,남,61세,상해없음,화물,남,57세,경상
2016050700100127,2016년 5월 7일 08시,토요일,전라남도 장성군 황룡면,경상사고,0,0,1,0,차대사람 - 횡단중,안전운전불이행,건조,맑음,교차로 - 교차로부근,화물,남,58세,기타불명,보행자,여,85세,경상
2016050700100128,2016년 5월 7일 08시,토요일,전라남도 장성군 장성읍,경상사고,0,0,1,0,차대차 - 측면충돌,안전운전불이행,건조,맑음,교차로 - 교차로안,승용,남,65세,상해없음,승용,남,38세,경상
2016050700100177,2016년 5월 7일 10시,토요일,전라남도 순천시 황전면,경상사고,0,0,1,0,차대차 - 기타,안전운전불이행,건조,맑음,단일로 - 기타,건설기계,남,44세,상해없음,건설기계,남,56세,경상
2016050700100178,2016년 5월 7일 10시,토요일,전라남도 광양시 광양읍,중상사고,0,1,0,0,차대사람 - 기타,안전운전불이행,건조,맑음,단일로 - 기타,승용,남,50세,상해없음,보행자,여,65세,중상
2016050700100208,2016년 5월 7일 11시,토요일,전라남도 화순군 화순읍,중상사고,0,2,5,0,차량단독 - 공작물충돌,안전운전불이행,건조,맑음,교차로 - 교차로부근,승용,남,61세,중상,,,,
2016050700100209,2016년 5월 7일 11시,토요일,전라남도 곡성군 곡성읍,경상사고,0,0,1,0,차대차 - 측면직각충돌,안전운전불이행,건조,맑음,단일로 - 기타,이륜,남,74세,경상,승용,여,48세,상해없음
2016050700100283,2016년 5월 7일 13시,토요일,전라남도 여수시 학동,경상사고,0,0,2,0,차대사람 - 횡단중,보행자보호의무위반,건조,맑음,교차로 - 교차로부근,승용,남,43세,상해없음,보행자,남,30세,경상
2016050700100331,2016년 5월 7일 14시,토요일,전라남도 나주시 왕곡면,경상사고,0,0,2,0,차대차 - 추돌,안전운전불이행,건조,맑음,단일로 - 기타,화물,남,47세,상해없음,화물,남,53세,경상
2016050700100332,2016년 5월 7일 14시,토요일,전라남도 장성군 북하면,경상사고,0,0,2,0,차대차 - 측면충돌,안전운전불이행,건조,맑음,교차로 - 교차로안,화물,남,61세,상해없음,승용,여,30세,경상
2016050700100370,2016년 5월 7일 15시,토요일,전라남도 여수시 공화동,경상사고,0,0,3,0,차대차 - 측면충돌,교차로운행방법위반,건조,맑음,교차로 - 교차로안,승용,남,25세,상해없음,승용,여,41세,상해없음
2016050700100371,2016년 5월 7일 15시,토요일,전라남도 장흥군 장흥읍,경상사고,0,0,1,1,차량단독 - 전도전복,안전운전불이행,건조,맑음,기타 - 기타,승용,여,61세,부상신고,,,,
2016050700100372,2016년 5월 7일 15시,토요일,전라남도 장흥군 장흥읍,경상사고,0,0,1,0,차량단독 - 전도전복,안전운전불이행,건조,맑음,기타 - 기타,특수,남,47세,경상,,,,
2016050700100373,2016년 5월 7일 15시,토요일,전라남도 해남군 옥천면,경상사고,0,0,1,0,차대차 - 측면직각충돌,교차로운행방법위반,건조,맑음,교차로 - 교차로안,승용,남,53세,상해없음,승용,남,54세,경상
2016050700100374,2016년 5월 7일 15시,토요일,전라남도 함평군 함평읍,중상사고,0,1,0,0,차대사람 - 길가장자리구역통행중,안전운전불이행,건조,맑음,단일로 - 기타,화물,남,55세,상해없음,보행자,여,78세,중상
2016050700100375,2016년 5월 7일 15시,토요일,전라남도 영암군 신북면,경상사고,0,0,2,0,차대차 - 추돌,안전운전불이행,건조,맑음,단일로 - 기타,승용,남,70세,상해없음,승용,여,36세,경상
2016050700100415,2016년 5월 7일 16시,토요일,전라남도 광양시 중동,경상사고,0,0,1,0,차대사람 - 기타,안전운전불이행,건조,맑음,단일로 - 기타,화물,남,59세,상해없음,보행자,남,52세,경상
2016050700100463,2016년 5월 7일 17시,토요일,전라남도 순천시 생목동,경상사고,0,0,1,0,차대차 - 측면충돌,안전운전불이행,건조,맑음,교차로 - 교차로부근,승용,남,51세,상해없음,승용,남,47세,경상
2016050700100464,2016년 5월 7일 17시,토요일,전라남도 장흥군 장동면,경상사고,0,0,1,0,차량단독 - 전도전복,안전운전불이행,건조,맑음,단일로 - 기타,이륜,남,66세,경상,,,,
2016050700100465,2016년 5월 7일 17시,토요일,전라남도 강진군 대구면,중상사고,0,4,3,0,차대차 - 정면충돌,중앙선침범,건조,맑음,단일로 - 기타,승용,여,64세,경상,화물,남,35세,경상
2016050700100498,2016년 5월 7일 18시,토요일,전라남도 순천시 월등면,중상사고,0,3,0,0,차대차 - 기타,안전운전불이행,건조,맑음,교차로 - 교차로부근,승용,남,75세,중상,승용,남,64세,중상
2016050700100499,2016년 5월 7일 18시,토요일,전라남도 고흥군 고흥읍,경상사고,0,0,1,0,차대사람 - 횡단중,안전운전불이행,건조,맑음,단일로 - 기타,승용,여,31세,상해없음,보행자,남,8세,경상
2016050700100534,2016년 5월 7일 19시,토요일,전라남도 완도군 완도읍,경상사고,0,0,4,0,차대차 - 정면충돌,중앙선침범,건조,맑음,단일로 - 기타,화물,남,52세,상해없음,승용,여,57세,경상
2016050700100535,2016년 5월 7일 19시,토요일,전라남도 무안군 삼향읍,경상사고,0,0,1,0,차대사람 - 기타,안전운전불이행,건조,맑음,단일로 - 기타,승용,남,73세,상해없음,보행자,남,59세,경상
2016050700100562,2016년 5월 7일 20시,토요일,전라남도 광양시 옥곡면,경상사고,0,0,4,0,차대차 - 측면직각충돌,안전운전불이행,건조,맑음,교차로 - 교차로안,승용,남,33세,상해없음,승용,남,36세,경상
2016050700100627,2016년 5월 7일 22시,토요일,전라남도 강진군 군동면,사망사고,1,0,0,0,차량단독 - 전도전복,안전운전불이행,건조,맑음,단일로 - 교량,화물,남,40세,사망,,,,
2016050700100655,2016년 5월 7일 23시,토요일,전라남도 순천시 중앙동,경상사고,0,0,1,0,차대차 - 측면충돌,신호위반,건조,맑음,교차로 - 교차로안,자전거,남,14세,경상,승용,남,62세,상해없음
2016050800100011,2016년 5월 8일 00시,일요일,전라남도 광양시 중동,중상사고,0,2,1,0,차대차 - 측면직각충돌,직진우회전진행방해,건조,맑음,교차로 - 교차로안,승용,남,18세,경상,승용,남,54세,중상
2016050800100031,2016년 5월 8일 01시,일요일,전라남도 순천시 대대동,경상사고,0,0,2,0,차대차 - 측면충돌,안전운전불이행,건조,맑음,단일로 - 기타,화물,남,27세,상해없음,승용,남,25세,경상
2016050800100044,2016년 5월 8일 02시,일요일,전라남도 강진군 작천면,경상사고,0,0,1,0,차량단독 - 전도전복,안전운전불이행,건조,맑음,단일로 - 기타,승용,남,21세,경상,,,,
2016050800100092,2016년 5월 8일 07시,일요일,전라남도 보성군 벌교읍,중상사고,0,1,0,0,차대차 - 측면충돌,교차로운행방법위반,건조,맑음,교차로 - 교차로안,이륜,남,78세,중상,화물,남,44세,상해없음
2016050800100093,2016년 5월 8일 07시,일요일,전라남도 담양군 금성면,중상사고,0,1,1,0,차대차 - 측면충돌,안전운전불이행,건조,맑음,교차로 - 교차로부근,승용,남,44세,경상,승용,남,44세,중상
2016050800100094,2016년 5월 8일 07시,일요일,전라남도 완도군 보길면,중상사고,0,1,0,0,차대차 - 측면직각충돌,직진우회전진행방해,건조,맑음,교차로 - 교차로안,화물,남,54세,상해없음,자전거,남,15세,중상
2016050800100107,2016년 5월 8일 08시,일요일,전라남도 완도군 완도읍,경상사고,0,0,2,0,차대차 - 정면충돌,안전거리미확보,건조,맑음,단일로 - 기타,승용,여,57세,경상,승용,남,35세,경상
2016050800100126,2016년 5월 8일 09시,일요일,전라남도 무안군 망운면,중상사고,0,1,1,0,차량단독 - 전도전복,안전운전불이행,건조,맑음,단일로 - 기타,승용,남,39세,경상,,,,
2016050800100147,2016년 5월 8일 10시,일요일,전라남도 나주시 남평읍,경상사고,0,0,6,0,차대차 - 측면직각충돌,직진우회전진행방해,건조,맑음,교차로 - 교차로안,승용,남,62세,상해없음,승용,남,47세,경상
2016050800100176,2016년 5월 8일 11시,일요일,전라남도 순천시 주암면,중상사고,0,1,0,0,차대차 - 측면충돌,기타,건조,맑음,교차로 - 교차로안,승용,남,30세,상해없음,이륜,남,70세,중상
2016050800100177,2016년 5월 8일 11시,일요일,전라남도 나주시 금천면,경상사고,0,0,2,0,차대차 - 정면충돌,중앙선침범,건조,맑음,교차로 - 교차로부근,승용,남,35세,상해없음,승합,남,74세,경상
2016050800100201,2016년 5월 8일 12시,일요일,전라남도 담양군 월산면,경상사고,0,0,3,0,차대차 - 정면충돌,안전운전불이행,건조,맑음,교차로 - 교차로안,승용,남,31세,상해없음,승용,남,63세,상해없음
2016050800100245,2016년 5월 8일 13시,일요일,전라남도 여수시 돌산읍죽포출장,경상사고,0,0,1,0,차대차 - 측면충돌,직진우회전진행방해,건조,맑음,교차로 - 교차로부근,승용,여,36세,상해없음,승용,여,35세,경상
2016050800100246,2016년 5월 8일 13시,일요일,전라남도 순천시 황전면,경상사고,0,0,4,0,차량단독 - 공작물충돌,안전운전불이행,건조,맑음,단일로 - 기타,승용,여,58세,경상,,,,
2016050800100247,2016년 5월 8일 13시,일요일,전라남도 강진군 마량면,경상사고,0,0,1,0,차대사람 - 기타,안전운전불이행,건조,맑음,단일로 - 기타,승용,여,57세,상해없음,보행자,남,36세,경상
2016050800100291,2016년 5월 8일 14시,일요일,전라남도 목포시 용해동,경상사고,0,0,1,0,차대차 - 측면충돌,안전운전불이행,건조,맑음,단일로 - 기타,승용,남,53세,상해없음,승용,남,31세,경상
2016050800100292,2016년 5월 8일 14시,일요일,전라남도 순천시 조례동,중상사고,0,1,0,0,차대차 - 측면충돌,신호위반,건조,맑음,교차로 - 교차로안,승용,남,40세,상해없음,원동기,남,45세,중상
2016050800100293,2016년 5월 8일 14시,일요일,전라남도 순천시 낙안면,경상사고,0,0,1,0,차대사람 - 횡단중,보행자보호의무위반,건조,맑음,단일로 - 기타,승용,남,41세,상해없음,보행자,남,7세,경상
2016050800100294,2016년 5월 8일 14시,일요일,전라남도 광양시 광양읍,중상사고,0,1,0,1,차대차 - 추돌,안전운전불이행,건조,맑음,단일로 - 기타,이륜,남,72세,부상신고,승용,남,46세,상해없음
2016050800100326,2016년 5월 8일 15시,일요일,전라남도 나주시 남평읍,경상사고,0,0,5,0,차대차 - 측면충돌,직진우회전진행방해,건조,맑음,교차로 - 교차로안,승용,남,34세,경상,승용,여,38세,경상
2016050800100362,2016년 5월 8일 16시,일요일,전라남도 함평군 대동면,경상사고,0,0,15,0,차대차 - 추돌,안전운전불이행,건조,맑음,단일로 - 기타,승용,남,41세,경상,승용,남,40세,경상
2016050800100399,2016년 5월 8일 17시,일요일,전라남도 순천시 매곡동,경상사고,0,0,1,0,차대차 - 정면충돌,신호위반,건조,맑음,교차로 - 교차로부근,이륜,남,22세,경상,승용,여,53세,상해없음
2016050800100487,2016년 5월 8일 20시,일요일,전라남도 목포시 산정동,경상사고,0,0,2,0,차대사람 - 횡단중,안전운전불이행,건조,맑음,단일로 - 기타,이륜,남,26세,상해없음,보행자,여,43세,경상
2016050800100488,2016년 5월 8일 20시,일요일,전라남도 해남군 송지면,중상사고,0,1,0,0,차대사람 - 횡단중,안전운전불이행,건조,맑음,단일로 - 기타,승용,여,58세,상해없음,보행자,남,57세,중상
2016050800100555,2016년 5월 8일 23시,일요일,전라남도 영암군 삼호읍,중상사고,0,1,0,0,차량단독 - 전도전복,안전운전불이행,건조,맑음,단일로 - 기타,승용,남,26세,중상,,,,
2016050900100013,2016년 5월 9일 01시,월요일,전라남도 목포시 상동,경상사고,0,0,1,0,차대차 - 추돌,안전운전불이행,건조,맑음,교차로 - 교차로부근,승용,여,33세,상해없음,승용,여,47세,경상
2016050900100030,2016년 5월 9일 05시,월요일,전라남도 여수시 미평동,중상사고,0,1,0,0,차대차 - 기타,안전거리미확보,건조,흐림,단일로 - 기타,승용,여,55세,상해없음,승용,남,62세,상해없음
2016050900100042,2016년 5월 9일 06시,월요일,전라남도 여수시 신기동,경상사고,0,0,1,0,차대차 - 정면충돌,신호위반,건조,맑음,교차로 - 교차로안,승용,남,23세,상해없음,승용,남,55세,경상
2016050900100056,2016년 5월 9일 07시,월요일,전라남도 담양군 담양읍,중상사고,0,1,0,0,차대사람 - 횡단중,안전운전불이행,건조,맑음,기타 - 기타,화물,남,44세,상해없음,보행자,여,80세,중상
2016050900100057,2016년 5월 9일 07시,월요일,전라남도 광양시 광양읍,중상사고,0,1,1,0,차량단독 - 공작물충돌,안전운전불이행,건조,맑음,단일로 - 기타,승용,남,25세,중상,,,,
2016050900100091,2016년 5월 9일 08시,월요일,전라남도 영광군 묘량면,중상사고,0,1,0,0,차대차 - 측면직각충돌,중앙선침범,건조,맑음,단일로 - 기타,화물,남,59세,상해없음,원동기,남,70세,중상
2016050900100124,2016년 5월 9일 09시,월요일,전라남도 목포시 석현동,경상사고,0,0,1,0,차대사람 - 횡단중,안전운전불이행,건조,맑음,기타 - 기타,승용,여,58세,기타불명,보행자,남,68세,경상
2016050900100125,2016년 5월 9일 09시,월요일,전라남도 나주시 반남면,경상사고,0,0,1,0,차대차 - 측면충돌,안전운전불이행,건조,맑음,단일로 - 기타,화물,남,44세,상해없음,원동기,남,81세,경상
2016050900100126,2016년 5월 9일 09시,월요일,전라남도 강진군 강진읍,경상사고,0,0,1,0,차대차 - 측면충돌,교차로운행방법위반,건조,맑음,교차로 - 교차로안,승용,남,54세,상해없음,승용,여,44세,경상
2016050900100218,2016년 5월 9일 12시,월요일,전라남도 여수시 광무동,중상사고,0,1,0,0,차대차 - 기타,차로위반,건조,맑음,교차로 - 교차로부근,승용,남,59세,상해없음,화물,남,66세,중상
2016050900100258,2016년 5월 9일 13시,월요일,전라남도 여수시 여서동,경상사고,0,0,1,0,차대차 - 추돌,안전운전불이행,건조,맑음,교차로 - 교차로안,승용,남,54세,상해없음,이륜,남,71세,경상
2016050900100289,2016년 5월 9일 14시,월요일,전라남도 영광군 영광읍,경상사고,0,0,1,0,차대차 - 측면직각충돌,안전운전불이행,건조,맑음,교차로 - 교차로안,승용,여,57세,상해없음,자전거,남,83세,경상
2016050900100290,2016년 5월 9일 14시,월요일,전라남도 담양군 담양읍,중상사고,0,1,0,0,차대차 - 기타,교차로운행방법위반,건조,맑음,교차로 - 교차로안,승용,남,69세,상해없음,원동기,남,72세,중상
2016050900100291,2016년 5월 9일 14시,월요일,전라남도 완도군 완도읍,경상사고,0,0,2,0,차대차 - 정면충돌,중앙선침범,건조,맑음,교차로 - 교차로부근,승용,여,56세,상해없음,승용,남,64세,경상
2016050900100369,2016년 5월 9일 16시,월요일,전라남도 여수시 선원동,경상사고,0,0,1,0,차대차 - 정면충돌,안전운전불이행,습기,흐림,단일로 - 기타,승용,여,55세,상해없음,화물,남,65세,기타불명
2016050900100399,2016년 5월 9일 17시,월요일,전라남도 여수시 봉계동,경상사고,0,0,1,0,차대차 - 측면직각충돌,안전운전불이행,건조,맑음,단일로 - 기타,화물,남,45세,상해없음,자전거,남,73세,경상
2016050900100400,2016년 5월 9일 17시,월요일,전라남도 여수시 화장동,중상사고,0,1,1,0,차대차 - 정면충돌,기타,건조,맑음,교차로 - 교차로부근,원동기,남,53세,중상,승용,남,37세,경상
2016050900100401,2016년 5월 9일 17시,월요일,전라남도 순천시 조례동,중상사고,0,1,0,0,차량단독 - 전도전복,안전운전불이행,건조,맑음,단일로 - 기타,자전거,남,56세,중상,,,,
2016050900100422,2016년 5월 9일 18시,월요일,전라남도 순천시 송광면,중상사고,0,2,0,0,차량단독 - 공작물충돌,안전운전불이행,습기,비,단일로 - 기타,화물,남,71세,중상,,,,
2016050900100423,2016년 5월 9일 18시,월요일,전라남도 순천시 조곡동,경상사고,0,0,1,0,차대차 - 측면직각충돌,안전운전불이행,건조,맑음,교차로 - 교차로안,승용,남,75세,상해없음,승용,남,75세,경상
2016050900100424,2016년 5월 9일 18시,월요일,전라남도 완도군 완도읍,중상사고,0,1,0,0,차대차 - 정면충돌,직진우회전진행방해,건조,맑음,교차로 - 교차로안,승용,남,36세,상해없음,승용,여,26세,중상
2016050900100458,2016년 5월 9일 19시,월요일,전라남도 영광군 영광읍,중상사고,0,1,0,0,차대사람 - 길가장자리구역통행중,안전운전불이행,건조,맑음,단일로 - 기타,승용,남,52세,상해없음,보행자,남,57세,중상
2016050900100484,2016년 5월 9일 20시,월요일,전라남도 목포시 산정동,사망사고,1,0,0,0,차대사람 - 횡단중,안전운전불이행,기타,비,단일로 - 기타,승용,남,63세,상해없음,보행자,여,68세,사망
2016050900100518,2016년 5월 9일 21시,월요일,전라남도 장성군 장성읍,경상사고,0,0,1,0,차대차 - 측면충돌,안전운전불이행,건조,맑음,교차로 - 교차로부근,승용,여,57세,상해없음,승용,남,64세,경상
2016050900100550,2016년 5월 9일 22시,월요일,전라남도 곡성군 곡성읍,중상사고,0,2,0,0,차량단독 - 전도전복,안전운전불이행,건조,맑음,교차로 - 교차로부근,화물,남,63세,중상,,,,
2016051000100015,2016년 5월 10일 01시,화요일,전라남도 목포시 상동,경상사고,0,0,1,0,차대사람 - 횡단중,안전운전불이행,건조,맑음,단일로 - 기타,승용,여,27세,기타불명,보행자,남,19세,경상
2016051000100055,2016년 5월 10일 05시,화요일,전라남도 순천시 장천동,중상사고,0,1,0,0,차대차 - 측면충돌,안전운전불이행,습기,비,교차로 - 교차로안,자전거,남,73세,중상,승용,남,37세,상해없음
2016051000100071,2016년 5월 10일 06시,화요일,전라남도 목포시 금동2가,경상사고,0,0,3,0,차대차 - 측면직각충돌,직진우회전진행방해,적설,비,교차로 - 교차로안,화물,남,39세,상해없음,화물,남,49세,경상
2016051000100072,2016년 5월 10일 06시,화요일,전라남도 순천시 해룡면,경상사고,0,0,1,0,차대차 - 측면직각충돌,안전운전불이행,습기,흐림,교차로 - 교차로부근,승용,남,55세,상해없음,승용,남,26세,경상
2016051000100093,2016년 5월 10일 07시,화요일,전라남도 고흥군 풍양면,중상사고,0,1,0,0,차대차 - 정면충돌,안전운전불이행,습기,비,단일로 - 기타,이륜,남,57세,중상,화물,남,55세,상해없음
2016051000100126,2016년 5월 10일 08시,화요일,전라남도 목포시 상동,경상사고,0,0,1,0,차대차 - 추돌,안전거리미확보,습기,비,교차로 - 교차로부근,승용,남,31세,상해없음,승용,여,35세,경상
2016051000100127,2016년 5월 10일 08시,화요일,전라남도 순천시 남정동,중상사고,0,1,2,0,차대차 - 추돌,안전운전불이행,습기,비,단일로 - 기타,승용,남,36세,상해없음,승용,남,42세,중상
2016051000100128,2016년 5월 10일 08시,화요일,전라남도 해남군 현산면,경상사고,0,0,3,0,차대차 - 추돌,안전운전불이행,습기,비,단일로 - 기타,승용,남,51세,상해없음,승용,남,27세,상해없음
2016051000100129,2016년 5월 10일 08시,화요일,전라남도 영암군 삼호읍,경상사고,0,0,1,0,차량단독 - 공작물충돌,안전운전불이행,건조,맑음,단일로 - 기타,승용,남,28세,경상,,,,
2016051000100211,2016년 5월 10일 10시,화요일,전라남도 여수시 선원동,경상사고,0,0,2,0,차대차 - 정면충돌,교차로운행방법위반,습기,비,교차로 - 교차로안,승용,여,44세,경상,승용,남,54세,경상
2016051000100212,2016년 5월 10일 10시,화요일,전라남도 진도군 임회면,경상사고,0,0,2,0,차대차 - 정면충돌,중앙선침범,습기,비,단일로 - 기타,승용,여,42세,상해없음,승용,남,58세,경상
2016051000100213,2016년 5월 10일 10시,화요일,전라남도 광양시 태인동,중상사고,0,1,1,0,차대차 - 추돌,안전운전불이행,습기,비,단일로 - 기타,화물,남,37세,경상,화물,남,65세,중상
2016051000100269,2016년 5월 10일 12시,화요일,전라남도 해남군 화원면,경상사고,0,0,2,0,차대차 - 측면직각충돌,직진우회전진행방해,습기,비,교차로 - 교차로안,승합,남,58세,상해없음,승용,여,25세,경상
2016051000100302,2016년 5월 10일 13시,화요일,전라남도 화순군 도곡면,중상사고,0,1,1,0,차대차 - 측면충돌,안전운전불이행,건조,맑음,단일로 - 기타,승용,여,62세,상해없음,승용,남,48세,중상
2016051000100330,2016년 5월 10일 14시,화요일,전라남도 목포시 산정동,중상사고,0,1,0,0,차대사람 - 횡단중,안전운전불이행,습기,흐림,교차로 - 교차로부근,화물,남,56세,상해없음,보행자,여,73세,중상
2016051000100331,2016년 5월 10일 14시,화요일,전라남도 영암군 금정면,경상사고,0,0,1,0,차량단독 - 전도전복,안전운전불이행,습기,비,단일로 - 기타,화물,남,68세,경상,,,,
2016051000100332,2016년 5월 10일 14시,화요일,전라남도 담양군 담양읍,중상사고,0,1,0,0,차대차 - 측면직각충돌,직진우회전진행방해,습기,비,교차로 - 교차로안,승합,남,54세,상해없음,화물,남,48세,중상
2016051000100361,2016년 5월 10일 15시,화요일,전라남도 목포시 죽교동,경상사고,0,0,3,0,차대차 - 측면충돌,안전운전불이행,건조,흐림,교차로 - 교차로부근,화물,남,61세,상해없음,승용,남,46세,경상
2016051000100392,2016년 5월 10일 16시,화요일,전라남도 나주시 금천면,경상사고,0,0,1,0,차대차 - 측면충돌,안전거리미확보,습기,비,교차로 - 교차로부근,승용,남,55세,상해없음,승용,여,30세,경상
2016051000100393,2016년 5월 10일 16시,화요일,전라남도 장성군 북하면,중상사고,0,1,0,0,차대사람 - 횡단중,안전운전불이행,건조,맑음,단일로 - 기타,화물,남,61세,상해없음,보행자,여,56세,중상
2016051000100424,2016년 5월 10일 17시,화요일,전라남도 목포시 상동,중상사고,0,1,0,0,차대사람 - 횡단중,보행자보호의무위반,습기,비,교차로 - 교차로부근,승용,여,54세,상해없음,보행자,여,20세,중상
2016051000100426,2016년 5월 10일 17시,화요일,전라남도 광양시 광양읍,경상사고,0,0,1,0,차대차 - 추돌,안전운전불이행,습기,맑음,단일로 - 기타,승용,남,42세,상해없음,화물,남,59세,경상
2016051000100450,2016년 5월 10일 18시,화요일,전라남도 여수시 신월동,경상사고,0,0,1,0,차대차 - 정면충돌,안전운전불이행,습기,비,교차로 - 교차로부근,승용,남,57세,상해없음,승용,남,45세,경상
2016051000100451,2016년 5월 10일 18시,화요일,전라남도 강진군 작천면,중상사고,0,1,0,1,차대차 - 기타,직진우회전진행방해,습기,비,교차로 - 교차로안,승용,여,44세,기타불명,화물,남,23세,중상
2016051000100452,2016년 5월 10일 18시,화요일,전라남도 광양시 광양읍,중상사고,0,1,0,0,차대차 - 측면직각충돌,안전운전불이행,습기,비,단일로 - 기타,승용,남,55세,상해없음,자전거,남,74세,중상
2016051000100530,2016년 5월 10일 20시,화요일,전라남도 순천시 조례동,경상사고,0,0,1,0,차대차 - 측면충돌,안전운전불이행,습기,비,교차로 - 교차로부근,승용,남,55세,상해없음,승용,여,54세,경상
2016051000100608,2016년 5월 10일 22시,화요일,전라남도 순천시 오천동,경상사고,0,0,1,0,차대차 - 추돌,안전운전불이행,건조,맑음,단일로 - 기타,승용,남,40세,상해없음,승합,남,42세,경상
2016051000100634,2016년 5월 10일 23시,화요일,전라남도 광양시 광양읍,경상사고,0,0,1,0,차량단독 - 도로외이탈 - 추락,안전운전불이행,습기,비,단일로 - 기타,승용,남,31세,경상,,,,
2016051100100015,2016년 5월 11일 01시,수요일,전라남도 순천시 조례동,경상사고,0,0,1,0,차대차 - 추돌,안전운전불이행,습기,비,교차로 - 교차로부근,승용,남,51세,상해없음,승용,남,36세,경상
2016051100100087,2016년 5월 11일 07시,수요일,전라남도 영광군 불갑면,중상사고,0,1,0,0,차대차 - 측면충돌,직진우회전진행방해,건조,맑음,교차로 - 교차로안,원동기,남,64세,중상,승용,남,33세,상해없음
2016051100100112,2016년 5월 11일 08시,수요일,전라남도 진도군 진도읍,경상사고,0,0,1,0,차대차 - 추돌,안전운전불이행,건조,맑음,단일로 - 기타,승용,남,44세,상해없음,승용,여,37세,경상
2016051100100195,2016년 5월 11일 10시,수요일,전라남도 순천시 조례동,경상사고,0,0,1,0,차대사람 - 횡단중,안전운전불이행,건조,맑음,교차로 - 교차로부근,승용,남,51세,기타불명,보행자,여,40세,경상
2016051100100223,2016년 5월 11일 11시,수요일,전라남도 신안군 도초면,중상사고,0,2,0,0,차대차 - 측면충돌,안전운전불이행,건조,맑음,단일로 - 기타,승용,남,62세,상해없음,이륜,남,71세,중상
2016051100100224,2016년 5월 11일 11시,수요일,전라남도 무안군 해제면,중상사고,0,1,0,0,차대사람 - 횡단중,안전운전불이행,건조,맑음,교차로 - 교차로부근,화물,남,68세,상해없음,보행자,여,79세,중상
2016051100100251,2016년 5월 11일 12시,수요일,전라남도 함평군 월야면,사망사고,1,0,0,0,차대차 - 정면충돌,안전운전불이행,건조,맑음,교차로 - 교차로안,건설기계,남,52세,상해없음,자전거,남,76세,사망
2016051100100252,2016년 5월 11일 12시,수요일,전라남도 함평군 학교면,경상사고,0,0,3,0,차대차 - 추돌,안전거리미확보,건조,맑음,단일로 - 기타,화물,남,44세,상해없음,승용,남,55세,경상
2016051100100253,2016년 5월 11일 12시,수요일,전라남도 무안군 청계면,경상사고,0,0,1,0,차대차 - 측면충돌,안전운전불이행,건조,맑음,단일로 - 기타,승용,남,72세,기타불명,승용,여,45세,경상