사고번호,사고일시,요일,시군구,사고내용,사망자수,중상자수,경상자수,부상신고자수,사고유형,법규위반,노면상태,기상상태,도로형태,가해운전자 차종,가해운전자 성별,가해운전자 연령,가해운전자 상해정도,피해운전자 차종,피해운전자 성별,피해운전자 연령,피해운전자 상해정도
2016051100100285,2016년 5월 11일 13시,수요일,전라남도 나주시 노안면,중상사고,0,1,0,0,차대차 - 측면충돌,안전운전불이행,건조,맑음,단일로 - 기타,원동기,남,72세,중상,승용,남,57세,상해없음
2016051100100286,2016년 5월 11일 13시,수요일,전라남도 고흥군 고흥읍,중상사고,0,1,0,0,차대사람 - 횡단중,안전운전불이행,건조,맑음,단일로 - 횡단보도상,승합,남,54세,상해없음,보행자,여,77세,중상
2016051100100287,2016년 5월 11일 13시,수요일,전라남도 진도군 조도면,중상사고,0,1,0,0,차대사람 - 횡단중,안전운전불이행,건조,맑음,단일로 - 기타,화물,여,47세,상해없음,보행자,여,69세,중상
2016051100100288,2016년 5월 11일 13시,수요일,전라남도 광양시 광양읍,중상사고,0,1,0,0,차대차 - 측면충돌,교차로운행방법위반,건조,맑음,교차로 - 교차로안,승용,여,46세,상해없음,화물,남,66세,중상
2016051100100347,2016년 5월 11일 15시,수요일,전라남도 여수시 학동,경상사고,0,0,1,0,차대차 - 정면충돌,교차로운행방법위반,건조,맑음,교차로 - 교차로부근,화물,남,43세,상해없음,승용,남,49세,경상
2016051100100348,2016년 5월 11일 15시,수요일,전라남도 순천시 해룡면,경상사고,0,0,1,0,차대차 - 측면충돌,차로위반,건조,맑음,단일로 - 기타,화물,남,56세,상해없음,이륜,남,70세,경상
2016051100100349,2016년 5월 11일 15시,수요일,전라남도 강진군 강진읍,중상사고,0,2,0,0,차량단독 - 도로외이탈 - 추락,안전운전불이행,건조,맑음,단일로 - 기타,승용,여,59세,중상,,,,
2016051100100394,2016년 5월 11일 16시,수요일,전라남도 순천시 조례동,경상사고,0,0,3,0,차대차 - 측면충돌,안전거리미확보,건조,맑음,교차로 - 교차로부근,승용,남,33세,경상,화물,남,61세,경상
2016051100100395,2016년 5월 11일 16시,수요일,전라남도 보성군 벌교읍,부상신고사고,0,0,0,1,차량단독 - 전도전복,안전운전불이행,건조,맑음,단일로 - 기타,이륜,남,65세,부상신고,,,,
2016051100100436,2016년 5월 11일 17시,수요일,전라남도 목포시 상동,경상사고,0,0,7,0,차대차 - 측면직각충돌,안전운전불이행,건조,맑음,기타 - 기타,승용,남,61세,상해없음,승합,남,52세,상해없음
2016051100100437,2016년 5월 11일 17시,수요일,전라남도 순천시 오천동,경상사고,0,0,4,0,차대차 - 추돌,안전운전불이행,건조,맑음,단일로 - 기타,승용,남,59세,기타불명,승용,여,44세,경상
2016051100100438,2016년 5월 11일 17시,수요일,전라남도 순천시 연향동,중상사고,0,1,0,0,차대차 - 기타,안전운전불이행,건조,맑음,교차로 - 교차로안,원동기,남,55세,중상,화물,남,54세,상해없음
2016051100100439,2016년 5월 11일 17시,수요일,전라남도 무안군 무안읍,경상사고,0,0,1,0,차대차 - 측면충돌,안전거리미확보,건조,맑음,교차로 - 교차로부근,승용,남,20세,상해없음,승용,여,50세,경상
2016051100100440,2016년 5월 11일 17시,수요일,전라남도 무안군 망운면,경상사고,0,0,4,0,차대차 - 정면충돌,중앙선침범,건조,맑음,단일로 - 기타,화물,남,73세,경상,화물,남,58세,경상
2016051100100485,2016년 5월 11일 18시,수요일,전라남도 순천시 조례동,경상사고,0,0,1,0,차대차 - 측면직각충돌,교차로운행방법위반,건조,맑음,교차로 - 교차로안,화물,남,48세,상해없음,원동기,남,74세,경상
2016051100100486,2016년 5월 11일 18시,수요일,전라남도 영암군 삼호읍,중상사고,0,1,3,0,차대차 - 측면직각충돌,신호위반,건조,맑음,교차로 - 교차로안,승용,여,21세,경상,승용,여,38세,경상
2016051100100555,2016년 5월 11일 20시,수요일,전라남도 여수시 평여동,경상사고,0,0,1,0,차대차 - 추돌,안전운전불이행,건조,맑음,단일로 - 기타,화물,남,33세,상해없음,승용,남,47세,경상
2016051100100556,2016년 5월 11일 20시,수요일,전라남도 광양시 중동,경상사고,0,0,1,0,차대사람 - 횡단중,보행자보호의무위반,건조,맑음,단일로 - 횡단보도상,승용,남,31세,상해없음,보행자,남,5세,경상
2016051100100589,2016년 5월 11일 21시,수요일,전라남도 목포시 상동,중상사고,0,3,0,0,차대차 - 측면충돌,안전운전불이행,건조,맑음,교차로 - 교차로안,이륜,남,22세,중상,이륜,남,16세,중상
2016051100100590,2016년 5월 11일 21시,수요일,전라남도 순천시 서면,경상사고,0,0,2,0,차대차 - 추돌,안전운전불이행,건조,맑음,교차로 - 교차로부근,화물,남,55세,상해없음,승용,남,51세,경상
2016051100100591,2016년 5월 11일 21시,수요일,전라남도 나주시 대호동,경상사고,0,0,1,0,차대사람 - 횡단중,안전운전불이행,건조,맑음,단일로 - 기타,승용,남,54세,상해없음,보행자,여,32세,경상
2016051100100592,2016년 5월 11일 21시,수요일,전라남도 담양군 대전면,중상사고,0,1,0,0,차대사람 - 횡단중,안전운전불이행,건조,맑음,교차로 - 교차로부근,승용,남,51세,상해없음,보행자,남,40세,중상
2016051100100593,2016년 5월 11일 21시,수요일,전라남도 광양시 중동,경상사고,0,0,1,0,차대차 - 추돌,안전운전불이행,건조,맑음,교차로 - 교차로부근,이륜,남,22세,경상,승용,여,43세,상해없음
2016051100100658,2016년 5월 11일 23시,수요일,전라남도 광양시 옥곡면,중상사고,0,1,0,0,차대차 - 추돌,안전운전불이행,건조,맑음,단일로 - 기타,승용,여,40세,중상,승용,남,30세,기타불명
2016051200100108,2016년 5월 12일 07시,목요일,전라남도 신안군 비금면,중상사고,0,1,0,0,차대사람 - 횡단중,안전운전불이행,건조,맑음,기타 - 기타,화물,남,51세,상해없음,보행자,남,75세,중상
2016051200100109,2016년 5월 12일 07시,목요일,전라남도 광양시 마동,경상사고,0,0,1,0,차대차 - 측면충돌,교차로운행방법위반,건조,맑음,교차로 - 교차로안,화물,남,57세,경상,승용,남,28세,상해없음
2016051200100144,2016년 5월 12일 08시,목요일,전라남도 광양시 광양읍,경상사고,0,0,2,0,차대차 - 추돌,안전운전불이행,건조,맑음,교차로 - 교차로부근,승용,여,32세,상해없음,승용,여,22세,경상
2016051200100183,2016년 5월 12일 09시,목요일,전라남도 보성군 득량면,경상사고,0,0,4,0,차대차 - 측면직각충돌,안전거리미확보,건조,맑음,단일로 - 기타,승용,남,65세,경상,승용,남,46세,경상
2016051200100212,2016년 5월 12일 10시,목요일,전라남도 순천시 조례동,경상사고,0,0,2,0,차대차 - 측면충돌,교차로운행방법위반,건조,맑음,교차로 - 교차로안,승용,남,27세,경상,승용,여,56세,경상
2016051200100213,2016년 5월 12일 10시,목요일,전라남도 장성군 북이면,경상사고,0,0,1,0,차대차 - 측면충돌,안전운전불이행,건조,맑음,기타 - 기타,화물,남,52세,상해없음,승용,남,48세,경상
2016051200100214,2016년 5월 12일 10시,목요일,전라남도 강진군 칠량면,경상사고,0,0,3,0,차대차 - 추돌,안전운전불이행,건조,맑음,교차로 - 교차로부근,승용,여,34세,상해없음,승용,남,74세,경상
2016051200100215,2016년 5월 12일 10시,목요일,전라남도 무안군 삼향읍,경상사고,0,0,1,0,차대차 - 측면충돌,안전운전불이행,건조,맑음,단일로 - 기타,승합,남,29세,상해없음,승용,여,27세,경상
2016051200100254,2016년 5월 12일 11시,목요일,전라남도 화순군 화순읍,경상사고,0,0,1,0,차대사람 - 기타,안전운전불이행,건조,맑음,단일로 - 기타,화물,남,67세,상해없음,보행자,남,60세,경상
2016051200100284,2016년 5월 12일 12시,목요일,전라남도 해남군 마산면,경상사고,0,0,3,0,차대차 - 측면직각충돌,신호위반,건조,맑음,교차로 - 교차로안,건설기계,남,50세,상해없음,화물,남,48세,경상
2016051200100307,2016년 5월 12일 13시,목요일,전라남도 순천시 조곡동,경상사고,0,0,1,0,차대차 - 기타,신호위반,건조,맑음,단일로 - 기타,승용,남,45세,상해없음,자전거,남,68세,경상
2016051200100308,2016년 5월 12일 13시,목요일,전라남도 영광군 홍농읍,경상사고,0,0,1,0,차대차 - 측면직각충돌,직진우회전진행방해,건조,맑음,교차로 - 교차로안,화물,남,56세,상해없음,승용,여,65세,경상
2016051200100309,2016년 5월 12일 13시,목요일,전라남도 광양시 성황동,경상사고,0,0,2,0,차대차 - 기타,안전운전불이행,건조,맑음,교차로 - 교차로안,승용,남,73세,경상,승용,남,45세,경상
2016051200100341,2016년 5월 12일 14시,목요일,전라남도 구례군 광의면,경상사고,0,0,3,0,차대차 - 추돌,안전거리미확보,건조,맑음,교차로 - 교차로부근,화물,남,68세,경상,화물,남,54세,상해없음
2016051200100378,2016년 5월 12일 15시,목요일,전라남도 순천시 별량면,경상사고,0,0,2,0,차대차 - 기타,안전운전불이행,건조,맑음,교차로 - 교차로부근,승용,남,75세,상해없음,화물,여,51세,경상
2016051200100425,2016년 5월 12일 16시,목요일,전라남도 목포시 상동,중상사고,0,1,0,0,차량단독 - 전도전복,안전운전불이행,건조,맑음,기타 - 기타,이륜,남,59세,중상,,,,
2016051200100426,2016년 5월 12일 16시,목요일,전라남도 장흥군 회진면,경상사고,0,0,2,0,차대차 - 측면직각충돌,교차로운행방법위반,건조,맑음,교차로 - 교차로안,이륜,남,69세,상해없음,승용,여,25세,경상
2016051200100427,2016년 5월 12일 16시,목요일,전라남도 광양시 광영동,경상사고,0,0,1,0,차대사람 - 기타,안전운전불이행,건조,맑음,단일로 - 기타,승용,남,62세,상해없음,보행자,남,6세,경상
2016051200100471,2016년 5월 12일 17시,목요일,전라남도 목포시 상락동2가,경상사고,0,0,1,0,차대사람 - 횡단중,안전운전불이행,건조,맑음,교차로 - 교차로부근,승용,여,43세,상해없음,보행자,남,77세,경상
2016051200100472,2016년 5월 12일 17시,목요일,전라남도 순천시 덕암동,경상사고,0,0,1,0,차대사람 - 차도통행중,안전운전불이행,건조,맑음,단일로 - 기타,승용,여,58세,상해없음,보행자,남,57세,경상
2016051200100473,2016년 5월 12일 17시,목요일,전라남도 나주시 영산동,경상사고,0,0,2,0,차대차 - 기타,교차로운행방법위반,건조,맑음,교차로 - 교차로안,화물,남,78세,상해없음,승합,남,63세,경상
2016051200100520,2016년 5월 12일 18시,목요일,전라남도 여수시 교동,경상사고,0,0,1,0,차대사람 - 횡단중,안전운전불이행,건조,맑음,교차로 - 교차로부근,승용,남,66세,상해없음,보행자,여,19세,경상
2016051200100521,2016년 5월 12일 18시,목요일,전라남도 순천시 주암면,중상사고,0,1,0,0,차대차 - 기타,교차로운행방법위반,건조,맑음,교차로 - 교차로안,승용,남,53세,상해없음,이륜,여,68세,중상
2016051200100522,2016년 5월 12일 18시,목요일,전라남도 완도군 완도읍,경상사고,0,0,1,0,차대차 - 측면충돌,교차로운행방법위반,건조,맑음,교차로 - 교차로안,화물,남,39세,상해없음,승용,남,53세,경상
2016051200100555,2016년 5월 12일 19시,목요일,전라남도 여수시 여서동,중상사고,0,1,0,0,차대사람 - 기타,안전운전불이행,건조,맑음,단일로 - 기타,승용,남,50세,상해없음,보행자,남,7세,중상
2016051200100556,2016년 5월 12일 19시,목요일,전라남도 여수시 학동,경상사고,0,0,1,0,차대차 - 추돌,안전운전불이행,건조,맑음,단일로 - 기타,승용,남,24세,상해없음,승합,남,36세,기타불명
2016051200100557,2016년 5월 12일 19시,목요일,전라남도 여수시 주삼동,경상사고,0,0,2,0,차대차 - 추돌,안전운전불이행,건조,맑음,단일로 - 기타,이륜,남,58세,경상,승용,여,34세,경상
2016051200100645,2016년 5월 12일 22시,목요일,전라남도 장성군 장성읍,경상사고,0,0,1,0,차대차 - 기타,안전운전불이행,습기,맑음,단일로 - 기타,승용,남,33세,상해없음,승용,남,44세,경상
2016051200100672,2016년 5월 12일 23시,목요일,전라남도 여수시 오천동,경상사고,0,0,1,0,차량단독 - 공작물충돌,안전운전불이행,건조,맑음,단일로 - 기타,승용,남,26세,경상,,,,
2016051200100673,2016년 5월 12일 23시,목요일,전라남도 순천시 연향동,경상사고,0,0,1,0,차대차 - 측면충돌,안전운전불이행,건조,맑음,단일로 - 기타,승용,남,31세,경상,승합,여,43세,상해없음
2016051200100674,2016년 5월 12일 23시,목요일,전라남도 나주시 삼영동,경상사고,0,0,1,0,차대차 - 측면충돌,안전운전불이행,건조,맑음,교차로 - 교차로부근,승용,남,34세,상해없음,승용,여,53세,경상
2016051300100088,2016년 5월 13일 06시,금요일,전라남도 여수시 월하동,중상사고,0,1,1,0,차대차 - 측면직각충돌,신호위반,건조,맑음,교차로 - 교차로안,승용,남,56세,중상,승용,여,40세,경상
2016051300100089,2016년 5월 13일 06시,금요일,전라남도 무안군 무안읍,경상사고,0,0,4,0,차대차 - 측면충돌,교차로운행방법위반,건조,맑음,교차로 - 교차로안,승용,남,19세,상해없음,승용,남,77세,경상
2016051300100112,2016년 5월 13일 07시,금요일,전라남도 여수시 신기동,경상사고,0,0,1,0,차대차 - 측면직각충돌,안전운전불이행,건조,맑음,단일로 - 기타,승용,여,61세,경상,승합,남,67세,상해없음
2016051300100113,2016년 5월 13일 07시,금요일,전라남도 나주시 빛가람동,경상사고,0,0,2,0,차대차 - 정면충돌,중앙선침범,건조,맑음,교차로 - 교차로안,화물,남,58세,경상,승용,남,42세,경상
2016051300100137,2016년 5월 13일 08시,금요일,전라남도 나주시 봉황면,경상사고,0,0,2,0,차대차 - 측면충돌,직진우회전진행방해,건조,맑음,교차로 - 교차로안,화물,남,62세,경상,승용,남,53세,경상
2016051300100138,2016년 5월 13일 08시,금요일,전라남도 영암군 신북면,경상사고,0,0,1,0,차대사람 - 기타,기타,건조,맑음,교차로 - 교차로안,이륜,남,59세,기타불명,보행자,여,73세,경상
2016051300100169,2016년 5월 13일 09시,금요일,전라남도 광양시 황길동,경상사고,0,0,1,0,차대차 - 측면충돌,신호위반,건조,맑음,교차로 - 교차로안,특수,남,43세,상해없음,화물,남,35세,경상
2016051300100206,2016년 5월 13일 10시,금요일,전라남도 나주시 송월동,중상사고,0,1,0,0,차대사람 - 횡단중,안전운전불이행,건조,맑음,단일로 - 기타,승용,남,28세,상해없음,보행자,여,87세,중상
2016051300100207,2016년 5월 13일 10시,금요일,전라남도 함평군 함평읍,경상사고,0,0,1,0,차량단독 - 전도전복,안전운전불이행,건조,맑음,단일로 - 기타,원동기,남,79세,경상,,,,
2016051300100262,2016년 5월 13일 12시,금요일,전라남도 여수시 문수동,중상사고,0,1,0,0,차대사람 - 횡단중,안전운전불이행,건조,맑음,교차로 - 교차로부근,승용,여,58세,상해없음,보행자,남,90세 이상,중상
2016051300100263,2016년 5월 13일 12시,금요일,전라남도 무안군 현경면,중상사고,0,1,3,0,차대차 - 추돌,안전운전불이행,건조,맑음,교차로 - 교차로부근,이륜,남,66세,경상,승용,남,33세,경상
2016051300100292,2016년 5월 13일 13시,금요일,전라남도 순천시 용당동,경상사고,0,0,1,0,차대차 - 정면충돌,안전운전불이행,건조,맑음,단일로 - 기타,자전거,남,14세,경상,승합,남,64세,상해없음
2016051300100293,2016년 5월 13일 13시,금요일,전라남도 화순군 화순읍,중상사고,0,1,0,0,차대사람 - 횡단중,안전운전불이행,건조,맑음,단일로 - 기타,승용,남,45세,상해없음,보행자,남,40세,중상
2016051300100325,2016년 5월 13일 14시,금요일,전라남도 신안군 지도읍,중상사고,0,1,0,0,차대차 - 측면직각충돌,안전운전불이행,건조,맑음,교차로 - 교차로안,승용,여,53세,상해없음,자전거,남,7세,중상
2016051300100326,2016년 5월 13일 14시,금요일,전라남도 순천시 조례동,경상사고,0,0,2,0,차대차 - 측면충돌,교차로운행방법위반,건조,맑음,교차로 - 교차로안,승용,남,19세,상해없음,승용,남,46세,경상
2016051300100327,2016년 5월 13일 14시,금요일,전라남도 순천시 해룡면,부상신고사고,0,0,0,1,차대차 - 정면충돌,교차로운행방법위반,건조,맑음,교차로 - 교차로안,승용,남,19세,상해없음,승용,남,30세,부상신고
2016051300100328,2016년 5월 13일 14시,금요일,전라남도 장흥군 장흥읍,경상사고,0,0,1,0,차대차 - 측면직각충돌,안전운전불이행,건조,맑음,교차로 - 교차로안,승용,남,62세,상해없음,승용,여,28세,경상
2016051300100329,2016년 5월 13일 14시,금요일,전라남도 장흥군 장흥읍,중상사고,0,1,0,0,차대사람 - 횡단중,안전운전불이행,건조,맑음,단일로 - 횡단보도부근,화물,남,45세,상해없음,보행자,남,8세,중상
2016051300100330,2016년 5월 13일 14시,금요일,전라남도 완도군 소안면,중상사고,0,1,0,0,차대사람 - 기타,안전운전불이행,건조,맑음,교차로 - 교차로안,화물,남,67세,상해없음,보행자,여,67세,중상
2016051300100379,2016년 5월 13일 15시,금요일,전라남도 고흥군 고흥읍,경상사고,0,0,1,0,차대사람 - 횡단중,신호위반,건조,맑음,교차로 - 교차로안,승용,남,69세,상해없음,보행자,남,10세,경상
2016051300100380,2016년 5월 13일 15시,금요일,전라남도 광양시 마동,중상사고,0,1,1,0,차대차 - 측면충돌,신호위반,건조,맑음,교차로 - 교차로안,승용,남,26세,경상,화물,남,40세,중상
2016051300100417,2016년 5월 13일 16시,금요일,전라남도 고흥군 고흥읍,경상사고,0,0,1,0,차대차 - 측면직각충돌,교차로운행방법위반,건조,맑음,교차로 - 교차로안,화물,남,59세,상해없음,자전거,남,54세,경상
2016051300100463,2016년 5월 13일 17시,금요일,전라남도 순천시 가곡동,중상사고,0,1,0,0,차대차 - 기타,안전운전불이행,건조,맑음,단일로 - 기타,승용,남,65세,상해없음,원동기,남,29세,중상
2016051300100508,2016년 5월 13일 18시,금요일,전라남도 목포시 상동,경상사고,0,0,1,0,차대차 - 측면충돌,교차로운행방법위반,건조,맑음,교차로 - 교차로안,승용,여,62세,상해없음,승용,여,57세,경상
2016051300100546,2016년 5월 13일 19시,금요일,전라남도 나주시 동강면,경상사고,0,0,1,0,차대차 - 기타,기타,건조,맑음,단일로 - 기타,승합,남,42세,상해없음,승용,여,51세,경상
2016051300100547,2016년 5월 13일 19시,금요일,전라남도 강진군 강진읍,경상사고,0,0,1,0,차대차 - 측면충돌,교차로운행방법위반,건조,맑음,교차로 - 교차로부근,화물,남,56세,상해없음,승용,여,55세,경상
2016051300100582,2016년 5월 13일 20시,금요일,전라남도 보성군 득량면,중상사고,0,1,0,0,차대사람 - 기타,안전운전불이행,건조,맑음,단일로 - 기타,승용,남,18세,상해없음,보행자,여,17세,중상
2016051300100583,2016년 5월 13일 20시,금요일,전라남도 영암군 삼호읍,사망사고,1,0,0,0,차대사람 - 횡단중,신호위반,건조,맑음,교차로 - 교차로부근,승용,남,31세,상해없음,보행자,남,70세,사망
2016051300100584,2016년 5월 13일 20시,금요일,전라남도 영암군 삼호읍,중상사고,0,1,0,0,차대차 - 측면직각충돌,안전운전불이행,건조,맑음,단일로 - 기타,이륜,남,36세,중상,특수,남,43세,기타불명
2016051300100616,2016년 5월 13일 21시,금요일,전라남도 목포시 금화동,경상사고,0,0,1,0,차대사람 - 기타,안전운전불이행,건조,맑음,단일로 - 기타,승용,남,55세,상해없음,보행자,남,66세,경상
2016051300100652,2016년 5월 13일 22시,금요일,전라남도 보성군 벌교읍,사망사고,1,0,1,0,차대차 - 추돌,안전운전불이행,건조,맑음,단일로 - 기타,승용,남,20세,경상,농기계,남,52세,사망
2016051300100679,2016년 5월 13일 23시,금요일,전라남도 나주시 송월동,중상사고,0,1,4,0,차대차 - 측면충돌,신호위반,건조,맑음,교차로 - 교차로안,승용,남,31세,경상,승용,남,64세,경상
2016051400100013,2016년 5월 14일 00시,토요일,전라남도 순천시 용당동,중상사고,0,2,0,0,차량단독 - 공작물충돌,안전운전불이행,건조,맑음,단일로 - 기타,승용,남,20세,중상,,,,
2016051400100058,2016년 5월 14일 02시,토요일,전라남도 목포시 옥암동,경상사고,0,0,1,0,차대사람 - 횡단중,안전운전불이행,건조,맑음,단일로 - 기타,승용,남,34세,상해없음,보행자,남,40세,경상
2016051400100069,2016년 5월 14일 03시,토요일,전라남도 여수시 평여동,경상사고,0,0,1,0,차량단독 - 전도전복,안전운전불이행,건조,맑음,단일로 - 기타,화물,남,53세,경상,,,,
2016051400100110,2016년 5월 14일 06시,토요일,전라남도 순천시 낙안면,중상사고,0,1,0,0,차량단독 - 전도전복,안전운전불이행,건조,맑음,단일로 - 기타,승합,남,53세,상해없음,,,,
2016051400100135,2016년 5월 14일 07시,토요일,전라남도 나주시 남평읍,경상사고,0,0,2,0,차대차 - 측면직각충돌,안전운전불이행,건조,맑음,단일로 - 기타,화물,남,65세,경상,건설기계,남,55세,경상
2016051400100136,2016년 5월 14일 07시,토요일,전라남도 고흥군 점암면,중상사고,0,1,0,0,차대차 - 측면충돌,안전운전불이행,건조,맑음,단일로 - 기타,화물,남,66세,상해없음,농기계,여,65세,중상
2016051400100137,2016년 5월 14일 07시,토요일,전라남도 영암군 삼호읍,경상사고,0,0,2,0,차대차 - 측면직각충돌,안전운전불이행,건조,맑음,단일로 - 기타,승합,남,59세,상해없음,화물,남,47세,경상
2016051400100158,2016년 5월 14일 08시,토요일,전라남도 목포시 용해동,경상사고,0,0,1,0,차대차 - 측면충돌,안전운전불이행,건조,맑음,단일로 - 기타,승용,남,64세,기타불명,승용,여,37세,경상
2016051400100185,2016년 5월 14일 09시,토요일,전라남도 목포시 용당동,경상사고,0,0,1,0,차대사람 - 횡단중,안전운전불이행,건조,맑음,단일로 - 기타,승용,여,29세,상해없음,보행자,남,56세,경상
2016051400100186,2016년 5월 14일 09시,토요일,전라남도 광양시 옥곡면,경상사고,0,0,1,0,차대사람 - 차도통행중,안전운전불이행,건조,맑음,단일로 - 기타,승용,여,51세,상해없음,보행자,남,71세,경상
2016051400100222,2016년 5월 14일 10시,토요일,전라남도 여수시 신기동,중상사고,0,1,0,0,차대차 - 측면충돌,안전운전불이행,건조,맑음,단일로 - 기타,승용,남,74세,상해없음,승용,여,40세,중상
2016051400100223,2016년 5월 14일 10시,토요일,전라남도 영암군 영암읍,중상사고,0,1,2,0,차대차 - 측면직각충돌,안전운전불이행,건조,맑음,교차로 - 교차로안,승용,남,51세,경상,승용,남,71세,중상
2016051400100224,2016년 5월 14일 10시,토요일,전라남도 무안군 일로읍,경상사고,0,0,3,0,차대차 - 측면충돌,신호위반,건조,맑음,교차로 - 교차로안,화물,남,71세,경상,승용,남,28세,경상
2016051400100289,2016년 5월 14일 12시,토요일,전라남도 순천시 왕지동,경상사고,0,0,1,0,차대사람 - 횡단중,안전운전불이행,건조,맑음,교차로 - 교차로안,승용,남,27세,상해없음,보행자,남,2세,경상
2016051400100290,2016년 5월 14일 12시,토요일,전라남도 나주시 금성동,경상사고,0,0,1,0,차대사람 - 기타,보행자보호의무위반,건조,맑음,단일로 - 횡단보도상,승용,남,62세,상해없음,보행자,여,16세,경상
2016051400100330,2016년 5월 14일 13시,토요일,전라남도 여수시 봉산동,경상사고,0,0,1,0,차대차 - 측면직각충돌,안전운전불이행,건조,맑음,교차로 - 교차로안,승용,여,47세,상해없음,자전거,남,79세,경상
2016051400100331,2016년 5월 14일 13시,토요일,전라남도 진도군 의신면,경상사고,0,0,1,0,차대차 - 측면직각충돌,교차로운행방법위반,건조,맑음,교차로 - 교차로안,승용,남,42세,상해없음,화물,남,48세,경상
2016051400100371,2016년 5월 14일 14시,토요일,전라남도 나주시 노안면,경상사고,0,0,1,0,차량단독 - 전도전복,안전운전불이행,건조,맑음,단일로 - 기타,화물,남,53세,경상,,,,
2016051400100372,2016년 5월 14일 14시,토요일,전라남도 나주시 대호동,사망사고,1,0,0,0,차대차 - 측면직각충돌,안전운전불이행,건조,맑음,교차로 - 교차로안,자전거,남,74세,사망,승용,여,53세,상해없음
2016051400100373,2016년 5월 14일 14시,토요일,전라남도 고흥군 봉래면,경상사고,0,0,1,0,차대사람 - 기타,안전운전불이행,건조,맑음,단일로 - 기타,화물,남,43세,상해없음,보행자,여,68세,경상
2016051400100374,2016년 5월 14일 14시,토요일,전라남도 영암군 삼호읍,경상사고,0,0,6,0,차대차 - 추돌,안전운전불이행,건조,맑음,교차로 - 교차로부근,건설기계,남,43세,상해없음,승용,여,43세,경상
2016051400100375,2016년 5월 14일 14시,토요일,전라남도 무안군 망운면,경상사고,0,0,1,0,차대차 - 측면직각충돌,안전운전불이행,건조,맑음,교차로 - 교차로안,승용,남,68세,상해없음,승용,남,24세,경상
2016051400100413,2016년 5월 14일 15시,토요일,전라남도 영광군 불갑면,중상사고,0,1,0,0,차대차 - 추돌,안전운전불이행,건조,맑음,교차로 - 교차로안,승용,남,56세,상해없음,원동기,남,74세,중상
2016051400100414,2016년 5월 14일 15시,토요일,전라남도 강진군 강진읍,경상사고,0,0,1,0,차대사람 - 횡단중,안전운전불이행,건조,맑음,교차로 - 교차로부근,승용,여,28세,기타불명,보행자,남,11세,경상
2016051400100451,2016년 5월 14일 16시,토요일,전라남도 순천시 인제동,경상사고,0,0,1,0,차대차 - 추돌,안전운전불이행,건조,맑음,교차로 - 교차로부근,승용,남,41세,상해없음,승용,여,42세,경상
2016051400100452,2016년 5월 14일 16시,토요일,전라남도 고흥군 풍양면,중상사고,0,1,0,0,차대사람 - 기타,안전운전불이행,건조,맑음,단일로 - 기타,화물,남,51세,상해없음,보행자,남,75세,중상
2016051400100453,2016년 5월 14일 16시,토요일,전라남도 담양군 대전면,중상사고,0,1,0,0,차대차 - 측면충돌,중앙선침범,건조,맑음,단일로 - 기타,자전거,여,50세,중상,승용,남,63세,상해없음
2016051400100454,2016년 5월 14일 16시,토요일,전라남도 장성군 남면,경상사고,0,0,2,0,차대차 - 정면충돌,과속,건조,맑음,단일로 - 기타,승용,여,20세,상해없음,승용,여,31세,경상
2016051400100481,2016년 5월 14일 17시,토요일,전라남도 나주시 산포면,경상사고,0,0,3,0,차대차 - 측면충돌,안전운전불이행,건조,맑음,단일로 - 기타,화물,남,35세,경상,승용,남,62세,경상
2016051400100514,2016년 5월 14일 18시,토요일,전라남도 여수시 충무동,경상사고,0,0,3,0,차대차 - 기타,안전운전불이행,건조,맑음,단일로 - 기타,화물,남,34세,상해없음,승용,남,34세,경상
2016051400100547,2016년 5월 14일 19시,토요일,전라남도 나주시 송월동,경상사고,0,0,1,0,차대차 - 측면충돌,안전운전불이행,건조,맑음,단일로 - 기타,승용,남,52세,상해없음,승용,여,52세,경상
2016051400100548,2016년 5월 14일 19시,토요일,전라남도 해남군 해남읍,경상사고,0,0,2,1,차대차 - 측면직각충돌,안전운전불이행,건조,맑음,단일로 - 기타,승용,남,54세,부상신고,승용,남,52세,상해없음
2016051400100549,2016년 5월 14일 19시,토요일,전라남도 영암군 삼호읍,경상사고,0,0,2,0,차대차 - 추돌,안전운전불이행,건조,맑음,교차로 - 교차로부근,승용,남,50세,상해없음,승용,여,53세,경상
2016051400100580,2016년 5월 14일 20시,토요일,전라남도 여수시 여서동,경상사고,0,0,1,0,차대차 - 기타,안전운전불이행,건조,맑음,단일로 - 기타,승합,남,64세,상해없음,이륜,남,40세,경상
2016051400100581,2016년 5월 14일 20시,토요일,전라남도 영암군 군서면,경상사고,0,0,2,0,차대차 - 기타,중앙선침범,건조,맑음,단일로 - 기타,화물,남,55세,상해없음,승용,남,24세,경상
2016051400100637,2016년 5월 14일 22시,토요일,전라남도 담양군 무정면,중상사고,0,1,3,0,차대차 - 추돌,과속,건조,맑음,단일로 - 기타,승용,남,22세,경상,승용,여,57세,중상
2016051500100010,2016년 5월 15일 00시,일요일,전라남도 여수시 학동,중상사고,0,1,0,0,차대사람 - 횡단중,안전운전불이행,건조,맑음,단일로 - 기타,승용,남,40세,상해없음,보행자,여,3세,중상