사고번호,사고일시,요일,시군구,사고내용,사망자수,중상자수,경상자수,부상신고자수,사고유형,법규위반,노면상태,기상상태,도로형태,가해운전자 차종,가해운전자 성별,가해운전자 연령,가해운전자 상해정도,피해운전자 차종,피해운전자 성별,피해운전자 연령,피해운전자 상해정도
2016060500100501,2016년 6월 5일 20시,일요일,전라남도 화순군 화순읍,경상사고,0,0,1,0,차대차 - 측면충돌,안전운전불이행,건조,맑음,교차로 - 교차로안,승용,여,39세,상해없음,이륜,남,31세,경상
2016060500100502,2016년 6월 5일 20시,일요일,전라남도 함평군 신광면,중상사고,0,2,4,0,차대사람 - 기타,안전운전불이행,건조,맑음,단일로 - 기타,승용,남,47세,상해없음,보행자,여,43세,경상
2016060500100503,2016년 6월 5일 20시,일요일,전라남도 완도군 완도읍,경상사고,0,0,1,0,차대사람 - 길가장자리구역통행중,안전운전불이행,건조,맑음,단일로 - 기타,이륜,남,64세,상해없음,보행자,여,74세,경상
2016060500100530,2016년 6월 5일 21시,일요일,전라남도 영암군 서호면,중상사고,0,1,1,0,차대차 - 추돌,안전운전불이행,건조,맑음,단일로 - 기타,승용,남,26세,중상,농기계,남,60세,경상
2016060500100531,2016년 6월 5일 21시,일요일,전라남도 영암군 삼호읍,경상사고,0,0,1,0,차대차 - 기타,기타,건조,맑음,단일로 - 횡단보도상,기타불명,기타불명,기타불명,기타불명,자전거,남,22세,경상
2016060500100549,2016년 6월 5일 22시,일요일,전라남도 여수시 충무동,경상사고,0,0,2,0,차대차 - 측면충돌,안전운전불이행,건조,맑음,교차로 - 교차로안,승용,여,64세,경상,승용,남,27세,상해없음
2016060500100585,2016년 6월 5일 23시,일요일,전라남도 신안군 안좌면,중상사고,0,1,0,0,차대차 - 추돌,중앙선침범,건조,맑음,단일로 - 기타,화물,남,38세,중상,화물,남,70세,기타불명
2016060600100072,2016년 6월 6일 06시,월요일,전라남도 여수시 봉산동,사망사고,1,0,0,0,차대사람 - 길가장자리구역통행중,안전운전불이행,건조,맑음,단일로 - 기타,승합,남,40세,상해없음,보행자,남,73세,사망
2016060600100073,2016년 6월 6일 06시,월요일,전라남도 나주시 석현동,경상사고,0,0,1,0,차대차 - 기타,불법유턴,건조,맑음,교차로 - 교차로부근,화물,남,26세,기타불명,승용,남,21세,경상
2016060600100130,2016년 6월 6일 10시,월요일,전라남도 여수시 수정동,경상사고,0,0,1,0,차대차 - 추돌,기타,건조,맑음,단일로 - 기타,승용,남,54세,상해없음,자전거,남,15세,경상
2016060600100181,2016년 6월 6일 12시,월요일,전라남도 해남군 해남읍,경상사고,0,0,4,0,차대차 - 측면직각충돌,안전운전불이행,건조,맑음,교차로 - 교차로안,승용,여,42세,상해없음,승용,여,37세,경상
2016060600100182,2016년 6월 6일 12시,월요일,전라남도 함평군 해보면,경상사고,0,0,1,0,차대차 - 측면충돌,안전거리미확보,건조,맑음,단일로 - 기타,승용,남,66세,경상,건설기계,남,38세,상해없음
2016060600100207,2016년 6월 6일 13시,월요일,전라남도 여수시 봉산동,경상사고,0,0,1,0,차대차 - 측면직각충돌,안전운전불이행,건조,맑음,교차로 - 교차로부근,승용,여,46세,상해없음,승용,여,43세,상해없음
2016060600100208,2016년 6월 6일 13시,월요일,전라남도 광양시 봉강면,경상사고,0,0,3,0,차량단독 - 공작물충돌,안전운전불이행,건조,맑음,단일로 - 기타,승용,남,34세,경상,,,,
2016060600100247,2016년 6월 6일 14시,월요일,전라남도 순천시 주암면,사망사고,1,0,0,0,차대차 - 측면충돌,안전운전불이행,건조,맑음,교차로 - 교차로부근,승용,남,62세,상해없음,자전거,여,53세,사망
2016060600100248,2016년 6월 6일 14시,월요일,전라남도 담양군 담양읍,경상사고,0,0,1,0,차대차 - 측면충돌,안전운전불이행,건조,맑음,교차로 - 교차로부근,승용,남,42세,상해없음,승용,여,58세,경상
2016060600100285,2016년 6월 6일 15시,월요일,전라남도 영광군 군남면,사망사고,1,0,0,0,차량단독 - 전도전복,안전운전불이행,건조,맑음,교차로 - 교차로안,이륜,남,78세,사망,,,,
2016060600100286,2016년 6월 6일 15시,월요일,전라남도 순천시 해룡면,경상사고,0,0,2,0,차대차 - 정면충돌,차로위반,건조,맑음,단일로 - 기타,화물,남,44세,상해없음,승용,남,52세,경상
2016060600100344,2016년 6월 6일 17시,월요일,전라남도 순천시 생목동,경상사고,0,0,1,0,차대차 - 측면충돌,직진우회전진행방해,건조,맑음,교차로 - 교차로안,승용,여,57세,상해없음,승용,남,67세,상해없음
2016060600100375,2016년 6월 6일 18시,월요일,전라남도 무안군 청계면,중상사고,0,1,0,0,차대사람 - 기타,안전운전불이행,건조,맑음,단일로 - 기타,승합,남,59세,상해없음,보행자,여,68세,중상
2016060600100414,2016년 6월 6일 20시,월요일,전라남도 목포시 상동,부상신고사고,0,0,0,1,차대차 - 측면충돌,안전운전불이행,건조,맑음,교차로 - 교차로안,기타불명,기타불명,기타불명,기타불명,원동기,남,23세,부상신고
2016060600100415,2016년 6월 6일 20시,월요일,전라남도 나주시 이창동,경상사고,0,0,1,0,차대사람 - 횡단중,보행자보호의무위반,건조,흐림,교차로 - 교차로부근,승용,남,49세,상해없음,보행자,남,38세,경상
2016060600100416,2016년 6월 6일 20시,월요일,전라남도 영암군 삼호읍,경상사고,0,0,3,0,차대차 - 추돌,안전운전불이행,습기,흐림,단일로 - 기타,화물,남,71세,상해없음,승용,남,36세,경상
2016060600100469,2016년 6월 6일 23시,월요일,전라남도 목포시 산정동,경상사고,0,0,1,0,차대차 - 추돌,안전운전불이행,건조,맑음,교차로 - 교차로안,이륜,남,16세,경상,승용,남,20세,상해없음
2016060700100009,2016년 6월 7일 00시,화요일,전라남도 광양시 광양읍,경상사고,0,0,1,0,차대차 - 기타,안전운전불이행,건조,흐림,교차로 - 교차로부근,승용,남,22세,상해없음,승용,여,40세,경상
2016060700100030,2016년 6월 7일 04시,화요일,전라남도 순천시 주암면,경상사고,0,0,1,0,차대차 - 측면충돌,중앙선침범,건조,맑음,단일로 - 기타,승용,남,25세,상해없음,승용,남,35세,경상
2016060700100053,2016년 6월 7일 06시,화요일,전라남도 순천시 조곡동,경상사고,0,0,1,0,차대차 - 측면충돌,안전운전불이행,건조,맑음,단일로 - 기타,승용,남,35세,상해없음,승용,남,60세,경상
2016060700100054,2016년 6월 7일 06시,화요일,전라남도 장성군 장성읍,경상사고,0,0,1,0,차대차 - 측면충돌,안전거리미확보,습기,비,단일로 - 기타,승합,남,42세,상해없음,승합,남,54세,상해없음
2016060700100081,2016년 6월 7일 07시,화요일,전라남도 목포시 용당동,경상사고,0,0,3,0,차대차 - 추돌,안전운전불이행,습기,비,단일로 - 기타,승용,남,64세,상해없음,승용,여,37세,경상
2016060700100125,2016년 6월 7일 08시,화요일,전라남도 순천시 별량면,경상사고,0,0,4,1,차대차 - 측면충돌,중앙선침범,건조,맑음,단일로 - 기타,화물,남,27세,부상신고,승용,남,40세,경상
2016060700100126,2016년 6월 7일 08시,화요일,전라남도 나주시 노안면,중상사고,0,1,2,0,차대차 - 측면충돌,안전운전불이행,건조,맑음,단일로 - 기타,원동기,남,74세,경상,승용,여,34세,경상
2016060700100127,2016년 6월 7일 08시,화요일,전라남도 무안군 청계면,경상사고,0,0,2,1,차대차 - 추돌,안전운전불이행,건조,맑음,교차로 - 교차로안,화물,남,64세,부상신고,승용,여,34세,경상
2016060700100157,2016년 6월 7일 09시,화요일,전라남도 목포시 산정동,중상사고,0,1,0,0,차대사람 - 횡단중,안전운전불이행,건조,맑음,교차로 - 교차로안,화물,남,61세,상해없음,보행자,여,85세,중상
2016060700100186,2016년 6월 7일 10시,화요일,전라남도 해남군 화산면,사망사고,1,0,0,0,차량단독 - 공작물충돌,안전운전불이행,건조,흐림,기타 - 기타,승용,남,76세,사망,,,,
2016060700100187,2016년 6월 7일 10시,화요일,전라남도 화순군 춘양면,중상사고,0,1,0,0,차대차 - 정면충돌,중앙선침범,건조,맑음,단일로 - 기타,이륜,남,76세,중상,건설기계,남,42세,상해없음
2016060700100188,2016년 6월 7일 10시,화요일,전라남도 광양시 성황동,경상사고,0,0,2,0,차대차 - 측면충돌,교차로운행방법위반,건조,맑음,교차로 - 교차로안,승용,남,56세,상해없음,승용,여,40세,경상
2016060700100206,2016년 6월 7일 11시,화요일,전라남도 함평군 해보면,부상신고사고,0,0,0,1,차량단독 - 전도전복,안전운전불이행,건조,맑음,단일로 - 기타,화물,남,42세,부상신고,,,,
2016060700100242,2016년 6월 7일 12시,화요일,전라남도 순천시 왕지동,경상사고,0,0,2,0,차대차 - 기타,중앙선침범,건조,맑음,단일로 - 기타,승용,여,33세,상해없음,승용,남,56세,경상
2016060700100243,2016년 6월 7일 12시,화요일,전라남도 영광군 홍농읍,중상사고,0,1,0,0,차대사람 - 횡단중,안전운전불이행,건조,맑음,교차로 - 교차로안,화물,남,69세,상해없음,보행자,여,81세,중상
2016060700100278,2016년 6월 7일 13시,화요일,전라남도 순천시 동외동,경상사고,0,0,2,0,차대차 - 추돌,안전거리미확보,건조,맑음,교차로 - 교차로부근,화물,남,61세,경상,화물,남,66세,상해없음
2016060700100279,2016년 6월 7일 13시,화요일,전라남도 완도군 완도읍,경상사고,0,0,1,0,차대차 - 기타,안전운전불이행,건조,맑음,기타 - 기타,승용,여,49세,상해없음,자전거,남,48세,경상
2016060700100307,2016년 6월 7일 14시,화요일,전라남도 강진군 강진읍,중상사고,0,2,0,0,차대차 - 측면직각충돌,신호위반,건조,맑음,교차로 - 교차로안,승합,남,45세,상해없음,원동기,남,68세,중상
2016060700100308,2016년 6월 7일 14시,화요일,전라남도 담양군 담양읍,중상사고,0,1,1,0,차대차 - 추돌,안전운전불이행,건조,흐림,단일로 - 기타,화물,여,51세,중상,승용,여,58세,경상
2016060700100374,2016년 6월 7일 16시,화요일,전라남도 목포시 산정동,경상사고,0,0,1,0,차대차 - 기타,안전운전불이행,건조,맑음,단일로 - 기타,승용,남,63세,상해없음,승용,남,57세,경상
2016060700100375,2016년 6월 7일 16시,화요일,전라남도 순천시 해룡면,중상사고,0,1,0,0,차대사람 - 횡단중,보행자보호의무위반,건조,맑음,단일로 - 횡단보도상,승용,남,49세,상해없음,보행자,남,8세,중상
2016060700100420,2016년 6월 7일 17시,화요일,전라남도 목포시 용당동,부상신고사고,0,0,0,1,차대사람 - 길가장자리구역통행중,안전운전불이행,건조,맑음,단일로 - 기타,승용,남,39세,상해없음,보행자,남,72세,부상신고
2016060700100421,2016년 6월 7일 17시,화요일,전라남도 고흥군 포두면,중상사고,0,2,0,0,차대차 - 측면충돌,교차로운행방법위반,건조,맑음,교차로 - 교차로안,승용,남,80세,중상,승용,여,60세,상해없음
2016060700100422,2016년 6월 7일 17시,화요일,전라남도 무안군 일로읍,중상사고,0,1,2,0,차대차 - 추돌,안전운전불이행,건조,맑음,단일로 - 기타,화물,남,52세,상해없음,화물,남,31세,경상
2016060700100461,2016년 6월 7일 18시,화요일,전라남도 여수시 충무동,중상사고,0,1,0,0,차대사람 - 횡단중,보행자보호의무위반,건조,맑음,교차로 - 교차로안,승용,남,35세,상해없음,보행자,여,62세,중상
2016060700100462,2016년 6월 7일 18시,화요일,전라남도 구례군 구례읍,중상사고,0,1,0,0,차대차 - 측면직각충돌,안전운전불이행,건조,맑음,교차로 - 교차로안,화물,남,54세,상해없음,원동기,남,57세,중상
2016060700100496,2016년 6월 7일 19시,화요일,전라남도 순천시 연향동,중상사고,0,1,0,0,차대차 - 측면충돌,안전운전불이행,건조,맑음,단일로 - 기타,승용,남,48세,상해없음,원동기,남,38세,중상
2016060700100497,2016년 6월 7일 19시,화요일,전라남도 영광군 홍농읍,중상사고,0,2,2,0,차대차 - 정면충돌,안전운전불이행,건조,맑음,단일로 - 기타,승용,남,73세,중상,승용,남,58세,중상
2016060700100498,2016년 6월 7일 19시,화요일,전라남도 함평군 월야면,중상사고,0,1,0,0,차대사람 - 기타,안전운전불이행,건조,맑음,단일로 - 기타,농기계,남,57세,상해없음,보행자,남,74세,중상
2016060700100528,2016년 6월 7일 20시,화요일,전라남도 장흥군 장흥읍,중상사고,0,1,0,0,차량단독 - 전도전복,안전운전불이행,건조,맑음,단일로 - 기타,승용,남,73세,상해없음,,,,
2016060700100559,2016년 6월 7일 21시,화요일,전라남도 여수시 학동,경상사고,0,0,2,0,차대차 - 정면충돌,안전운전불이행,건조,맑음,교차로 - 교차로안,기타불명,기타불명,기타불명,기타불명,승용,여,26세,경상
2016060700100560,2016년 6월 7일 21시,화요일,전라남도 순천시 해룡면,경상사고,0,0,1,0,차대차 - 추돌,안전운전불이행,건조,맑음,단일로 - 기타,승용,남,42세,상해없음,승용,여,49세,경상
2016060700100588,2016년 6월 7일 22시,화요일,전라남도 함평군 함평읍,경상사고,0,0,4,0,차대차 - 측면직각충돌,교차로운행방법위반,건조,맑음,교차로 - 교차로안,승용,남,47세,경상,승용,남,61세,경상
2016060800100029,2016년 6월 8일 03시,수요일,전라남도 화순군 이양면,경상사고,0,0,1,0,차량단독 - 전도전복,기타,건조,맑음,단일로 - 기타,화물,남,23세,경상,,,,
2016060800100038,2016년 6월 8일 04시,수요일,전라남도 나주시 빛가람동,경상사고,0,0,1,0,차대차 - 정면충돌,안전운전불이행,건조,맑음,단일로 - 기타,승용,여,29세,경상,승용,남,58세,기타불명
2016060800100047,2016년 6월 8일 05시,수요일,전라남도 무안군 삼향읍,중상사고,0,1,0,0,차대차 - 측면직각충돌,신호위반,건조,맑음,교차로 - 교차로안,화물,남,31세,상해없음,승용,남,36세,중상
2016060800100110,2016년 6월 8일 08시,수요일,전라남도 담양군 월산면,경상사고,0,0,1,0,차대차 - 측면직각충돌,직진우회전진행방해,건조,맑음,교차로 - 교차로안,화물,남,41세,상해없음,원동기,남,60세,경상
2016060800100111,2016년 6월 8일 08시,수요일,전라남도 완도군 고금면,중상사고,0,1,0,0,차량단독 - 전도전복,안전운전불이행,건조,맑음,단일로 - 기타,농기계,여,71세,중상,,,,
2016060800100153,2016년 6월 8일 09시,수요일,전라남도 장흥군 장동면,중상사고,0,1,0,0,차대사람 - 횡단중,안전운전불이행,건조,맑음,단일로 - 기타,승용,여,53세,상해없음,보행자,여,68세,중상
2016060800100154,2016년 6월 8일 09시,수요일,전라남도 무안군 청계면,경상사고,0,0,1,0,차대차 - 기타,안전운전불이행,건조,맑음,교차로 - 교차로안,화물,남,54세,상해없음,승용,남,25세,경상
2016060800100205,2016년 6월 8일 11시,수요일,전라남도 장흥군 안양면,경상사고,0,0,1,0,차대차 - 추돌,안전운전불이행,건조,맑음,단일로 - 기타,승용,남,48세,상해없음,승용,여,50세,경상
2016060800100206,2016년 6월 8일 11시,수요일,전라남도 완도군 완도읍,경상사고,0,0,1,0,차대사람 - 횡단중,안전운전불이행,건조,맑음,단일로 - 횡단보도상,화물,남,45세,상해없음,보행자,여,78세,경상
2016060800100225,2016년 6월 8일 12시,수요일,전라남도 고흥군 풍양면,중상사고,0,1,0,0,차대차 - 측면충돌,교차로운행방법위반,건조,맑음,교차로 - 교차로안,화물,남,61세,상해없음,이륜,남,77세,중상
2016060800100252,2016년 6월 8일 13시,수요일,전라남도 목포시 옥암동,경상사고,0,0,1,0,차대차 - 측면충돌,교차로운행방법위반,건조,맑음,교차로 - 교차로안,승용,남,46세,상해없음,승용,여,70세,경상
2016060800100283,2016년 6월 8일 14시,수요일,전라남도 영암군 영암읍,경상사고,0,0,1,0,차대차 - 정면충돌,중앙선침범,건조,맑음,단일로 - 기타,원동기,남,82세,경상,승용,여,64세,상해없음
2016060800100284,2016년 6월 8일 14시,수요일,전라남도 무안군 일로읍,경상사고,0,0,1,0,차대차 - 기타,안전운전불이행,건조,맑음,단일로 - 기타,승용,남,41세,상해없음,자전거,여,56세,경상
2016060800100311,2016년 6월 8일 15시,수요일,전라남도 강진군 칠량면,중상사고,0,3,1,0,차대차 - 측면직각충돌,직진우회전진행방해,건조,맑음,교차로 - 교차로부근,승용,남,57세,경상,화물,남,58세,중상
2016060800100312,2016년 6월 8일 15시,수요일,전라남도 광양시 옥곡면,중상사고,0,1,0,0,차대차 - 기타,안전운전불이행,건조,맑음,기타 - 기타,화물,남,61세,상해없음,원동기,남,66세,중상
2016060800100382,2016년 6월 8일 17시,수요일,전라남도 목포시 상동,경상사고,0,0,2,0,차대차 - 측면충돌,안전운전불이행,건조,맑음,단일로 - 기타,승용,여,47세,상해없음,승용,남,46세,경상
2016060800100383,2016년 6월 8일 17시,수요일,전라남도 순천시 해룡면,중상사고,0,1,0,0,차대차 - 측면충돌,안전운전불이행,건조,맑음,교차로 - 교차로안,화물,남,42세,상해없음,승용,남,29세,중상
2016060800100384,2016년 6월 8일 17시,수요일,전라남도 고흥군 포두면,경상사고,0,0,1,1,차대차 - 측면충돌,중앙선침범,건조,맑음,단일로 - 기타,승용,여,28세,부상신고,승합,남,61세,상해없음
2016060800100385,2016년 6월 8일 17시,수요일,전라남도 광양시 광양읍,경상사고,0,0,1,0,차대사람 - 횡단중,신호위반,건조,맑음,교차로 - 교차로안,승용,남,57세,상해없음,보행자,남,15세,경상
2016060800100424,2016년 6월 8일 18시,수요일,전라남도 목포시 상동,중상사고,0,1,0,0,차대차 - 추돌,직진우회전진행방해,건조,맑음,교차로 - 교차로안,승용,여,56세,상해없음,이륜,남,16세,중상
2016060800100425,2016년 6월 8일 18시,수요일,전라남도 목포시 상동,경상사고,0,0,2,0,차대차 - 측면충돌,직진우회전진행방해,건조,맑음,교차로 - 교차로안,승용,여,41세,경상,승용,남,30세,경상
2016060800100426,2016년 6월 8일 18시,수요일,전라남도 화순군 춘양면,경상사고,0,0,1,0,차대차 - 측면충돌,신호위반,건조,맑음,교차로 - 교차로안,승용,남,62세,상해없음,승용,여,57세,경상
2016060800100463,2016년 6월 8일 19시,수요일,전라남도 목포시 상동,경상사고,0,0,1,0,차대사람 - 횡단중,안전운전불이행,건조,맑음,단일로 - 기타,기타불명,기타불명,기타불명,기타불명,보행자,여,17세,경상
2016060800100491,2016년 6월 8일 20시,수요일,전라남도 목포시 상동,경상사고,0,0,1,0,차대차 - 추돌,안전운전불이행,건조,맑음,단일로 - 기타,승용,여,44세,상해없음,승용,남,29세,경상
2016060800100492,2016년 6월 8일 20시,수요일,전라남도 나주시 빛가람동,중상사고,0,1,2,0,차대차 - 정면충돌,신호위반,건조,맑음,교차로 - 교차로안,승용,여,56세,중상,승용,남,47세,경상
2016060900100061,2016년 6월 9일 06시,목요일,전라남도 화순군 화순읍,중상사고,0,1,1,0,차대차 - 정면충돌,안전운전불이행,건조,맑음,교차로 - 교차로안,승용,남,53세,경상,승용,남,43세,중상
2016060900100062,2016년 6월 9일 06시,목요일,전라남도 곡성군 입면,경상사고,0,0,1,0,차대차 - 측면충돌,안전운전불이행,건조,맑음,단일로 - 기타,화물,남,58세,상해없음,농기계,남,56세,경상
2016060900100108,2016년 6월 9일 08시,목요일,전라남도 여수시 안산동,경상사고,0,0,2,0,차대차 - 측면직각충돌,교차로운행방법위반,건조,맑음,교차로 - 교차로안,승용,여,44세,상해없음,승용,여,48세,경상
2016060900100109,2016년 6월 9일 08시,목요일,전라남도 순천시 조례동,경상사고,0,0,1,0,차대사람 - 횡단중,안전운전불이행,건조,맑음,단일로 - 기타,승용,남,63세,상해없음,보행자,여,14세,경상
2016060900100110,2016년 6월 9일 08시,목요일,전라남도 무안군 현경면,중상사고,0,1,1,0,차대차 - 측면충돌,중앙선침범,건조,맑음,단일로 - 기타,이륜,여,59세,중상,승용,남,68세,상해없음
2016060900100111,2016년 6월 9일 08시,목요일,전라남도 광양시 광양읍,중상사고,0,1,1,0,차대차 - 추돌,안전거리미확보,건조,맑음,단일로 - 기타,화물,남,37세,경상,특수,남,55세,상해없음
2016060900100150,2016년 6월 9일 09시,목요일,전라남도 목포시 산정동,부상신고사고,0,0,0,1,차대사람 - 횡단중,안전운전불이행,건조,맑음,단일로 - 기타,기타불명,기타불명,기타불명,기타불명,보행자,여,15세,부상신고
2016060900100173,2016년 6월 9일 10시,목요일,전라남도 나주시 대호동,경상사고,0,0,1,0,차대사람 - 횡단중,보행자보호의무위반,건조,맑음,교차로 - 교차로안,화물,남,35세,상해없음,보행자,여,23세,경상
2016060900100174,2016년 6월 9일 10시,목요일,전라남도 완도군 약산면,사망사고,1,0,0,0,차량단독 - 전도전복,안전운전불이행,건조,맑음,교차로 - 교차로부근,이륜,남,73세,사망,,,,
2016060900100200,2016년 6월 9일 11시,목요일,전라남도 고흥군 고흥읍,중상사고,0,1,0,1,차대사람 - 횡단중,안전운전불이행,건조,맑음,단일로 - 기타,이륜,남,75세,부상신고,보행자,여,69세,중상
2016060900100274,2016년 6월 9일 14시,목요일,전라남도 여수시 소라면,경상사고,0,0,1,0,차량단독 - 전도전복,안전운전불이행,건조,맑음,단일로 - 기타,원동기,남,55세,경상,,,,
2016060900100275,2016년 6월 9일 14시,목요일,전라남도 광양시 옥곡면,경상사고,0,0,1,0,차대차 - 측면직각충돌,안전운전불이행,건조,맑음,단일로 - 기타,승용,여,58세,상해없음,자전거,남,71세,경상
2016060900100299,2016년 6월 9일 15시,목요일,전라남도 나주시 빛가람동,경상사고,0,0,2,0,차대차 - 측면충돌,안전운전불이행,건조,맑음,단일로 - 기타,승용,남,38세,상해없음,승용,여,27세,경상
2016060900100331,2016년 6월 9일 16시,목요일,전라남도 목포시 용해동,경상사고,0,0,2,0,차대차 - 측면충돌,차로위반,건조,맑음,단일로 - 기타,승용,남,48세,상해없음,승용,남,36세,경상
2016060900100332,2016년 6월 9일 16시,목요일,전라남도 여수시 둔덕동,중상사고,0,1,1,0,차대사람 - 횡단중,안전운전불이행,건조,맑음,단일로 - 횡단보도부근,자전거,여,15세,경상,보행자,여,81세,중상
2016060900100333,2016년 6월 9일 16시,목요일,전라남도 고흥군 포두면,부상신고사고,0,0,0,1,차대차 - 기타,안전운전불이행,건조,맑음,단일로 - 기타,승용,남,63세,부상신고,화물,남,48세,상해없음
2016060900100383,2016년 6월 9일 17시,목요일,전라남도 나주시 금천면,중상사고,0,1,0,0,차량단독 - 전도전복,안전운전불이행,습기,비,단일로 - 기타,이륜,남,16세,중상,,,,
2016060900100384,2016년 6월 9일 17시,목요일,전라남도 영암군 영암읍,경상사고,0,0,1,0,차대차 - 측면충돌,안전운전불이행,건조,맑음,교차로 - 교차로안,이륜,남,23세,상해없음,승용,여,40세,상해없음
2016060900100437,2016년 6월 9일 18시,목요일,전라남도 해남군 삼산면,중상사고,0,1,0,0,차량단독 - 전도전복,안전운전불이행,건조,맑음,단일로 - 기타,화물,남,60세,중상,,,,
2016060900100438,2016년 6월 9일 18시,목요일,전라남도 광양시 광양읍,중상사고,0,1,0,0,차대사람 - 횡단중,안전운전불이행,건조,맑음,단일로 - 횡단보도상,승용,여,37세,상해없음,보행자,남,8세,중상
2016060900100505,2016년 6월 9일 20시,목요일,전라남도 목포시 상동,중상사고,0,1,0,0,차대차 - 기타,안전운전불이행,건조,흐림,교차로 - 교차로안,이륜,남,25세,중상,승용,남,22세,상해없음
2016060900100543,2016년 6월 9일 21시,목요일,전라남도 나주시 성북동,경상사고,0,0,2,0,차대차 - 측면직각충돌,안전운전불이행,건조,맑음,교차로 - 교차로안,이륜,여,70세,경상,승용,여,29세,경상
2016060900100584,2016년 6월 9일 23시,목요일,전라남도 여수시 봉산동,경상사고,0,0,1,0,차대차 - 측면직각충돌,안전운전불이행,건조,맑음,교차로 - 교차로안,승용,남,31세,상해없음,승용,여,51세,경상
2016061000100041,2016년 6월 10일 02시,금요일,전라남도 영암군 삼호읍,경상사고,0,0,1,0,차량단독 - 전도전복,안전운전불이행,건조,맑음,단일로 - 기타,이륜,남,37세,경상,,,,
2016061000100125,2016년 6월 10일 08시,금요일,전라남도 광양시 중동,중상사고,0,1,1,0,차대차 - 측면충돌,교차로운행방법위반,건조,맑음,교차로 - 교차로안,승용,여,32세,경상,승용,여,37세,중상
2016061000100160,2016년 6월 10일 09시,금요일,전라남도 나주시 이창동,경상사고,0,0,3,0,차대차 - 측면충돌,직진우회전진행방해,건조,맑음,교차로 - 교차로안,승용,여,46세,경상,승용,남,58세,경상
2016061000100193,2016년 6월 10일 10시,금요일,전라남도 순천시 조례동,사망사고,1,0,0,0,차대사람 - 차도통행중,안전운전불이행,건조,맑음,교차로 - 교차로안,화물,남,50세,상해없음,보행자,남,78세,사망
2016061000100194,2016년 6월 10일 10시,금요일,전라남도 나주시 금천면,경상사고,0,0,1,0,차대차 - 정면충돌,직진우회전진행방해,건조,맑음,교차로 - 교차로안,승용,여,62세,상해없음,이륜,남,27세,경상
2016061000100224,2016년 6월 10일 11시,금요일,전라남도 순천시 대대동,중상사고,0,1,0,0,차대사람 - 기타,기타,건조,맑음,단일로 - 기타,승합,남,51세,상해없음,보행자,여,74세,중상
2016061000100225,2016년 6월 10일 11시,금요일,전라남도 강진군 강진읍,경상사고,0,0,2,0,차대차 - 측면직각충돌,교차로운행방법위반,건조,맑음,교차로 - 교차로안,승용,남,59세,상해없음,화물,남,28세,경상
2016061000100263,2016년 6월 10일 12시,금요일,전라남도 목포시 용당동,경상사고,0,0,1,0,차대사람 - 기타,안전운전불이행,건조,맑음,단일로 - 기타,화물,남,39세,상해없음,보행자,여,66세,경상
2016061000100264,2016년 6월 10일 12시,금요일,전라남도 해남군 해남읍,경상사고,0,0,1,0,차대차 - 측면직각충돌,안전운전불이행,건조,맑음,교차로 - 교차로안,승용,여,35세,상해없음,원동기,남,40세,경상
2016061000100265,2016년 6월 10일 12시,금요일,전라남도 해남군 해남읍,경상사고,0,0,3,1,차대차 - 측면직각충돌,안전운전불이행,건조,맑음,단일로 - 기타,화물,남,65세,경상,화물,여,54세,경상
2016061000100295,2016년 6월 10일 13시,금요일,전라남도 목포시 연산동,경상사고,0,0,1,0,차대차 - 정면충돌,안전운전불이행,건조,맑음,교차로 - 교차로안,승용,남,68세,상해없음,승용,남,59세,경상
2016061000100366,2016년 6월 10일 15시,금요일,전라남도 목포시 중앙동2가,경상사고,0,0,2,1,차대차 - 측면직각충돌,직진우회전진행방해,건조,맑음,교차로 - 교차로안,화물,남,64세,부상신고,승용,여,62세,경상
2016061000100411,2016년 6월 10일 16시,금요일,전라남도 목포시 용당동,경상사고,0,0,1,0,차대차 - 측면충돌,안전운전불이행,건조,맑음,교차로 - 교차로부근,화물,여,53세,상해없음,승용,여,45세,경상
2016061000100412,2016년 6월 10일 16시,금요일,전라남도 담양군 담양읍,중상사고,0,1,1,0,차대차 - 정면충돌,안전거리미확보,건조,맑음,단일로 - 기타,승용,여,63세,중상,화물,남,53세,경상
2016061000100457,2016년 6월 10일 17시,금요일,전라남도 나주시 영산동,경상사고,0,0,2,0,차대차 - 추돌,안전운전불이행,건조,맑음,단일로 - 기타,승용,남,54세,상해없음,승용,남,31세,경상
2016061000100458,2016년 6월 10일 17시,금요일,전라남도 장흥군 장흥읍,중상사고,0,5,2,0,차대차 - 측면충돌,중앙선침범,건조,맑음,교차로 - 교차로부근,승합,남,49세,상해없음,승합,남,61세,중상
2016061000100459,2016년 6월 10일 17시,금요일,전라남도 무안군 무안읍,중상사고,0,1,1,0,차량단독 - 기타,안전운전불이행,건조,맑음,교차로 - 교차로부근,승용,남,65세,상해없음,,,,
2016061000100460,2016년 6월 10일 17시,금요일,전라남도 광양시 옥룡면,경상사고,0,0,1,0,차대차 - 측면직각충돌,중앙선침범,건조,맑음,교차로 - 교차로부근,승용,남,59세,상해없음,승용,여,50세,경상
2016061000100511,2016년 6월 10일 18시,금요일,전라남도 목포시 상동,경상사고,0,0,2,0,차대차 - 정면충돌,안전운전불이행,건조,맑음,단일로 - 기타,승합,남,55세,상해없음,승용,남,34세,경상