사고번호,사고일시,요일,시군구,사고내용,사망자수,중상자수,경상자수,부상신고자수,사고유형,법규위반,노면상태,기상상태,도로형태,가해운전자 차종,가해운전자 성별,가해운전자 연령,가해운전자 상해정도,피해운전자 차종,피해운전자 성별,피해운전자 연령,피해운전자 상해정도
2016061500100531,2016년 6월 15일 20시,수요일,전라남도 영암군 학산면,중상사고,0,2,0,0,차대차 - 추돌,안전운전불이행,습기,비,교차로 - 교차로부근,화물,남,51세,상해없음,승용,남,54세,중상
2016061500100563,2016년 6월 15일 21시,수요일,전라남도 순천시 풍덕동,중상사고,0,1,0,0,차대차 - 측면충돌,안전운전불이행,건조,맑음,교차로 - 교차로안,자전거,남,55세,중상,승용,남,39세,상해없음
2016061500100564,2016년 6월 15일 21시,수요일,전라남도 강진군 강진읍,경상사고,0,0,1,0,차대사람 - 기타,안전운전불이행,습기,흐림,단일로 - 기타,승용,남,40세,상해없음,보행자,남,48세,경상
2016061500100585,2016년 6월 15일 22시,수요일,전라남도 목포시 용당동,경상사고,0,0,1,0,차대차 - 측면충돌,안전운전불이행,건조,맑음,단일로 - 기타,승용,남,19세,상해없음,이륜,남,28세,경상
2016061500100586,2016년 6월 15일 22시,수요일,전라남도 목포시 옥암동,경상사고,0,0,1,0,차대차 - 측면직각충돌,안전운전불이행,습기,비,교차로 - 교차로부근,승용,남,35세,상해없음,이륜,남,30세,경상
2016061600100041,2016년 6월 16일 03시,목요일,전라남도 담양군 고서면,중상사고,0,2,1,0,차량단독 - 전도전복,안전운전불이행,건조,맑음,교차로 - 교차로안,승용,남,16세,상해없음,,,,
2016061600100108,2016년 6월 16일 08시,목요일,전라남도 목포시 상동,경상사고,0,0,1,0,차대사람 - 횡단중,안전운전불이행,건조,맑음,단일로 - 기타,승용,남,62세,상해없음,보행자,여,66세,경상
2016061600100109,2016년 6월 16일 08시,목요일,전라남도 여수시 군자동,경상사고,0,0,1,0,차대차 - 정면충돌,안전운전불이행,건조,맑음,단일로 - 기타,승용,여,47세,상해없음,승용,여,43세,경상
2016061600100110,2016년 6월 16일 08시,목요일,전라남도 구례군 마산면,부상신고사고,0,0,0,1,차량단독 - 기타,안전운전불이행,건조,맑음,단일로 - 기타,자전거,남,57세,부상신고,,,,
2016061600100143,2016년 6월 16일 09시,목요일,전라남도 여수시 충무동,경상사고,0,0,1,0,차대차 - 정면충돌,중앙선침범,건조,맑음,단일로 - 기타,승용,남,69세,상해없음,승용,여,24세,경상
2016061600100170,2016년 6월 16일 10시,목요일,전라남도 고흥군 점암면,중상사고,0,1,0,0,차대차 - 추돌,안전운전불이행,건조,맑음,단일로 - 기타,승용,여,49세,중상,화물,남,46세,상해없음
2016061600100199,2016년 6월 16일 11시,목요일,전라남도 무안군 일로읍,경상사고,0,0,2,0,차대차 - 측면충돌,신호위반,건조,맑음,교차로 - 교차로안,승용,여,48세,상해없음,화물,남,29세,경상
2016061600100224,2016년 6월 16일 12시,목요일,전라남도 담양군 대전면,경상사고,0,0,1,0,차대차 - 추돌,안전운전불이행,건조,맑음,교차로 - 교차로부근,화물,남,44세,상해없음,승용,여,66세,경상
2016061600100252,2016년 6월 16일 13시,목요일,전라남도 신안군 증도면,중상사고,0,1,0,0,차대차 - 측면충돌,안전운전불이행,건조,맑음,교차로 - 교차로안,승용,남,43세,상해없음,이륜,남,71세,중상
2016061600100253,2016년 6월 16일 13시,목요일,전라남도 여수시 율촌면,경상사고,0,0,1,1,차대차 - 정면충돌,중앙선침범,건조,맑음,단일로 - 기타,승용,여,41세,부상신고,승용,남,47세,경상
2016061600100254,2016년 6월 16일 13시,목요일,전라남도 장흥군 관산읍,경상사고,0,0,1,0,차대차 - 정면충돌,기타,건조,맑음,단일로 - 기타,화물,남,60세,상해없음,승용,남,55세,경상
2016061600100256,2016년 6월 16일 13시,목요일,전라남도 완도군 완도읍,경상사고,0,0,2,0,차대차 - 기타,안전운전불이행,건조,맑음,교차로 - 교차로부근,승용,남,48세,상해없음,화물,남,50세,경상
2016061600100257,2016년 6월 16일 13시,목요일,전라남도 광양시 진월면,경상사고,0,0,1,0,차량단독 - 기타,안전운전불이행,건조,맑음,기타 - 기타,화물,남,62세,상해없음,,,,
2016061600100283,2016년 6월 16일 14시,목요일,전라남도 목포시 연산동,경상사고,0,0,1,0,차대차 - 측면충돌,안전운전불이행,건조,맑음,교차로 - 교차로부근,승용,남,53세,상해없음,승용,남,45세,경상
2016061600100284,2016년 6월 16일 14시,목요일,전라남도 나주시 대호동,중상사고,0,1,0,0,차대사람 - 횡단중,안전운전불이행,건조,맑음,단일로 - 기타,승용,남,25세,상해없음,보행자,남,7세,중상
2016061600100317,2016년 6월 16일 15시,목요일,전라남도 해남군 해남읍,경상사고,0,0,1,0,차대차 - 정면충돌,안전운전불이행,건조,맑음,단일로 - 기타,화물,남,64세,상해없음,승용,남,31세,경상
2016061600100354,2016년 6월 16일 16시,목요일,전라남도 무안군 청계면,중상사고,0,2,4,0,차대차 - 기타,안전운전불이행,건조,맑음,단일로 - 기타,화물,남,73세,중상,승용,여,41세,경상
2016061600100387,2016년 6월 16일 17시,목요일,전라남도 목포시 산정동,경상사고,0,0,1,0,차대차 - 추돌,안전운전불이행,건조,맑음,단일로 - 기타,승합,남,45세,상해없음,승용,여,63세,경상
2016061600100419,2016년 6월 16일 18시,목요일,전라남도 구례군 마산면,경상사고,0,0,1,0,차대차 - 측면충돌,안전운전불이행,건조,맑음,단일로 - 기타,화물,남,60세,상해없음,화물,남,37세,경상
2016061600100454,2016년 6월 16일 19시,목요일,전라남도 목포시 해안동4가,경상사고,0,0,4,0,차대차 - 측면충돌,안전운전불이행,건조,맑음,교차로 - 교차로부근,승용,여,59세,경상,승용,남,54세,경상
2016061600100482,2016년 6월 16일 20시,목요일,전라남도 목포시 산정동,중상사고,0,1,0,0,차대차 - 추돌,교차로운행방법위반,건조,맑음,교차로 - 교차로안,화물,남,50세,기타불명,이륜,남,18세,중상
2016061600100483,2016년 6월 16일 20시,목요일,전라남도 순천시 동외동,경상사고,0,0,1,0,차대차 - 추돌,교차로운행방법위반,건조,맑음,교차로 - 교차로안,화물,남,53세,상해없음,승용,여,39세,경상
2016061600100519,2016년 6월 16일 21시,목요일,전라남도 보성군 조성면,중상사고,0,1,0,0,차대차 - 측면직각충돌,신호위반,건조,흐림,교차로 - 교차로안,화물,남,57세,상해없음,화물,남,58세,중상
2016061600100543,2016년 6월 16일 22시,목요일,전라남도 담양군 대전면,중상사고,0,1,0,0,차대차 - 측면직각충돌,신호위반,건조,맑음,교차로 - 교차로안,승합,남,59세,상해없음,승용,여,28세,중상
2016061700100025,2016년 6월 17일 01시,금요일,전라남도 함평군 해보면,경상사고,0,0,1,0,차대차 - 추돌,안전운전불이행,건조,맑음,단일로 - 기타,승용,남,15세,상해없음,승용,남,57세,경상
2016061700100057,2016년 6월 17일 05시,금요일,전라남도 목포시 산정동,중상사고,0,1,0,0,차대차 - 측면충돌,안전운전불이행,건조,맑음,교차로 - 교차로안,승용,남,51세,상해없음,자전거,남,74세,중상
2016061700100131,2016년 6월 17일 08시,금요일,전라남도 목포시 용해동,경상사고,0,0,1,0,차대사람 - 횡단중,보행자보호의무위반,건조,맑음,교차로 - 교차로안,승용,남,28세,상해없음,보행자,여,46세,경상
2016061700100132,2016년 6월 17일 08시,금요일,전라남도 여수시 신기동,경상사고,0,0,1,0,차대차 - 측면직각충돌,안전운전불이행,건조,맑음,교차로 - 교차로부근,승용,남,50세,상해없음,승용,여,56세,경상
2016061700100133,2016년 6월 17일 08시,금요일,전라남도 고흥군 포두면,경상사고,0,0,1,0,차대차 - 측면직각충돌,안전운전불이행,건조,맑음,교차로 - 교차로안,농기계,남,79세,경상,화물,남,69세,상해없음
2016061700100166,2016년 6월 17일 09시,금요일,전라남도 강진군 강진읍,경상사고,0,0,1,0,차량단독 - 전도전복,안전운전불이행,건조,맑음,단일로 - 기타,승용,남,52세,경상,,,,
2016061700100272,2016년 6월 17일 13시,금요일,전라남도 영광군 군남면,중상사고,0,1,2,0,차대차 - 측면직각충돌,직진우회전진행방해,건조,맑음,교차로 - 교차로안,승용,남,72세,중상,화물,남,58세,경상
2016061700100298,2016년 6월 17일 14시,금요일,전라남도 여수시 봉산동,부상신고사고,0,0,0,1,차대차 - 측면충돌,안전운전불이행,건조,맑음,교차로 - 교차로안,원동기,남,61세,부상신고,승용,남,43세,상해없음
2016061700100414,2016년 6월 17일 17시,금요일,전라남도 여수시 시전동,중상사고,0,1,0,0,차대차 - 기타,안전운전불이행,건조,맑음,단일로 - 기타,자전거,남,29세,상해없음,자전거,남,46세,중상
2016061700100415,2016년 6월 17일 17시,금요일,전라남도 담양군 금성면,중상사고,0,1,2,0,차대차 - 정면충돌,중앙선침범,건조,맑음,단일로 - 기타,승용,여,46세,경상,승용,남,45세,경상
2016061700100465,2016년 6월 17일 18시,금요일,전라남도 영광군 영광읍,경상사고,0,0,1,0,차대사람 - 길가장자리구역통행중,안전운전불이행,건조,맑음,기타 - 기타,승용,여,53세,기타불명,보행자,여,73세,경상
2016061700100506,2016년 6월 17일 19시,금요일,전라남도 순천시 해룡면,중상사고,0,1,0,0,차대사람 - 횡단중,안전운전불이행,건조,맑음,교차로 - 교차로안,승합,남,72세,상해없음,보행자,여,31세,중상
2016061700100547,2016년 6월 17일 20시,금요일,전라남도 목포시 상동,경상사고,0,0,2,0,차대차 - 기타,안전거리미확보,건조,맑음,단일로 - 기타,승용,여,38세,상해없음,승용,남,62세,경상
2016061700100548,2016년 6월 17일 20시,금요일,전라남도 순천시 해룡면,경상사고,0,0,1,0,차대사람 - 횡단중,안전운전불이행,건조,맑음,교차로 - 교차로안,이륜,남,45세,상해없음,보행자,남,55세,경상
2016061700100584,2016년 6월 17일 21시,금요일,전라남도 여수시 국동,경상사고,0,0,1,0,차대차 - 측면직각충돌,차로위반,건조,맑음,단일로 - 기타,승용,남,65세,상해없음,원동기,남,40세,경상
2016061700100621,2016년 6월 17일 22시,금요일,전라남도 목포시 옥암동,중상사고,0,1,0,0,차대차 - 측면충돌,안전운전불이행,건조,맑음,단일로 - 기타,승용,여,50세,상해없음,화물,남,59세,중상
2016061700100652,2016년 6월 17일 23시,금요일,전라남도 여수시 소호동,경상사고,0,0,1,0,차대차 - 측면충돌,안전운전불이행,건조,맑음,교차로 - 교차로안,승용,남,47세,상해없음,승용,남,27세,경상
2016061700100653,2016년 6월 17일 23시,금요일,전라남도 여수시 학동,사망사고,1,0,0,0,차대차 - 기타,보행자보호의무위반,건조,맑음,단일로 - 기타,승용,남,26세,상해없음,승용,남,49세,상해없음
2016061700100654,2016년 6월 17일 23시,금요일,전라남도 나주시 빛가람동,중상사고,0,1,1,0,차대차 - 기타,안전거리미확보,건조,맑음,교차로 - 교차로부근,화물,남,26세,상해없음,승용,여,32세,중상
2016061800100032,2016년 6월 18일 01시,토요일,전라남도 여수시 신기동,경상사고,0,0,2,0,차대차 - 측면직각충돌,안전운전불이행,건조,맑음,교차로 - 교차로안,승용,남,24세,상해없음,승용,남,25세,경상
2016061800100070,2016년 6월 18일 04시,토요일,전라남도 광양시 중동,경상사고,0,0,4,0,차대차 - 추돌,안전운전불이행,건조,맑음,교차로 - 교차로부근,승용,남,34세,상해없음,승용,여,30세,경상
2016061800100080,2016년 6월 18일 05시,토요일,전라남도 여수시 중앙동,경상사고,0,0,2,0,차대사람 - 횡단중,안전운전불이행,건조,맑음,단일로 - 기타,승용,여,46세,상해없음,보행자,여,63세,경상
2016061800100095,2016년 6월 18일 06시,토요일,전라남도 해남군 옥천면,중상사고,0,1,0,0,차대차 - 정면충돌,안전운전불이행,습기,안개,단일로 - 기타,이륜,여,69세,중상,농기계,남,50세,상해없음
2016061800100109,2016년 6월 18일 07시,토요일,전라남도 구례군 광의면,중상사고,0,1,0,0,차량단독 - 전도전복,안전운전불이행,건조,맑음,교차로 - 교차로부근,농기계,남,72세,상해없음,,,,
2016061800100126,2016년 6월 18일 08시,토요일,전라남도 장흥군 대덕읍,경상사고,0,0,1,0,차대사람 - 기타,안전운전불이행,건조,맑음,단일로 - 기타,승용,여,51세,상해없음,보행자,남,51세,경상
2016061800100127,2016년 6월 18일 08시,토요일,전라남도 영광군 영광읍,경상사고,0,0,1,0,차대차 - 측면충돌,직진우회전진행방해,건조,맑음,교차로 - 교차로안,화물,남,56세,상해없음,승용,여,56세,경상
2016061800100128,2016년 6월 18일 08시,토요일,전라남도 함평군 대동면,부상신고사고,0,0,0,1,차대차 - 정면충돌,교차로운행방법위반,건조,맑음,교차로 - 교차로안,이륜,남,63세,부상신고,승용,남,26세,상해없음
2016061800100154,2016년 6월 18일 09시,토요일,전라남도 광양시 성황동,경상사고,0,0,4,1,차대차 - 추돌,안전운전불이행,건조,맑음,교차로 - 교차로부근,화물,남,36세,부상신고,화물,남,30세,상해없음
2016061800100184,2016년 6월 18일 10시,토요일,전라남도 해남군 해남읍,사망사고,1,0,0,0,차대사람 - 횡단중,안전운전불이행,건조,맑음,단일로 - 기타,승용,남,88세,상해없음,보행자,여,80세,사망
2016061800100208,2016년 6월 18일 11시,토요일,전라남도 순천시 장천동,경상사고,0,0,1,0,차대차 - 측면충돌,안전운전불이행,건조,맑음,단일로 - 기타,승용,남,63세,상해없음,승용,남,57세,경상
2016061800100209,2016년 6월 18일 11시,토요일,전라남도 나주시 이창동,경상사고,0,0,1,0,차대차 - 측면충돌,신호위반,건조,맑음,교차로 - 교차로안,원동기,남,63세,경상,화물,남,45세,상해없음
2016061800100246,2016년 6월 18일 12시,토요일,전라남도 무안군 일로읍,경상사고,0,0,2,0,차대차 - 추돌,안전운전불이행,건조,맑음,단일로 - 기타,승용,남,42세,상해없음,승용,남,32세,경상
2016061800100247,2016년 6월 18일 12시,토요일,전라남도 목포시 산정동,경상사고,0,0,1,0,차대차 - 정면충돌,중앙선침범,건조,맑음,단일로 - 기타,승합,남,67세,상해없음,자전거,남,65세,경상
2016061800100278,2016년 6월 18일 13시,토요일,전라남도 목포시 옥암동,경상사고,0,0,1,0,차대사람 - 횡단중,보행자보호의무위반,건조,맑음,단일로 - 횡단보도상,승용,남,62세,상해없음,보행자,남,8세,경상
2016061800100279,2016년 6월 18일 13시,토요일,전라남도 순천시 해룡면,중상사고,0,1,0,0,차대사람 - 횡단중,보행자보호의무위반,건조,맑음,단일로 - 횡단보도상,화물,여,34세,상해없음,보행자,여,16세,중상
2016061800100280,2016년 6월 18일 13시,토요일,전라남도 나주시 산정동,경상사고,0,0,4,0,차대차 - 측면충돌,직진우회전진행방해,건조,맑음,교차로 - 교차로안,승용,남,19세,경상,화물,남,49세,경상
2016061800100281,2016년 6월 18일 13시,토요일,전라남도 화순군 춘양면,중상사고,0,1,0,0,차대차 - 측면충돌,안전운전불이행,건조,맑음,교차로 - 교차로안,건설기계,남,50세,상해없음,이륜,남,90세 이상,중상
2016061800100327,2016년 6월 18일 14시,토요일,전라남도 목포시 산정동,중상사고,0,1,0,0,차대차 - 정면충돌,직진우회전진행방해,건조,맑음,교차로 - 교차로안,화물,여,59세,상해없음,자전거,여,61세,중상
2016061800100328,2016년 6월 18일 14시,토요일,전라남도 담양군 고서면,경상사고,0,0,2,0,차대차 - 정면충돌,중앙선침범,건조,맑음,단일로 - 기타,승용,남,76세,상해없음,승용,남,56세,경상
2016061800100329,2016년 6월 18일 14시,토요일,전라남도 광양시 광양읍,경상사고,0,0,1,0,차대차 - 측면충돌,교차로운행방법위반,건조,맑음,교차로 - 교차로안,승용,남,55세,상해없음,승용,여,48세,경상
2016061800100367,2016년 6월 18일 15시,토요일,전라남도 여수시 학동,경상사고,0,0,1,0,차대차 - 추돌,안전운전불이행,건조,맑음,교차로 - 교차로부근,승용,남,41세,기타불명,승용,여,53세,경상
2016061800100368,2016년 6월 18일 15시,토요일,전라남도 순천시 해룡면,중상사고,0,1,0,0,차대차 - 측면직각충돌,신호위반,건조,맑음,교차로 - 교차로안,화물,남,53세,상해없음,승용,남,35세,중상
2016061800100410,2016년 6월 18일 16시,토요일,전라남도 신안군 암태면,중상사고,0,1,1,0,차대차 - 측면직각충돌,직진우회전진행방해,건조,맑음,교차로 - 교차로안,화물,남,77세,상해없음,건설기계,남,48세,상해없음
2016061800100444,2016년 6월 18일 17시,토요일,전라남도 여수시 안산동,경상사고,0,0,1,0,차대차 - 정면충돌,신호위반,건조,맑음,교차로 - 교차로안,화물,남,70세,상해없음,원동기,남,20세,경상
2016061800100492,2016년 6월 18일 18시,토요일,전라남도 순천시 해룡면,중상사고,0,1,0,0,차대차 - 측면충돌,안전운전불이행,건조,맑음,단일로 - 기타,화물,남,25세,상해없음,원동기,남,70세,중상
2016061800100493,2016년 6월 18일 18시,토요일,전라남도 나주시 빛가람동,중상사고,0,1,0,0,차대차 - 추돌,안전운전불이행,건조,맑음,단일로 - 기타,화물,남,34세,중상,승용,남,51세,기타불명
2016061800100494,2016년 6월 18일 18시,토요일,전라남도 담양군 고서면,중상사고,0,1,0,0,차대차 - 측면충돌,중앙선침범,건조,맑음,단일로 - 기타,승용,남,39세,상해없음,이륜,남,24세,중상
2016061800100525,2016년 6월 18일 19시,토요일,전라남도 순천시 조례동,부상신고사고,0,0,0,1,차대사람 - 횡단중,안전운전불이행,건조,맑음,교차로 - 교차로부근,승용,남,62세,상해없음,보행자,여,56세,부상신고
2016061800100548,2016년 6월 18일 20시,토요일,전라남도 장성군 장성읍,중상사고,0,1,0,0,차대차 - 측면충돌,차로위반,건조,흐림,단일로 - 기타,승용,여,60세,중상,화물,남,49세,상해없음
2016061800100549,2016년 6월 18일 20시,토요일,전라남도 무안군 삼향읍,경상사고,0,0,1,0,차대차 - 측면충돌,신호위반,습기,흐림,교차로 - 교차로안,승용,여,47세,상해없음,이륜,남,20세,경상
2016061800100614,2016년 6월 18일 22시,토요일,전라남도 목포시 상동,경상사고,0,0,1,0,차대사람 - 횡단중,안전운전불이행,건조,맑음,단일로 - 기타,승용,남,50세,상해없음,보행자,남,56세,경상
2016061800100615,2016년 6월 18일 22시,토요일,전라남도 여수시 광무동,경상사고,0,0,3,0,차대차 - 측면직각충돌,안전운전불이행,습기,비,단일로 - 기타,승용,남,37세,상해없음,승합,여,45세,경상
2016061800100616,2016년 6월 18일 22시,토요일,전라남도 여수시 학동,중상사고,0,1,0,0,차대차 - 추돌,신호위반,건조,맑음,교차로 - 교차로안,승용,남,18세,상해없음,승용,남,61세,상해없음
2016061800100644,2016년 6월 18일 23시,토요일,전라남도 순천시 남정동,중상사고,0,1,0,0,차대차 - 측면충돌,안전운전불이행,습기,비,단일로 - 기타,승합,여,40세,상해없음,이륜,남,25세,중상
2016061900100067,2016년 6월 19일 03시,일요일,전라남도 광양시 옥룡면,중상사고,0,1,1,0,차량단독 - 전도전복,안전운전불이행,건조,맑음,단일로 - 기타,승용,남,29세,상해없음,,,,
2016061900100097,2016년 6월 19일 05시,일요일,전라남도 목포시 대성동,중상사고,0,1,0,0,차대사람 - 횡단중,안전거리미확보,습기,비,교차로 - 교차로부근,승용,남,32세,기타불명,보행자,여,83세,중상
2016061900100107,2016년 6월 19일 06시,일요일,전라남도 장흥군 관산읍,경상사고,0,0,1,0,차대차 - 측면충돌,직진우회전진행방해,건조,맑음,교차로 - 교차로안,승용,남,65세,상해없음,승용,남,54세,경상
2016061900100108,2016년 6월 19일 06시,일요일,전라남도 영광군 백수읍,중상사고,0,1,0,0,차대차 - 측면직각충돌,안전운전불이행,건조,맑음,단일로 - 기타,이륜,남,72세,중상,화물,남,61세,상해없음
2016061900100136,2016년 6월 19일 08시,일요일,전라남도 여수시 웅천동,중상사고,0,1,4,0,차대차 - 측면직각충돌,교차로운행방법위반,건조,맑음,교차로 - 교차로부근,화물,남,55세,상해없음,승용,여,58세,중상
2016061900100137,2016년 6월 19일 08시,일요일,전라남도 영암군 시종면,중상사고,0,1,0,0,차대차 - 기타,안전운전불이행,건조,맑음,단일로 - 기타,승용,남,51세,상해없음,승합,남,55세,상해없음
2016061900100232,2016년 6월 19일 13시,일요일,전라남도 담양군 담양읍,경상사고,0,0,1,0,차대차 - 측면충돌,안전거리미확보,건조,맑음,단일로 - 기타,건설기계,남,45세,상해없음,승용,남,50세,경상
2016061900100254,2016년 6월 19일 14시,일요일,전라남도 장성군 장성읍,중상사고,0,4,1,0,차대차 - 추돌,안전운전불이행,건조,맑음,교차로 - 교차로부근,화물,남,70세,경상,승용,남,45세,중상
2016061900100316,2016년 6월 19일 16시,일요일,전라남도 해남군 송지면,중상사고,0,1,1,0,차대차 - 측면직각충돌,안전운전불이행,건조,맑음,단일로 - 기타,화물,남,52세,경상,승용,남,49세,상해없음
2016061900100317,2016년 6월 19일 16시,일요일,전라남도 영암군 학산면,중상사고,0,1,2,0,차대차 - 측면직각충돌,안전운전불이행,건조,맑음,교차로 - 교차로안,이륜,여,19세,중상,승용,남,26세,경상
2016061900100411,2016년 6월 19일 19시,일요일,전라남도 장성군 황룡면,경상사고,0,0,2,0,차대차 - 측면충돌,안전운전불이행,건조,맑음,교차로 - 교차로안,승용,남,68세,상해없음,승합,남,43세,경상
2016061900100441,2016년 6월 19일 20시,일요일,전라남도 여수시 안산동,경상사고,0,0,1,0,차대차 - 측면충돌,안전운전불이행,건조,맑음,교차로 - 교차로안,승용,남,62세,상해없음,승용,남,42세,상해없음
2016061900100442,2016년 6월 19일 20시,일요일,전라남도 순천시 조례동,중상사고,0,2,0,0,차대차 - 정면충돌,신호위반,건조,맑음,교차로 - 교차로안,승용,여,50세,중상,승합,남,61세,중상
2016061900100443,2016년 6월 19일 20시,일요일,전라남도 광양시 중동,경상사고,0,0,1,0,차대사람 - 횡단중,안전운전불이행,건조,맑음,단일로 - 횡단보도상,승용,남,37세,상해없음,보행자,여,41세,경상
2016061900100464,2016년 6월 19일 21시,일요일,전라남도 함평군 함평읍,경상사고,0,0,3,0,차대차 - 측면직각충돌,신호위반,건조,맑음,교차로 - 교차로안,승용,남,56세,상해없음,승용,남,39세,경상
2016061900100492,2016년 6월 19일 22시,일요일,전라남도 순천시 덕월동,중상사고,0,2,2,0,차대차 - 측면직각충돌,신호위반,건조,맑음,교차로 - 교차로안,승용,남,39세,상해없음,승용,남,31세,중상
2016061900100505,2016년 6월 19일 23시,일요일,전라남도 여수시 봉산동,경상사고,0,0,2,0,차대차 - 측면직각충돌,교차로운행방법위반,건조,맑음,교차로 - 교차로안,승용,여,52세,상해없음,승용,여,47세,상해없음
2016062000100018,2016년 6월 20일 01시,월요일,전라남도 영암군 삼호읍,중상사고,0,1,0,0,차량단독 - 전도전복,안전운전불이행,건조,맑음,단일로 - 기타,승용,여,52세,중상,,,,
2016062000100019,2016년 6월 20일 01시,월요일,전라남도 광양시 중동,경상사고,0,0,1,0,차량단독 - 공작물충돌,안전운전불이행,건조,맑음,단일로 - 기타,승용,남,48세,경상,,,,
2016062000100034,2016년 6월 20일 04시,월요일,전라남도 장흥군 용산면,중상사고,0,1,0,0,차대사람 - 길가장자리구역통행중,중앙선침범,건조,맑음,교차로 - 교차로부근,화물,여,56세,상해없음,보행자,남,82세,중상
2016062000100051,2016년 6월 20일 06시,월요일,전라남도 광양시 태인동,중상사고,0,2,2,0,차대차 - 측면충돌,교차로운행방법위반,건조,맑음,교차로 - 교차로안,승용,남,66세,중상,승용,남,59세,경상
2016062000100077,2016년 6월 20일 07시,월요일,전라남도 신안군 압해읍,경상사고,0,0,2,0,차대차 - 정면충돌,직진우회전진행방해,건조,맑음,교차로 - 교차로안,화물,남,73세,경상,승용,남,68세,경상
2016062000100078,2016년 6월 20일 07시,월요일,전라남도 담양군 월산면,경상사고,0,0,1,0,차대차 - 측면직각충돌,신호위반,건조,맑음,교차로 - 교차로안,승용,남,68세,경상,승용,남,56세,상해없음
2016062000100079,2016년 6월 20일 07시,월요일,전라남도 광양시 중동,중상사고,0,1,0,0,차대차 - 측면직각충돌,교차로운행방법위반,건조,맑음,단일로 - 기타,승용,여,41세,상해없음,이륜,남,19세,중상
2016062000100128,2016년 6월 20일 08시,월요일,전라남도 고흥군 포두면,경상사고,0,0,1,0,차대사람 - 기타,안전운전불이행,건조,맑음,단일로 - 기타,화물,남,73세,상해없음,보행자,여,78세,경상
2016062000100129,2016년 6월 20일 08시,월요일,전라남도 광양시 황길동,경상사고,0,0,3,0,차대차 - 측면직각충돌,교차로운행방법위반,건조,흐림,교차로 - 교차로안,승용,남,52세,경상,승용,남,35세,경상
2016062000100158,2016년 6월 20일 09시,월요일,전라남도 장흥군 장흥읍,중상사고,0,1,1,0,차대차 - 정면충돌,안전운전불이행,습기,비,교차로 - 교차로안,승용,여,56세,경상,승용,여,58세,중상
2016062000100159,2016년 6월 20일 09시,월요일,전라남도 강진군 강진읍,중상사고,0,1,1,0,차대사람 - 횡단중,보행자보호의무위반,습기,흐림,단일로 - 기타,승용,남,72세,상해없음,보행자,여,56세,중상
2016062000100191,2016년 6월 20일 10시,월요일,전라남도 신안군 압해읍,중상사고,0,1,0,0,차대차 - 측면직각충돌,직진우회전진행방해,습기,비,교차로 - 교차로안,화물,남,67세,상해없음,농기계,남,73세,중상
2016062000100192,2016년 6월 20일 10시,월요일,전라남도 여수시 둔덕동,중상사고,0,2,0,0,차대차 - 정면충돌,안전운전불이행,습기,비,단일로 - 기타,승용,남,65세,상해없음,화물,남,36세,중상
2016062000100193,2016년 6월 20일 10시,월요일,전라남도 진도군 지산면,중상사고,0,1,0,0,차대사람 - 횡단중,안전운전불이행,습기,비,단일로 - 기타,승용,여,60세,상해없음,보행자,여,56세,중상
2016062000100220,2016년 6월 20일 11시,월요일,전라남도 목포시 호남동,경상사고,0,0,1,0,차대차 - 추돌,안전운전불이행,건조,맑음,단일로 - 기타,승용,여,76세,상해없음,승용,남,74세,경상
2016062000100221,2016년 6월 20일 11시,월요일,전라남도 목포시 달동,경상사고,0,0,1,0,차대차 - 측면충돌,직진우회전진행방해,습기,비,교차로 - 교차로안,화물,남,56세,상해없음,승용,남,70세,경상
2016062000100222,2016년 6월 20일 11시,월요일,전라남도 순천시 풍덕동,경상사고,0,0,1,0,차대차 - 기타,안전거리미확보,습기,비,단일로 - 기타,화물,남,66세,상해없음,승용,남,63세,상해없음
2016062000100223,2016년 6월 20일 11시,월요일,전라남도 광양시 광양읍,경상사고,0,0,1,0,차대차 - 측면충돌,기타,습기,비,교차로 - 교차로안,승용,남,79세,상해없음,자전거,남,86세,경상
2016062000100260,2016년 6월 20일 12시,월요일,전라남도 여수시 소라면,경상사고,0,0,1,0,차대차 - 추돌,안전운전불이행,건조,맑음,단일로 - 기타,승용,여,46세,상해없음,승용,남,43세,경상
2016062000100296,2016년 6월 20일 13시,월요일,전라남도 강진군 강진읍,경상사고,0,0,3,1,차대차 - 측면직각충돌,직진우회전진행방해,습기,비,교차로 - 교차로안,승용,남,77세,부상신고,승용,남,43세,경상
2016062000100344,2016년 6월 20일 14시,월요일,전라남도 목포시 옥암동,경상사고,0,0,1,0,차대차 - 추돌,안전운전불이행,습기,비,단일로 - 기타,승용,남,47세,상해없음,승용,여,49세,경상
2016062000100345,2016년 6월 20일 14시,월요일,전라남도 여수시 웅천동,경상사고,0,0,2,0,차대차 - 추돌,안전거리미확보,건조,맑음,단일로 - 기타,승합,남,51세,상해없음,승용,여,43세,경상
2016062000100388,2016년 6월 20일 15시,월요일,전라남도 목포시 용당동,경상사고,0,0,1,0,차대차 - 기타,안전운전불이행,건조,맑음,기타 - 기타,승용,남,36세,기타불명,승용,남,41세,상해없음