사고번호,사고일시,요일,시군구,사고내용,사망자수,중상자수,경상자수,부상신고자수,사고유형,법규위반,노면상태,기상상태,도로형태,가해운전자 차종,가해운전자 성별,가해운전자 연령,가해운전자 상해정도,피해운전자 차종,피해운전자 성별,피해운전자 연령,피해운전자 상해정도
2016062000100389,2016년 6월 20일 15시,월요일,전라남도 고흥군 도화면,사망사고,1,0,0,0,차대차 - 측면직각충돌,안전운전불이행,습기,비,단일로 - 기타,이륜,남,73세,사망,화물,남,66세,상해없음
2016062000100425,2016년 6월 20일 16시,월요일,전라남도 장흥군 용산면,중상사고,0,1,0,0,차대차 - 측면직각충돌,안전운전불이행,습기,비,교차로 - 교차로안,화물,남,40세,상해없음,승용,남,30세,중상
2016062000100426,2016년 6월 20일 16시,월요일,전라남도 고흥군 고흥읍,중상사고,0,1,0,0,차대차 - 측면직각충돌,교차로운행방법위반,습기,비,교차로 - 교차로안,승용,남,41세,상해없음,자전거,남,14세,중상
2016062000100427,2016년 6월 20일 16시,월요일,전라남도 보성군 벌교읍,중상사고,0,1,0,0,차대사람 - 횡단중,보행자보호의무위반,습기,비,교차로 - 교차로안,화물,남,46세,상해없음,보행자,여,60세,중상
2016062000100477,2016년 6월 20일 17시,월요일,전라남도 담양군 수북면,경상사고,0,0,2,0,차대차 - 측면충돌,신호위반,습기,비,교차로 - 교차로안,승합,남,45세,상해없음,화물,남,68세,경상
2016062000100517,2016년 6월 20일 18시,월요일,전라남도 여수시 선원동,경상사고,0,0,2,0,차대차 - 기타,안전운전불이행,습기,비,단일로 - 기타,승용,여,25세,상해없음,화물,남,27세,경상
2016062000100518,2016년 6월 20일 18시,월요일,전라남도 여수시 선원동,경상사고,0,0,1,0,차대사람 - 횡단중,신호위반,습기,비,교차로 - 교차로부근,기타불명,기타불명,기타불명,기타불명,보행자,여,42세,경상
2016062000100593,2016년 6월 20일 20시,월요일,전라남도 나주시 교동,경상사고,0,0,1,1,차대차 - 추돌,안전거리미확보,습기,흐림,단일로 - 횡단보도부근,원동기,남,20세,부상신고,승용,남,37세,경상
2016062000100594,2016년 6월 20일 20시,월요일,전라남도 영암군 삼호읍,중상사고,0,1,0,0,차량단독 - 전도전복,안전운전불이행,건조,맑음,교차로 - 교차로안,원동기,남,32세,중상,,,,
2016062000100638,2016년 6월 20일 22시,월요일,전라남도 여수시 문수동,경상사고,0,0,1,0,차량단독 - 전도전복,안전운전불이행,습기,비,단일로 - 기타,이륜,남,22세,경상,,,,
2016062100100025,2016년 6월 21일 01시,화요일,전라남도 나주시 노안면,경상사고,0,0,1,0,차량단독 - 기타,안전운전불이행,건조,맑음,교차로 - 교차로부근,승용,남,44세,상해없음,,,,
2016062100100120,2016년 6월 21일 08시,화요일,전라남도 영광군 영광읍,부상신고사고,0,0,0,1,차대차 - 측면직각충돌,직진우회전진행방해,건조,맑음,교차로 - 교차로안,이륜,남,70세,부상신고,승용,여,45세,상해없음
2016062100100121,2016년 6월 21일 08시,화요일,전라남도 화순군 도곡면,경상사고,0,0,1,0,차대차 - 추돌,안전거리미확보,건조,맑음,단일로 - 기타,이륜,남,75세,경상,화물,여,45세,상해없음
2016062100100161,2016년 6월 21일 09시,화요일,전라남도 목포시 상동,중상사고,0,1,1,0,차대차 - 측면직각충돌,신호위반,건조,맑음,교차로 - 교차로안,승용,남,41세,경상,승용,여,31세,중상
2016062100100162,2016년 6월 21일 09시,화요일,전라남도 순천시 인월동,중상사고,0,1,1,0,차대차 - 측면충돌,차로위반,건조,맑음,단일로 - 기타,화물,남,71세,중상,승용,남,59세,경상
2016062100100163,2016년 6월 21일 09시,화요일,전라남도 장성군 장성읍,경상사고,0,0,1,0,차대차 - 추돌,안전운전불이행,건조,맑음,단일로 - 기타,화물,남,33세,상해없음,승용,여,52세,경상
2016062100100201,2016년 6월 21일 10시,화요일,전라남도 목포시 상동,경상사고,0,0,2,0,차대차 - 추돌,안전거리미확보,건조,맑음,단일로 - 기타,화물,남,69세,상해없음,화물,남,58세,경상
2016062100100202,2016년 6월 21일 10시,화요일,전라남도 순천시 풍덕동,중상사고,0,1,1,0,차대차 - 측면충돌,직진우회전진행방해,건조,맑음,교차로 - 교차로안,승용,남,53세,상해없음,승용,남,47세,중상
2016062100100203,2016년 6월 21일 10시,화요일,전라남도 순천시 해룡면,경상사고,0,0,1,0,차대차 - 추돌,교차로운행방법위반,건조,맑음,단일로 - 기타,화물,여,48세,상해없음,화물,남,57세,경상
2016062100100270,2016년 6월 21일 12시,화요일,전라남도 장흥군 장흥읍,중상사고,0,1,1,0,차대차 - 기타,안전운전불이행,건조,맑음,교차로 - 교차로안,승용,여,46세,상해없음,이륜,남,51세,중상
2016062100100321,2016년 6월 21일 14시,화요일,전라남도 목포시 옥암동,경상사고,0,0,2,0,차대차 - 측면직각충돌,안전운전불이행,건조,맑음,교차로 - 교차로부근,승용,남,59세,경상,승용,남,60세,경상
2016062100100322,2016년 6월 21일 14시,화요일,전라남도 여수시 신기동,경상사고,0,0,3,0,차대차 - 측면직각충돌,안전운전불이행,건조,맑음,교차로 - 교차로안,승용,여,61세,기타불명,승용,여,55세,경상
2016062100100323,2016년 6월 21일 14시,화요일,전라남도 순천시 해룡면,경상사고,0,0,1,0,차대사람 - 보도통행중,안전운전불이행,건조,맑음,기타 - 기타,자전거,남,14세,상해없음,보행자,여,42세,경상
2016062100100324,2016년 6월 21일 14시,화요일,전라남도 순천시 황전면,경상사고,0,0,1,0,차량단독 - 기타,안전운전불이행,건조,맑음,단일로 - 기타,화물,남,49세,경상,,,,
2016062100100325,2016년 6월 21일 14시,화요일,전라남도 순천시 주암면,중상사고,0,1,0,0,차량단독 - 공작물충돌,안전운전불이행,건조,맑음,단일로 - 기타,승용,여,59세,중상,,,,
2016062100100326,2016년 6월 21일 14시,화요일,전라남도 나주시 송월동,경상사고,0,0,1,0,차대사람 - 횡단중,신호위반,건조,맑음,단일로 - 횡단보도상,승용,여,70세,상해없음,보행자,남,6세,경상
2016062100100327,2016년 6월 21일 14시,화요일,전라남도 광양시 봉강면,중상사고,0,3,1,0,차량단독 - 공작물충돌,안전운전불이행,건조,맑음,단일로 - 기타,승용,남,68세,경상,,,,
2016062100100360,2016년 6월 21일 15시,화요일,전라남도 목포시 산정동,경상사고,0,0,1,0,차대차 - 측면직각충돌,직진우회전진행방해,건조,맑음,교차로 - 교차로안,화물,남,61세,상해없음,이륜,남,54세,경상
2016062100100361,2016년 6월 21일 15시,화요일,전라남도 순천시 조곡동,경상사고,0,0,2,0,차대차 - 측면충돌,안전거리미확보,건조,맑음,단일로 - 기타,화물,남,22세,상해없음,승용,남,28세,경상
2016062100100362,2016년 6월 21일 15시,화요일,전라남도 해남군 현산면,경상사고,0,0,1,0,차대사람 - 횡단중,안전운전불이행,건조,맑음,단일로 - 기타,승용,여,30세,상해없음,보행자,여,48세,경상
2016062100100363,2016년 6월 21일 15시,화요일,전라남도 곡성군 곡성읍,중상사고,0,1,0,0,차대사람 - 횡단중,안전운전불이행,건조,맑음,교차로 - 교차로부근,승용,여,43세,상해없음,보행자,여,76세,중상
2016062100100434,2016년 6월 21일 17시,화요일,전라남도 목포시 옥암동,중상사고,0,1,0,0,차대사람 - 횡단중,안전운전불이행,건조,맑음,기타 - 기타,자전거,남,7세,상해없음,보행자,남,3세,중상
2016062100100435,2016년 6월 21일 17시,화요일,전라남도 보성군 회천면,중상사고,0,4,1,1,차대차 - 측면직각충돌,직진우회전진행방해,건조,맑음,교차로 - 교차로안,승합,남,49세,부상신고,승용,남,72세,중상
2016062100100436,2016년 6월 21일 17시,화요일,전라남도 영광군 영광읍,경상사고,0,0,1,0,차대사람 - 횡단중,안전운전불이행,건조,맑음,단일로 - 기타,승용,남,34세,상해없음,보행자,여,8세,경상
2016062100100437,2016년 6월 21일 17시,화요일,전라남도 장성군 장성읍,경상사고,0,0,1,0,차대차 - 기타,교차로운행방법위반,건조,맑음,교차로 - 교차로안,승용,남,56세,상해없음,승용,남,35세,경상
2016062100100481,2016년 6월 21일 18시,화요일,전라남도 함평군 월야면,중상사고,0,1,0,0,차량단독 - 전도전복,안전운전불이행,건조,맑음,단일로 - 기타,이륜,남,80세,중상,,,,
2016062100100514,2016년 6월 21일 19시,화요일,전라남도 구례군 토지면,경상사고,0,0,2,0,차대차 - 추돌,안전거리미확보,건조,흐림,단일로 - 기타,화물,남,54세,경상,화물,남,58세,경상
2016062100100552,2016년 6월 21일 20시,화요일,전라남도 신안군 자은면,중상사고,0,1,0,0,차대차 - 추돌,안전운전불이행,건조,맑음,단일로 - 기타,화물,남,62세,상해없음,승합,남,45세,중상
2016062100100553,2016년 6월 21일 20시,화요일,전라남도 목포시 용해동,경상사고,0,0,2,0,차대차 - 측면직각충돌,직진우회전진행방해,건조,맑음,교차로 - 교차로부근,승용,남,55세,상해없음,승용,남,25세,경상
2016062100100630,2016년 6월 21일 23시,화요일,전라남도 목포시 산정동,중상사고,0,1,1,0,차대사람 - 횡단중,안전운전불이행,건조,맑음,단일로 - 횡단보도상,승용,여,27세,경상,보행자,남,29세,중상
2016062200100114,2016년 6월 22일 08시,수요일,전라남도 순천시 연향동,경상사고,0,0,2,0,차대차 - 추돌,안전운전불이행,건조,맑음,교차로 - 교차로안,승용,남,33세,상해없음,승용,남,55세,경상
2016062200100210,2016년 6월 22일 12시,수요일,전라남도 목포시 대성동,경상사고,0,0,2,0,차대차 - 측면충돌,안전운전불이행,적설,맑음,교차로 - 교차로안,승용,남,52세,상해없음,승용,남,28세,경상
2016062200100211,2016년 6월 22일 12시,수요일,전라남도 나주시 삼영동,경상사고,0,0,2,0,차대차 - 측면직각충돌,직진우회전진행방해,습기,비,교차로 - 교차로안,화물,남,57세,상해없음,승용,남,24세,경상
2016062200100212,2016년 6월 22일 12시,수요일,전라남도 광양시 광영동,경상사고,0,0,2,0,차대차 - 기타,안전운전불이행,습기,비,단일로 - 기타,화물,남,28세,상해없음,승용,남,65세,경상
2016062200100280,2016년 6월 22일 14시,수요일,전라남도 목포시 석현동,경상사고,0,0,1,0,차대차 - 정면충돌,중앙선침범,습기,비,단일로 - 기타,화물,여,52세,상해없음,이륜,남,17세,경상
2016062200100281,2016년 6월 22일 14시,수요일,전라남도 여수시 소라면,경상사고,0,0,2,0,차대차 - 측면충돌,안전운전불이행,건조,맑음,단일로 - 기타,승용,남,48세,상해없음,이륜,남,71세,경상
2016062200100282,2016년 6월 22일 14시,수요일,전라남도 해남군 해남읍,경상사고,0,0,1,0,차대차 - 추돌,안전운전불이행,건조,맑음,교차로 - 교차로부근,승용,남,61세,상해없음,화물,여,57세,경상
2016062200100283,2016년 6월 22일 14시,수요일,전라남도 무안군 무안읍,경상사고,0,0,1,0,차대차 - 정면충돌,안전운전불이행,습기,비,단일로 - 기타,승용,여,41세,상해없음,자전거,남,9세,경상
2016062200100320,2016년 6월 22일 15시,수요일,전라남도 목포시 용해동,경상사고,0,0,1,0,차대차 - 기타,차로위반,건조,맑음,단일로 - 횡단보도부근,승용,남,74세,상해없음,승용,남,48세,상해없음
2016062200100321,2016년 6월 22일 15시,수요일,전라남도 화순군 화순읍,중상사고,0,1,0,2,차대차 - 측면충돌,직진우회전진행방해,습기,비,교차로 - 교차로안,화물,남,71세,중상,승합,여,46세,부상신고
2016062200100322,2016년 6월 22일 15시,수요일,전라남도 강진군 작천면,중상사고,0,1,0,0,차량단독 - 전도전복,기타,습기,비,단일로 - 기타,화물,남,59세,중상,,,,
2016062200100363,2016년 6월 22일 16시,수요일,전라남도 여수시 소호동,중상사고,0,1,0,0,차대사람 - 횡단중,보행자보호의무위반,습기,비,단일로 - 기타,승용,여,44세,상해없음,보행자,남,8세,중상
2016062200100405,2016년 6월 22일 17시,수요일,전라남도 나주시 남평읍,경상사고,0,0,1,0,차대차 - 측면직각충돌,직진우회전진행방해,건조,맑음,교차로 - 교차로안,승용,남,22세,상해없음,승용,여,69세,경상
2016062200100406,2016년 6월 22일 17시,수요일,전라남도 해남군 현산면,경상사고,0,0,1,0,차량단독 - 전도전복,안전운전불이행,습기,흐림,단일로 - 기타,이륜,남,60세,경상,,,,
2016062200100443,2016년 6월 22일 18시,수요일,전라남도 여수시 신기동,경상사고,0,0,1,0,차대사람 - 횡단중,보행자보호의무위반,습기,비,교차로 - 교차로안,승용,남,39세,상해없음,보행자,남,12세,경상
2016062200100444,2016년 6월 22일 18시,수요일,전라남도 순천시 서면,경상사고,0,0,2,0,차대차 - 추돌,안전거리미확보,건조,맑음,단일로 - 기타,승용,여,29세,상해없음,승용,남,22세,경상
2016062200100445,2016년 6월 22일 18시,수요일,전라남도 광양시 옥곡면,경상사고,0,0,1,0,차대차 - 기타,직진우회전진행방해,건조,맑음,교차로 - 교차로안,승용,남,39세,경상,화물,남,35세,상해없음
2016062200100507,2016년 6월 22일 20시,수요일,전라남도 목포시 상동,경상사고,0,0,1,0,차대사람 - 횡단중,안전운전불이행,건조,맑음,교차로 - 교차로안,승용,남,63세,상해없음,보행자,남,34세,경상
2016062200100555,2016년 6월 22일 22시,수요일,전라남도 목포시 산정동,경상사고,0,0,1,0,차대사람 - 기타,기타,건조,맑음,기타 - 기타,승용,남,45세,상해없음,보행자,여,28세,경상
2016062200100583,2016년 6월 22일 23시,수요일,전라남도 목포시 대양동,경상사고,0,0,3,0,차대차 - 추돌,신호위반,건조,맑음,교차로 - 교차로안,승용,남,63세,경상,화물,남,60세,경상
2016062200100584,2016년 6월 22일 23시,수요일,전라남도 순천시 연향동,중상사고,0,1,0,0,차대차 - 정면충돌,직진우회전진행방해,건조,맑음,교차로 - 교차로안,승용,남,64세,상해없음,이륜,남,18세,중상
2016062300100024,2016년 6월 23일 01시,목요일,전라남도 여수시 둔덕동,중상사고,0,1,0,0,차량단독 - 전도전복,안전운전불이행,습기,흐림,단일로 - 기타,화물,남,44세,중상,,,,
2016062300100058,2016년 6월 23일 05시,목요일,전라남도 여수시 신월동,경상사고,0,0,3,0,차대차 - 측면직각충돌,신호위반,건조,맑음,교차로 - 교차로안,화물,여,69세,상해없음,승용,여,39세,경상
2016062300100069,2016년 6월 23일 06시,목요일,전라남도 여수시 광무동,경상사고,0,0,1,0,차대차 - 정면충돌,신호위반,건조,맑음,교차로 - 교차로안,자전거,남,60세,경상,화물,남,53세,상해없음
2016062300100128,2016년 6월 23일 08시,목요일,전라남도 목포시 대양동,경상사고,0,0,1,0,차대차 - 기타,교차로운행방법위반,건조,맑음,기타 - 기타,승용,남,48세,상해없음,승용,여,36세,상해없음
2016062300100129,2016년 6월 23일 08시,목요일,전라남도 순천시 서면,중상사고,0,1,2,0,차대차 - 추돌,안전거리미확보,건조,맑음,단일로 - 기타,승용,여,25세,중상,화물,남,30세,상해없음
2016062300100130,2016년 6월 23일 08시,목요일,전라남도 나주시 삼영동,경상사고,0,0,4,1,차대차 - 추돌,안전운전불이행,건조,맑음,단일로 - 기타,승용,남,34세,부상신고,승용,남,59세,경상
2016062300100131,2016년 6월 23일 08시,목요일,전라남도 곡성군 오곡면,중상사고,0,2,1,0,차대차 - 정면충돌,중앙선침범,건조,맑음,단일로 - 기타,승용,남,34세,경상,승용,남,76세,중상
2016062300100167,2016년 6월 23일 09시,목요일,전라남도 해남군 황산면,경상사고,0,0,3,0,차량단독 - 도로외이탈 - 추락,안전운전불이행,건조,맑음,단일로 - 기타,농기계,남,75세,경상,,,,
2016062300100193,2016년 6월 23일 10시,목요일,전라남도 목포시 상동,경상사고,0,0,1,0,차대차 - 측면직각충돌,교차로운행방법위반,건조,맑음,교차로 - 교차로안,승용,여,29세,상해없음,승용,여,29세,경상
2016062300100194,2016년 6월 23일 10시,목요일,전라남도 여수시 신기동,경상사고,0,0,3,0,차대차 - 측면직각충돌,교차로운행방법위반,건조,맑음,교차로 - 교차로안,승용,여,47세,기타불명,승용,남,35세,경상
2016062300100240,2016년 6월 23일 12시,목요일,전라남도 목포시 석현동,경상사고,0,0,1,0,차대차 - 기타,안전운전불이행,건조,맑음,단일로 - 기타,승용,남,23세,상해없음,원동기,남,23세,경상
2016062300100241,2016년 6월 23일 12시,목요일,전라남도 영암군 도포면,중상사고,0,1,2,1,차대차 - 추돌,안전운전불이행,건조,맑음,단일로 - 기타,승용,남,39세,경상,승용,여,54세,경상
2016062300100295,2016년 6월 23일 14시,목요일,전라남도 담양군 고서면,중상사고,0,1,2,0,차대차 - 추돌,안전운전불이행,건조,맑음,교차로 - 교차로부근,건설기계,남,61세,상해없음,화물,남,60세,중상
2016062300100329,2016년 6월 23일 15시,목요일,전라남도 여수시 남산동,경상사고,0,0,2,1,차대차 - 추돌,안전운전불이행,건조,맑음,교차로 - 교차로부근,승용,남,51세,상해없음,승용,남,27세,경상
2016062300100330,2016년 6월 23일 15시,목요일,전라남도 순천시 연향동,경상사고,0,0,1,0,차대차 - 측면충돌,안전운전불이행,건조,맑음,단일로 - 기타,자전거,남,13세,경상,자전거,남,51세,상해없음
2016062300100331,2016년 6월 23일 15시,목요일,전라남도 고흥군 점암면,중상사고,0,1,0,0,차대차 - 측면충돌,교차로운행방법위반,건조,맑음,교차로 - 교차로안,원동기,여,66세,중상,승용,여,46세,상해없음
2016062300100361,2016년 6월 23일 16시,목요일,전라남도 해남군 해남읍,중상사고,0,1,0,0,차대사람 - 횡단중,안전운전불이행,건조,맑음,단일로 - 기타,승용,여,53세,상해없음,보행자,남,60세,중상
2016062300100362,2016년 6월 23일 16시,목요일,전라남도 구례군 광의면,경상사고,0,0,1,0,차량단독 - 도로외이탈 - 추락,안전운전불이행,건조,맑음,단일로 - 기타,승용,남,56세,상해없음,,,,
2016062300100401,2016년 6월 23일 17시,목요일,전라남도 여수시 학동,중상사고,0,1,0,0,차대차 - 정면충돌,안전운전불이행,건조,맑음,교차로 - 교차로부근,승용,남,66세,상해없음,원동기,남,53세,중상
2016062300100491,2016년 6월 23일 20시,목요일,전라남도 진도군 지산면,경상사고,0,0,5,0,차대차 - 정면충돌,중앙선침범,건조,맑음,단일로 - 기타,승용,여,77세,상해없음,승용,남,58세,경상
2016062300100520,2016년 6월 23일 21시,목요일,전라남도 여수시 학동,중상사고,0,1,0,0,차대사람 - 횡단중,안전운전불이행,건조,맑음,교차로 - 교차로안,승용,여,43세,상해없음,보행자,여,46세,중상
2016062300100521,2016년 6월 23일 21시,목요일,전라남도 무안군 청계면,중상사고,0,1,1,0,차대사람 - 횡단중,안전운전불이행,습기,비,교차로 - 교차로안,승용,여,31세,상해없음,보행자,남,21세,중상
2016062300100556,2016년 6월 23일 22시,목요일,전라남도 순천시 해룡면,부상신고사고,0,0,0,1,차대차 - 측면직각충돌,기타,건조,맑음,기타 - 기타,승용,여,41세,부상신고,승용,남,58세,상해없음
2016062300100557,2016년 6월 23일 22시,목요일,전라남도 순천시 연향동,중상사고,0,1,0,0,차대차 - 측면충돌,교차로운행방법위반,건조,맑음,교차로 - 교차로안,화물,남,46세,상해없음,자전거,남,45세,중상
2016062300100558,2016년 6월 23일 22시,목요일,전라남도 광양시 마동,중상사고,0,1,0,0,차대사람 - 횡단중,중앙선침범,건조,맑음,교차로 - 교차로부근,승용,남,48세,상해없음,보행자,남,25세,중상
2016062400100090,2016년 6월 24일 06시,금요일,전라남도 순천시 서면,중상사고,0,1,0,0,차대사람 - 횡단중,신호위반,건조,흐림,교차로 - 교차로안,승용,남,67세,상해없음,보행자,여,73세,중상
2016062400100114,2016년 6월 24일 07시,금요일,전라남도 순천시 해룡면,경상사고,0,0,1,0,차대차 - 측면충돌,직진우회전진행방해,습기,비,교차로 - 교차로안,승용,남,49세,상해없음,승합,남,67세,상해없음
2016062400100152,2016년 6월 24일 08시,금요일,전라남도 목포시 용해동,경상사고,0,0,1,0,차대차 - 측면충돌,기타,건조,맑음,단일로 - 기타,승용,남,44세,상해없음,승용,여,39세,경상
2016062400100153,2016년 6월 24일 08시,금요일,전라남도 여수시 주삼동,경상사고,0,0,1,0,차대차 - 정면충돌,안전운전불이행,습기,비,단일로 - 기타,승용,여,50세,상해없음,승용,남,29세,경상
2016062400100154,2016년 6월 24일 08시,금요일,전라남도 나주시 왕곡면,경상사고,0,0,3,0,차대차 - 기타,신호위반,습기,비,교차로 - 교차로안,승용,남,53세,상해없음,승용,남,48세,경상
2016062400100208,2016년 6월 24일 09시,금요일,전라남도 함평군 월야면,부상신고사고,0,0,0,1,차량단독 - 공작물충돌,안전운전불이행,습기,비,단일로 - 기타,화물,남,57세,부상신고,,,,
2016062400100209,2016년 6월 24일 09시,금요일,전라남도 구례군 구례읍,경상사고,0,0,2,0,차대차 - 측면충돌,직진우회전진행방해,습기,비,교차로 - 교차로안,화물,남,56세,상해없음,화물,남,44세,경상
2016062400100234,2016년 6월 24일 10시,금요일,전라남도 나주시 세지면,중상사고,0,1,1,0,차대차 - 측면충돌,직진우회전진행방해,습기,비,교차로 - 교차로안,화물,남,65세,경상,화물,남,47세,중상
2016062400100235,2016년 6월 24일 10시,금요일,전라남도 고흥군 고흥읍,중상사고,0,1,0,0,차대차 - 측면직각충돌,교차로운행방법위반,습기,비,교차로 - 교차로안,승용,남,68세,중상,화물,남,64세,상해없음
2016062400100236,2016년 6월 24일 10시,금요일,전라남도 광양시 마동,경상사고,0,0,2,0,차대차 - 측면충돌,교차로운행방법위반,습기,비,교차로 - 교차로안,승용,여,50세,경상,승용,남,54세,경상
2016062400100267,2016년 6월 24일 11시,금요일,전라남도 순천시 오천동,경상사고,0,0,1,0,차대차 - 정면충돌,교차로운행방법위반,습기,비,교차로 - 교차로안,승용,남,65세,상해없음,이륜,남,55세,경상
2016062400100268,2016년 6월 24일 11시,금요일,전라남도 완도군 청산면,중상사고,0,1,0,0,차대차 - 정면충돌,안전운전불이행,습기,비,교차로 - 교차로안,이륜,남,47세,중상,승용,남,43세,상해없음
2016062400100292,2016년 6월 24일 12시,금요일,전라남도 순천시 장천동,경상사고,0,0,1,0,차대차 - 측면직각충돌,신호위반,습기,비,단일로 - 횡단보도상,승용,여,32세,상해없음,이륜,남,38세,경상
2016062400100293,2016년 6월 24일 12시,금요일,전라남도 나주시 공산면,경상사고,0,0,1,0,차대차 - 측면충돌,안전거리미확보,건조,맑음,단일로 - 기타,승합,남,67세,상해없음,화물,남,55세,경상
2016062400100294,2016년 6월 24일 12시,금요일,전라남도 해남군 해남읍,경상사고,0,0,1,0,차대차 - 정면충돌,교차로운행방법위반,건조,맑음,단일로 - 기타,승용,여,59세,상해없음,원동기,남,32세,경상
2016062400100327,2016년 6월 24일 13시,금요일,전라남도 구례군 광의면,중상사고,0,1,0,0,차량단독 - 전도전복,안전운전불이행,습기,비,단일로 - 기타,화물,남,52세,중상,,,,
2016062400100409,2016년 6월 24일 16시,금요일,전라남도 목포시 용해동,경상사고,0,0,1,0,차대사람 - 횡단중,안전운전불이행,건조,맑음,단일로 - 기타,승용,여,32세,상해없음,보행자,남,26세,경상
2016062400100410,2016년 6월 24일 16시,금요일,전라남도 목포시 연산동,중상사고,0,1,0,0,차대사람 - 횡단중,신호위반,건조,흐림,교차로 - 교차로안,승용,여,33세,상해없음,보행자,여,7세,중상
2016062400100411,2016년 6월 24일 16시,금요일,전라남도 곡성군 목사동면,사망사고,2,0,0,0,차량단독 - 공작물충돌,안전운전불이행,습기,흐림,단일로 - 기타,승용,여,74세,사망,,,,
2016062400100412,2016년 6월 24일 16시,금요일,전라남도 무안군 무안읍,중상사고,0,1,1,0,차대차 - 정면충돌,교차로운행방법위반,건조,맑음,교차로 - 교차로안,화물,남,52세,중상,승용,여,63세,경상
2016062400100458,2016년 6월 24일 17시,금요일,전라남도 해남군 해남읍,중상사고,0,1,0,0,차량단독 - 전도전복,안전운전불이행,건조,맑음,단일로 - 기타,승용,여,50세,상해없음,,,,
2016062400100489,2016년 6월 24일 18시,금요일,전라남도 목포시 상동,중상사고,0,1,0,0,차대사람 - 횡단중,보행자보호의무위반,건조,맑음,단일로 - 기타,이륜,남,30세,상해없음,보행자,여,42세,중상
2016062400100490,2016년 6월 24일 18시,금요일,전라남도 나주시 남평읍,중상사고,0,1,0,0,차대차 - 측면충돌,안전운전불이행,건조,맑음,단일로 - 교량,승합,남,65세,상해없음,자전거,남,72세,중상
2016062400100491,2016년 6월 24일 18시,금요일,전라남도 무안군 무안읍,중상사고,0,3,0,0,차대차 - 측면충돌,안전운전불이행,건조,맑음,단일로 - 기타,승용,남,43세,상해없음,승용,남,37세,중상
2016062400100527,2016년 6월 24일 19시,금요일,전라남도 신안군 증도면,중상사고,0,1,0,0,차대차 - 추돌,안전운전불이행,건조,흐림,단일로 - 기타,화물,남,41세,상해없음,이륜,남,68세,중상
2016062400100528,2016년 6월 24일 19시,금요일,전라남도 여수시 문수동,경상사고,0,0,2,0,차대차 - 추돌,안전운전불이행,건조,맑음,교차로 - 교차로안,승용,남,64세,상해없음,승용,남,49세,경상
2016062500100031,2016년 6월 25일 01시,토요일,전라남도 목포시 산정동,중상사고,0,1,1,0,차대차 - 추돌,안전운전불이행,건조,맑음,교차로 - 교차로부근,승용,남,39세,상해없음,승용,여,34세,경상
2016062500100055,2016년 6월 25일 02시,토요일,전라남도 여수시 율촌면,경상사고,0,0,2,0,차대차 - 정면충돌,안전운전불이행,건조,맑음,단일로 - 기타,기타불명,기타불명,기타불명,기타불명,원동기,남,15세,경상
2016062500100068,2016년 6월 25일 03시,토요일,전라남도 목포시 석현동,중상사고,0,4,1,0,차대차 - 측면충돌,신호위반,건조,흐림,교차로 - 교차로안,승합,남,64세,중상,승용,남,25세,경상
2016062500100083,2016년 6월 25일 04시,토요일,전라남도 순천시 인제동,경상사고,0,0,3,0,차대차 - 측면직각충돌,직진우회전진행방해,건조,맑음,교차로 - 교차로안,승합,남,67세,경상,승용,남,36세,경상
2016062500100097,2016년 6월 25일 05시,토요일,전라남도 목포시 용해동,경상사고,0,0,2,0,차대차 - 추돌,안전운전불이행,건조,흐림,교차로 - 교차로부근,승용,남,21세,상해없음,승용,남,65세,경상
2016062500100098,2016년 6월 25일 05시,토요일,전라남도 여수시 소라면,경상사고,0,0,1,0,차량단독 - 공작물충돌,안전운전불이행,건조,맑음,단일로 - 기타,승용,남,36세,경상,,,,
2016062500100099,2016년 6월 25일 05시,토요일,전라남도 순천시 조례동,경상사고,0,0,1,0,차대사람 - 길가장자리구역통행중,안전운전불이행,건조,맑음,단일로 - 기타,승용,여,31세,상해없음,보행자,남,27세,경상
2016062500100116,2016년 6월 25일 06시,토요일,전라남도 순천시 조례동,경상사고,0,0,1,0,차대차 - 측면충돌,직진우회전진행방해,건조,맑음,교차로 - 교차로안,승용,남,45세,상해없음,승용,남,40세,경상
2016062500100117,2016년 6월 25일 06시,토요일,전라남도 강진군 강진읍,경상사고,0,0,2,0,차대차 - 측면직각충돌,직진우회전진행방해,건조,맑음,교차로 - 교차로안,승용,남,72세,경상,화물,남,66세,경상
2016062500100131,2016년 6월 25일 07시,토요일,전라남도 광양시 광양읍,경상사고,0,0,1,0,차대차 - 측면직각충돌,교차로운행방법위반,건조,맑음,교차로 - 교차로안,화물,남,41세,상해없음,원동기,남,47세,경상
2016062500100152,2016년 6월 25일 08시,토요일,전라남도 여수시 만흥동,중상사고,0,2,2,0,차대사람 - 횡단중,안전운전불이행,건조,맑음,단일로 - 기타,화물,남,55세,상해없음,보행자,여,68세,중상
2016062500100153,2016년 6월 25일 08시,토요일,전라남도 영광군 염산면,중상사고,0,1,0,0,차대차 - 측면직각충돌,직진우회전진행방해,건조,맑음,교차로 - 교차로안,화물,남,56세,상해없음,이륜,남,76세,중상