사고번호,사고일시,요일,시군구,사고내용,사망자수,중상자수,경상자수,부상신고자수,사고유형,법규위반,노면상태,기상상태,도로형태,가해운전자 차종,가해운전자 성별,가해운전자 연령,가해운전자 상해정도,피해운전자 차종,피해운전자 성별,피해운전자 연령,피해운전자 상해정도
2016070900100534,2016년 7월 9일 18시,토요일,전라남도 진도군 고군면,경상사고,0,0,2,0,차대차 - 측면직각충돌,기타,건조,기타,교차로 - 교차로안,승용,남,33세,상해없음,승용,여,28세,경상
2016070900100585,2016년 7월 9일 20시,토요일,전라남도 여수시 학동,경상사고,0,0,1,0,차대차 - 측면직각충돌,교차로운행방법위반,건조,맑음,교차로 - 교차로안,승용,남,63세,상해없음,승용,여,43세,경상
2016070900100586,2016년 7월 9일 20시,토요일,전라남도 영광군 영광읍,경상사고,0,0,1,0,차대차 - 정면충돌,신호위반,건조,흐림,교차로 - 교차로안,승용,남,64세,상해없음,승용,여,57세,경상
2016070900100587,2016년 7월 9일 20시,토요일,전라남도 무안군 삼향읍,중상사고,0,1,2,0,차대차 - 정면충돌,교차로운행방법위반,건조,맑음,교차로 - 교차로안,승용,남,29세,상해없음,화물,남,24세,중상
2016071000100010,2016년 7월 10일 00시,일요일,전라남도 보성군 보성읍,경상사고,0,0,1,0,차대차 - 측면직각충돌,직진우회전진행방해,건조,맑음,교차로 - 교차로안,승용,여,27세,상해없음,승용,남,42세,경상
2016071000100053,2016년 7월 10일 02시,일요일,전라남도 고흥군 도양읍,경상사고,0,0,1,0,차량단독 - 전도전복,안전운전불이행,건조,맑음,교차로 - 교차로안,승용,남,44세,경상,,,,
2016071000100087,2016년 7월 10일 05시,일요일,전라남도 함평군 학교면,중상사고,0,1,1,0,차대차 - 측면충돌,안전운전불이행,건조,맑음,교차로 - 교차로안,승용,여,44세,경상,승용,남,42세,중상
2016071000100096,2016년 7월 10일 06시,일요일,전라남도 진도군 진도읍,경상사고,0,0,3,0,차대차 - 측면직각충돌,안전운전불이행,건조,맑음,교차로 - 교차로안,화물,남,64세,상해없음,승용,남,18세,경상
2016071000100105,2016년 7월 10일 07시,일요일,전라남도 나주시 성북동,중상사고,0,1,0,0,차대차 - 정면충돌,신호위반,건조,맑음,교차로 - 교차로안,승합,남,42세,상해없음,승용,여,58세,중상
2016071000100106,2016년 7월 10일 07시,일요일,전라남도 해남군 해남읍,경상사고,0,0,1,0,차대차 - 정면충돌,중앙선침범,건조,맑음,단일로 - 기타,승용,남,49세,상해없음,승용,남,51세,경상
2016071000100191,2016년 7월 10일 11시,일요일,전라남도 해남군 현산면,중상사고,0,1,1,2,차대차 - 정면충돌,안전운전불이행,건조,맑음,단일로 - 기타,화물,남,57세,상해없음,승용,남,52세,부상신고
2016071000100219,2016년 7월 10일 12시,일요일,전라남도 고흥군 포두면,중상사고,0,1,0,0,차량단독 - 전도전복,안전운전불이행,건조,맑음,단일로 - 기타,이륜,남,75세,중상,,,,
2016071000100220,2016년 7월 10일 12시,일요일,전라남도 영암군 삼호읍,사망사고,1,0,0,0,차량단독 - 공작물충돌,안전운전불이행,건조,맑음,단일로 - 기타,이륜,남,32세,사망,,,,
2016071000100221,2016년 7월 10일 12시,일요일,전라남도 곡성군 곡성읍,중상사고,0,2,1,0,차대차 - 측면충돌,안전운전불이행,건조,맑음,단일로 - 기타,승합,여,38세,상해없음,승용,남,68세,중상
2016071000100259,2016년 7월 10일 13시,일요일,전라남도 순천시 연향동,중상사고,0,1,4,0,차대차 - 측면충돌,직진우회전진행방해,건조,맑음,교차로 - 교차로안,승용,여,55세,경상,승용,남,21세,상해없음
2016071000100320,2016년 7월 10일 15시,일요일,전라남도 목포시 상동,경상사고,0,0,2,0,차대사람 - 횡단중,보행자보호의무위반,건조,맑음,교차로 - 교차로안,승용,남,64세,상해없음,보행자,남,22세,경상
2016071000100321,2016년 7월 10일 15시,일요일,전라남도 순천시 연향동,경상사고,0,0,1,0,차대차 - 추돌,안전운전불이행,건조,맑음,단일로 - 기타,승용,남,61세,상해없음,자전거,남,52세,경상
2016071000100368,2016년 7월 10일 17시,일요일,전라남도 순천시 조례동,중상사고,0,1,0,0,차대사람 - 횡단중,안전운전불이행,건조,맑음,단일로 - 기타,승용,여,45세,상해없음,보행자,남,18세,중상
2016071000100403,2016년 7월 10일 18시,일요일,전라남도 여수시 학동,경상사고,0,0,1,0,차대차 - 기타,안전운전불이행,건조,맑음,단일로 - 기타,화물,남,55세,상해없음,승용,여,30세,경상
2016071000100404,2016년 7월 10일 18시,일요일,전라남도 광양시 광양읍,경상사고,0,0,1,0,차대차 - 추돌,중앙선침범,건조,맑음,단일로 - 기타,자전거,여,10세,경상,승용,남,49세,상해없음
2016071000100433,2016년 7월 10일 19시,일요일,전라남도 순천시 조례동,중상사고,0,1,0,0,차대차 - 기타,안전운전불이행,건조,맑음,교차로 - 교차로부근,이륜,남,16세,중상,승용,여,36세,상해없음
2016071100100020,2016년 7월 11일 01시,월요일,전라남도 광양시 옥곡면,중상사고,0,1,0,0,차대사람 - 횡단중,안전운전불이행,건조,맑음,단일로 - 기타,승용,남,35세,상해없음,보행자,여,64세,중상
2016071100100029,2016년 7월 11일 02시,월요일,전라남도 여수시 고소동,사망사고,1,0,0,0,차대사람 - 횡단중,안전운전불이행,건조,맑음,단일로 - 기타,승용,남,30세,상해없음,보행자,남,52세,사망
2016071100100059,2016년 7월 11일 06시,월요일,전라남도 고흥군 과역면,중상사고,0,1,0,0,차량단독 - 전도전복,안전운전불이행,건조,맑음,단일로 - 기타,승용,남,64세,중상,,,,
2016071100100060,2016년 7월 11일 06시,월요일,전라남도 영암군 삼호읍,중상사고,0,1,1,0,차대차 - 측면직각충돌,신호위반,건조,맑음,교차로 - 교차로안,화물,남,45세,상해없음,건설기계,남,55세,경상
2016071100100061,2016년 7월 11일 06시,월요일,전라남도 광양시 광양읍,경상사고,0,0,1,0,차대차 - 측면충돌,안전운전불이행,습기,흐림,교차로 - 교차로부근,승용,남,22세,상해없음,승용,남,49세,기타불명
2016071100100081,2016년 7월 11일 07시,월요일,전라남도 무안군 해제면,중상사고,0,1,1,0,차대차 - 측면충돌,교차로운행방법위반,건조,맑음,교차로 - 교차로안,화물,남,65세,경상,화물,남,49세,중상
2016071100100110,2016년 7월 11일 08시,월요일,전라남도 목포시 상동,경상사고,0,0,1,0,차대차 - 추돌,안전운전불이행,건조,맑음,기타 - 기타,승용,남,60세,상해없음,승용,남,29세,상해없음
2016071100100111,2016년 7월 11일 08시,월요일,전라남도 장흥군 장흥읍,중상사고,0,1,0,0,차대차 - 측면직각충돌,안전운전불이행,건조,맑음,교차로 - 교차로안,승용,여,45세,상해없음,원동기,남,76세,중상
2016071100100112,2016년 7월 11일 08시,월요일,전라남도 보성군 벌교읍,경상사고,0,0,1,0,차대사람 - 보도통행중,안전운전불이행,건조,흐림,교차로 - 교차로부근,농기계,남,67세,상해없음,보행자,여,65세,경상
2016071100100113,2016년 7월 11일 08시,월요일,전라남도 화순군 화순읍,경상사고,0,0,7,0,차대차 - 추돌,안전거리미확보,건조,맑음,단일로 - 기타,승용,남,28세,경상,승용,남,61세,경상
2016071100100114,2016년 7월 11일 08시,월요일,전라남도 강진군 성전면,중상사고,0,1,0,0,차대차 - 기타,안전운전불이행,건조,맑음,단일로 - 기타,승용,여,51세,상해없음,원동기,남,90세 이상,중상
2016071100100154,2016년 7월 11일 09시,월요일,전라남도 순천시 조례동,중상사고,0,1,0,0,차대사람 - 기타,안전운전불이행,건조,흐림,단일로 - 기타,승용,여,18세,상해없음,보행자,남,45세,중상
2016071100100155,2016년 7월 11일 09시,월요일,전라남도 영암군 군서면,사망사고,1,1,0,0,차대차 - 추돌,안전운전불이행,건조,맑음,단일로 - 기타,승용,여,47세,상해없음,이륜,남,74세,중상
2016071100100156,2016년 7월 11일 09시,월요일,전라남도 광양시 중동,경상사고,0,0,3,0,차대차 - 기타,교차로운행방법위반,건조,맑음,교차로 - 교차로안,승용,여,54세,경상,승용,여,47세,경상
2016071100100184,2016년 7월 11일 10시,월요일,전라남도 영암군 삼호읍,중상사고,0,1,2,0,차대차 - 측면직각충돌,안전운전불이행,건조,맑음,교차로 - 교차로안,화물,남,71세,경상,승용,남,52세,중상
2016071100100211,2016년 7월 11일 11시,월요일,전라남도 순천시 장천동,중상사고,0,1,0,0,차대차 - 측면충돌,신호위반,건조,맑음,교차로 - 교차로안,승합,남,66세,상해없음,원동기,남,55세,중상
2016071100100237,2016년 7월 11일 12시,월요일,전라남도 신안군 압해읍,경상사고,0,0,2,0,차대차 - 추돌,안전운전불이행,건조,맑음,기타 - 기타,승용,여,46세,상해없음,화물,남,68세,경상
2016071100100238,2016년 7월 11일 12시,월요일,전라남도 함평군 함평읍,사망사고,1,0,0,0,차대사람 - 횡단중,신호위반,건조,맑음,교차로 - 교차로부근,화물,남,36세,상해없음,보행자,여,80세,사망
2016071100100272,2016년 7월 11일 13시,월요일,전라남도 순천시 중앙동,중상사고,0,1,0,0,차대사람 - 차도통행중,안전운전불이행,습기,비,단일로 - 기타,승용,남,37세,상해없음,보행자,여,59세,중상
2016071100100273,2016년 7월 11일 13시,월요일,전라남도 영광군 영광읍,중상사고,0,1,0,0,차대차 - 추돌,안전거리미확보,건조,맑음,단일로 - 기타,승용,남,54세,상해없음,원동기,남,65세,중상
2016071100100343,2016년 7월 11일 15시,월요일,전라남도 강진군 강진읍,경상사고,0,0,1,0,차대차 - 측면직각충돌,안전운전불이행,건조,맑음,교차로 - 교차로안,승용,남,44세,상해없음,자전거,남,48세,경상
2016071100100344,2016년 7월 11일 15시,월요일,전라남도 무안군 삼향읍,경상사고,0,0,3,0,차대차 - 측면충돌,교차로운행방법위반,건조,맑음,교차로 - 교차로안,승용,여,38세,상해없음,승합,여,37세,경상
2016071100100388,2016년 7월 11일 16시,월요일,전라남도 여수시 종화동,경상사고,0,0,5,0,차대차 - 측면직각충돌,안전운전불이행,건조,맑음,단일로 - 기타,승용,남,59세,상해없음,승용,남,61세,경상
2016071100100389,2016년 7월 11일 16시,월요일,전라남도 여수시 신기동,경상사고,0,0,2,0,차대차 - 측면직각충돌,안전운전불이행,건조,맑음,교차로 - 교차로부근,승용,남,59세,상해없음,승용,남,61세,경상
2016071100100435,2016년 7월 11일 17시,월요일,전라남도 여수시 여서동,경상사고,0,0,4,0,차대차 - 측면직각충돌,안전운전불이행,건조,맑음,교차로 - 교차로안,승용,여,30세,경상,승용,남,76세,경상
2016071100100473,2016년 7월 11일 18시,월요일,전라남도 여수시 문수동,경상사고,0,0,1,0,차대차 - 정면충돌,안전운전불이행,건조,맑음,단일로 - 기타,승용,남,47세,상해없음,이륜,남,24세,경상
2016071100100474,2016년 7월 11일 18시,월요일,전라남도 장흥군 부산면,경상사고,0,0,1,0,차대차 - 추돌,안전운전불이행,건조,맑음,교차로 - 교차로부근,화물,여,46세,상해없음,승용,남,43세,경상
2016071100100546,2016년 7월 11일 20시,월요일,전라남도 강진군 병영면,경상사고,0,0,1,0,차대사람 - 길가장자리구역통행중,안전운전불이행,건조,맑음,단일로 - 기타,승합,남,58세,상해없음,보행자,남,14세,경상
2016071100100572,2016년 7월 11일 21시,월요일,전라남도 목포시 용해동,경상사고,0,0,1,0,차대차 - 측면충돌,안전운전불이행,건조,맑음,단일로 - 기타,기타불명,기타불명,기타불명,기타불명,승용,남,47세,경상
2016071200100010,2016년 7월 12일 00시,화요일,전라남도 순천시 용당동,부상신고사고,0,0,0,1,차량단독 - 공작물충돌,안전운전불이행,건조,맑음,단일로 - 기타,승용,여,49세,부상신고,,,,
2016071200100036,2016년 7월 12일 02시,화요일,전라남도 순천시 조례동,경상사고,0,0,2,0,차대차 - 측면충돌,중앙선침범,건조,맑음,단일로 - 기타,승용,남,50세,상해없음,승용,남,42세,경상
2016071200100083,2016년 7월 12일 06시,화요일,전라남도 순천시 해룡면,경상사고,0,0,4,0,차대차 - 측면충돌,안전운전불이행,습기,비,단일로 - 기타,화물,남,51세,상해없음,승용,여,50세,경상
2016071200100102,2016년 7월 12일 07시,화요일,전라남도 담양군 금성면,경상사고,0,0,3,0,차대차 - 추돌,안전운전불이행,습기,비,단일로 - 기타,화물,남,41세,상해없음,승용,남,43세,상해없음
2016071200100141,2016년 7월 12일 08시,화요일,전라남도 목포시 옥암동,중상사고,0,1,0,0,차대차 - 측면충돌,신호위반,습기,비,교차로 - 교차로안,화물,여,47세,상해없음,승용,여,44세,중상
2016071200100142,2016년 7월 12일 08시,화요일,전라남도 순천시 해룡면,부상신고사고,0,0,0,1,차량단독 - 전도전복,안전운전불이행,습기,비,교차로 - 교차로부근,승용,남,45세,부상신고,,,,
2016071200100169,2016년 7월 12일 09시,화요일,전라남도 순천시 동외동,경상사고,0,0,1,0,차대차 - 측면직각충돌,직진우회전진행방해,습기,비,교차로 - 교차로안,승용,남,62세,상해없음,승용,남,36세,경상
2016071200100190,2016년 7월 12일 10시,화요일,전라남도 영광군 백수읍,부상신고사고,0,0,0,1,차대차 - 측면직각충돌,교차로운행방법위반,건조,맑음,교차로 - 교차로안,승용,남,64세,상해없음,승용,남,60세,부상신고
2016071200100221,2016년 7월 12일 11시,화요일,전라남도 목포시 용해동,경상사고,0,0,1,0,차대차 - 측면직각충돌,신호위반,습기,비,교차로 - 교차로안,승용,남,20세,상해없음,승용,여,45세,경상
2016071200100222,2016년 7월 12일 11시,화요일,전라남도 목포시 상동,경상사고,0,0,1,0,차대차 - 추돌,안전운전불이행,습기,흐림,단일로 - 기타,승용,남,73세,상해없음,승용,여,34세,경상
2016071200100292,2016년 7월 12일 14시,화요일,전라남도 목포시 용해동,사망사고,1,0,0,0,차대사람 - 횡단중,안전운전불이행,습기,비,교차로 - 교차로부근,화물,남,38세,상해없음,보행자,남,63세,사망
2016071200100293,2016년 7월 12일 14시,화요일,전라남도 해남군 현산면,경상사고,0,0,1,0,차량단독 - 공작물충돌,안전운전불이행,습기,비,단일로 - 기타,승용,남,29세,경상,,,,
2016071200100330,2016년 7월 12일 15시,화요일,전라남도 목포시 용당동,경상사고,0,0,4,0,차대차 - 측면직각충돌,직진우회전진행방해,습기,비,교차로 - 교차로안,승용,남,60세,상해없음,승용,남,31세,경상
2016071200100331,2016년 7월 12일 15시,화요일,전라남도 장성군 장성읍,경상사고,0,0,1,0,차대차 - 기타,안전운전불이행,습기,비,단일로 - 기타,승용,남,50세,기타불명,승용,남,28세,경상
2016071200100332,2016년 7월 12일 15시,화요일,전라남도 담양군 담양읍,중상사고,0,1,0,0,차대차 - 측면충돌,안전운전불이행,습기,비,교차로 - 교차로부근,승용,남,59세,상해없음,자전거,여,61세,중상
2016071200100366,2016년 7월 12일 16시,화요일,전라남도 순천시 장천동,경상사고,0,0,1,0,차대사람 - 횡단중,안전운전불이행,건조,맑음,교차로 - 교차로부근,승용,남,59세,상해없음,보행자,여,90세 이상,경상
2016071200100367,2016년 7월 12일 16시,화요일,전라남도 해남군 해남읍,중상사고,0,1,0,0,차대차 - 측면직각충돌,안전운전불이행,건조,맑음,교차로 - 교차로부근,승용,여,39세,상해없음,자전거,여,58세,중상
2016071200100450,2016년 7월 12일 18시,화요일,전라남도 순천시 서면,경상사고,0,0,1,0,차대차 - 추돌,안전운전불이행,건조,맑음,교차로 - 교차로안,승용,남,47세,상해없음,승용,여,31세,경상
2016071200100486,2016년 7월 12일 19시,화요일,전라남도 신안군 팔금면,중상사고,0,1,3,0,차대차 - 측면충돌,직진우회전진행방해,건조,맑음,교차로 - 교차로안,농기계,남,75세,중상,화물,남,64세,경상
2016071200100512,2016년 7월 12일 20시,화요일,전라남도 순천시 인제동,경상사고,0,0,1,0,차대사람 - 횡단중,보행자보호의무위반,습기,비,교차로 - 교차로부근,승용,남,59세,상해없음,보행자,여,16세,경상
2016071200100513,2016년 7월 12일 20시,화요일,전라남도 광양시 광양읍,부상신고사고,0,0,0,2,차대차 - 측면충돌,교차로운행방법위반,습기,비,교차로 - 교차로안,화물,남,72세,상해없음,승용,남,48세,상해없음
2016071200100538,2016년 7월 12일 21시,화요일,전라남도 고흥군 도양읍,중상사고,0,1,1,0,차대차 - 추돌,안전운전불이행,습기,비,단일로 - 기타,승용,여,64세,상해없음,승용,여,29세,경상
2016071200100539,2016년 7월 12일 21시,화요일,전라남도 광양시 광양읍,경상사고,0,0,3,0,차대차 - 측면충돌,신호위반,습기,비,교차로 - 교차로안,승용,남,48세,상해없음,승용,남,63세,경상
2016071200100558,2016년 7월 12일 22시,화요일,전라남도 여수시 안산동,중상사고,0,1,0,0,차대차 - 측면직각충돌,안전운전불이행,건조,흐림,단일로 - 기타,승용,남,56세,상해없음,원동기,남,52세,중상
2016071200100588,2016년 7월 12일 23시,화요일,전라남도 광양시 중동,경상사고,0,0,2,0,차대사람 - 횡단중,안전운전불이행,습기,흐림,교차로 - 교차로부근,승용,남,53세,기타불명,보행자,남,31세,경상
2016071300100065,2016년 7월 13일 05시,수요일,전라남도 목포시 산정동,경상사고,0,0,1,0,차대차 - 측면충돌,안전운전불이행,건조,맑음,교차로 - 교차로안,이륜,남,45세,경상,승용,남,33세,상해없음
2016071300100136,2016년 7월 13일 08시,수요일,전라남도 여수시 선원동,경상사고,0,0,1,0,차량단독 - 전도전복,안전운전불이행,건조,맑음,단일로 - 기타,화물,남,46세,경상,,,,
2016071300100137,2016년 7월 13일 08시,수요일,전라남도 순천시 풍덕동,사망사고,1,0,0,0,차대사람 - 횡단중,보행자보호의무위반,건조,맑음,교차로 - 교차로안,화물,남,48세,상해없음,보행자,여,76세,사망
2016071300100138,2016년 7월 13일 08시,수요일,전라남도 고흥군 포두면,사망사고,1,0,0,0,차대사람 - 횡단중,안전운전불이행,건조,맑음,단일로 - 기타,화물,남,36세,상해없음,보행자,여,79세,사망
2016071300100139,2016년 7월 13일 08시,수요일,전라남도 곡성군 옥과면,중상사고,0,1,0,0,차대차 - 측면직각충돌,안전운전불이행,건조,맑음,단일로 - 기타,화물,남,52세,상해없음,농기계,남,75세,중상
2016071300100184,2016년 7월 13일 09시,수요일,전라남도 고흥군 금산면,중상사고,0,1,0,0,차대차 - 측면직각충돌,중앙선침범,건조,맑음,단일로 - 기타,화물,남,72세,상해없음,화물,남,64세,상해없음
2016071300100185,2016년 7월 13일 09시,수요일,전라남도 무안군 해제면,중상사고,0,1,1,0,차대차 - 추돌,안전운전불이행,건조,맑음,단일로 - 기타,이륜,여,65세,중상,농기계,남,78세,경상
2016071300100186,2016년 7월 13일 09시,수요일,전라남도 광양시 중동,경상사고,0,0,1,0,차대차 - 측면충돌,중앙선침범,건조,맑음,단일로 - 기타,승용,여,53세,상해없음,원동기,남,22세,경상
2016071300100214,2016년 7월 13일 10시,수요일,전라남도 장흥군 회진면,경상사고,0,0,1,0,차대사람 - 기타,중앙선침범,건조,맑음,단일로 - 기타,화물,남,68세,상해없음,보행자,여,70세,경상
2016071300100248,2016년 7월 13일 11시,수요일,전라남도 나주시 남평읍,중상사고,0,1,0,0,차대차 - 측면충돌,직진우회전진행방해,건조,맑음,교차로 - 교차로안,승용,남,31세,상해없음,화물,남,68세,중상
2016071300100249,2016년 7월 13일 11시,수요일,전라남도 무안군 청계면,중상사고,0,1,2,0,차대차 - 측면충돌,교차로운행방법위반,건조,맑음,교차로 - 교차로안,화물,여,67세,중상,승용,남,50세,경상
2016071300100286,2016년 7월 13일 12시,수요일,전라남도 광양시 중동,경상사고,0,0,1,0,차대차 - 측면충돌,신호위반,건조,맑음,교차로 - 교차로안,승용,남,43세,상해없음,승용,여,33세,경상
2016071300100319,2016년 7월 13일 13시,수요일,전라남도 목포시 용해동,경상사고,0,0,2,0,차대사람 - 횡단중,신호위반,건조,맑음,단일로 - 횡단보도상,승용,여,43세,기타불명,보행자,여,8세,경상
2016071300100355,2016년 7월 13일 14시,수요일,전라남도 화순군 도곡면,중상사고,0,1,2,0,차대차 - 측면충돌,직진우회전진행방해,건조,맑음,교차로 - 교차로안,승용,남,28세,경상,승합,남,64세,경상
2016071300100356,2016년 7월 13일 14시,수요일,전라남도 장성군 남면,경상사고,0,0,1,0,차대차 - 정면충돌,안전거리미확보,건조,맑음,단일로 - 기타,승용,남,24세,상해없음,승용,남,47세,상해없음
2016071300100418,2016년 7월 13일 16시,수요일,전라남도 영암군 삼호읍,중상사고,0,1,4,1,차대차 - 측면직각충돌,안전운전불이행,건조,맑음,교차로 - 교차로안,승용,남,33세,중상,승용,남,69세,경상
2016071300100419,2016년 7월 13일 16시,수요일,전라남도 영암군 삼호읍,중상사고,0,1,1,0,차대차 - 측면직각충돌,안전운전불이행,건조,맑음,교차로 - 교차로안,승합,여,56세,경상,화물,남,40세,상해없음
2016071300100420,2016년 7월 13일 16시,수요일,전라남도 순천시 별량면,중상사고,0,1,0,0,차대사람 - 기타,안전운전불이행,건조,맑음,단일로 - 기타,화물,남,49세,상해없음,보행자,남,90세 이상,중상
2016071300100472,2016년 7월 13일 17시,수요일,전라남도 순천시 연향동,경상사고,0,0,1,0,차량단독 - 전도전복,안전운전불이행,건조,맑음,단일로 - 기타,이륜,남,54세,경상,,,,
2016071300100473,2016년 7월 13일 17시,수요일,전라남도 광양시 진월면,중상사고,0,1,0,0,차대차 - 측면직각충돌,중앙선침범,건조,맑음,단일로 - 기타,원동기,남,44세,중상,승용,남,46세,상해없음
2016071300100514,2016년 7월 13일 18시,수요일,전라남도 나주시 남평읍,경상사고,0,0,1,0,차대차 - 측면충돌,안전운전불이행,건조,맑음,단일로 - 기타,승용,남,67세,상해없음,승용,남,30세,경상
2016071300100694,2016년 7월 13일 23시,수요일,전라남도 광양시 중동,경상사고,0,0,3,0,차대차 - 추돌,안전운전불이행,건조,맑음,교차로 - 교차로부근,승용,여,20세,상해없음,승용,남,51세,경상
2016071400100091,2016년 7월 14일 07시,목요일,전라남도 영광군 영광읍,경상사고,0,0,1,0,차대차 - 추돌,안전운전불이행,건조,맑음,단일로 - 기타,승용,남,25세,상해없음,승용,남,75세,경상
2016071400100129,2016년 7월 14일 08시,목요일,전라남도 목포시 용당동,경상사고,0,0,1,0,차대차 - 정면충돌,안전운전불이행,건조,맑음,단일로 - 기타,승용,여,58세,경상,화물,남,42세,상해없음
2016071400100130,2016년 7월 14일 08시,목요일,전라남도 고흥군 동강면,경상사고,0,0,1,0,차대차 - 측면충돌,교차로운행방법위반,건조,맑음,교차로 - 교차로안,화물,남,52세,상해없음,승용,남,64세,상해없음
2016071400100165,2016년 7월 14일 09시,목요일,전라남도 영광군 염산면,중상사고,0,1,1,0,차대차 - 정면충돌,중앙선침범,건조,맑음,교차로 - 교차로안,이륜,남,73세,중상,이륜,남,76세,경상
2016071400100205,2016년 7월 14일 10시,목요일,전라남도 목포시 상동,중상사고,0,1,0,0,차대사람 - 횡단중,안전운전불이행,건조,맑음,단일로 - 기타,승용,남,51세,상해없음,보행자,여,73세,중상
2016071400100239,2016년 7월 14일 11시,목요일,전라남도 무안군 청계면,경상사고,0,0,3,0,차대차 - 추돌,안전거리미확보,건조,맑음,교차로 - 교차로부근,화물,남,74세,상해없음,승용,여,49세,경상
2016071400100269,2016년 7월 14일 12시,목요일,전라남도 목포시 산정동,경상사고,0,0,1,0,차대차 - 측면충돌,교차로운행방법위반,건조,맑음,교차로 - 교차로안,화물,남,47세,상해없음,승용,여,71세,경상
2016071400100301,2016년 7월 14일 13시,목요일,전라남도 광양시 옥곡면,경상사고,0,0,1,0,차대차 - 측면충돌,신호위반,건조,맑음,교차로 - 교차로안,승용,남,60세,상해없음,승용,남,50세,경상
2016071400100350,2016년 7월 14일 15시,목요일,전라남도 목포시 상동,경상사고,0,0,1,0,차대차 - 측면충돌,교차로운행방법위반,건조,맑음,교차로 - 교차로안,승용,여,32세,상해없음,승용,남,29세,상해없음
2016071400100351,2016년 7월 14일 15시,목요일,전라남도 해남군 화원면,중상사고,0,1,3,0,차대차 - 기타,안전거리미확보,건조,맑음,단일로 - 기타,원동기,남,67세,경상,승용,남,28세,중상
2016071400100437,2016년 7월 14일 17시,목요일,전라남도 장흥군 장흥읍,경상사고,0,0,2,0,차대차 - 측면충돌,직진우회전진행방해,건조,맑음,교차로 - 교차로안,화물,남,69세,상해없음,승용,남,67세,경상
2016071400100484,2016년 7월 14일 18시,목요일,전라남도 목포시 산정동,중상사고,0,1,0,0,차대차 - 측면충돌,신호위반,건조,맑음,교차로 - 교차로안,이륜,남,75세,중상,특수,남,33세,상해없음
2016071400100485,2016년 7월 14일 18시,목요일,전라남도 영암군 삼호읍,중상사고,0,1,2,0,차대차 - 측면직각충돌,안전운전불이행,건조,맑음,교차로 - 교차로안,승용,남,25세,경상,승용,남,40세,경상
2016071400100519,2016년 7월 14일 19시,목요일,전라남도 목포시 산정동,경상사고,0,0,1,0,차대차 - 측면충돌,안전운전불이행,건조,맑음,교차로 - 교차로안,자전거,남,13세,경상,승용,남,37세,상해없음
2016071400100520,2016년 7월 14일 19시,목요일,전라남도 순천시 조례동,경상사고,0,0,4,0,차대차 - 정면충돌,안전운전불이행,건조,맑음,교차로 - 교차로안,승용,남,23세,상해없음,승용,여,34세,경상
2016071400100521,2016년 7월 14일 19시,목요일,전라남도 강진군 마량면,경상사고,0,0,2,0,차대차 - 측면직각충돌,직진우회전진행방해,건조,맑음,교차로 - 교차로안,승용,여,30세,상해없음,승용,남,25세,기타불명
2016071400100522,2016년 7월 14일 19시,목요일,전라남도 진도군 진도읍,경상사고,0,0,1,0,차대차 - 기타,안전운전불이행,건조,맑음,교차로 - 교차로안,이륜,남,16세,경상,승용,여,58세,상해없음
2016071400100549,2016년 7월 14일 20시,목요일,전라남도 순천시 조례동,경상사고,0,0,2,0,차대차 - 측면직각충돌,직진우회전진행방해,건조,맑음,교차로 - 교차로안,승용,여,43세,경상,승용,여,28세,경상
2016071400100550,2016년 7월 14일 20시,목요일,전라남도 나주시 송월동,경상사고,0,0,1,0,차대차 - 추돌,안전운전불이행,건조,흐림,단일로 - 기타,화물,여,61세,상해없음,승용,남,34세,경상
2016071400100628,2016년 7월 14일 23시,목요일,전라남도 목포시 용해동,중상사고,0,1,3,0,차대차 - 측면충돌,과속,건조,맑음,교차로 - 교차로안,승용,여,48세,중상,승합,남,20세,상해없음
2016071500100011,2016년 7월 15일 00시,금요일,전라남도 순천시 해룡면,경상사고,0,0,1,0,차량단독 - 공작물충돌,안전운전불이행,건조,맑음,교차로 - 교차로부근,승용,남,24세,경상,,,,
2016071500100029,2016년 7월 15일 02시,금요일,전라남도 순천시 해룡면,경상사고,0,0,1,0,차대사람 - 길가장자리구역통행중,안전운전불이행,건조,맑음,단일로 - 기타,기타불명,기타불명,기타불명,기타불명,보행자,여,23세,경상
2016071500100043,2016년 7월 15일 04시,금요일,전라남도 해남군 해남읍,경상사고,0,0,1,0,차대사람 - 기타,안전운전불이행,건조,맑음,교차로 - 교차로안,승용,여,47세,상해없음,보행자,남,64세,경상
2016071500100044,2016년 7월 15일 04시,금요일,전라남도 무안군 무안읍,중상사고,0,1,0,0,차대사람 - 횡단중,안전운전불이행,건조,맑음,교차로 - 교차로부근,승용,여,45세,상해없음,보행자,남,73세,중상
2016071500100087,2016년 7월 15일 07시,금요일,전라남도 장성군 삼계면,부상신고사고,0,0,0,1,차대차 - 측면직각충돌,안전운전불이행,건조,맑음,단일로 - 기타,승용,여,47세,상해없음,이륜,남,69세,부상신고
2016071500100121,2016년 7월 15일 08시,금요일,전라남도 신안군 도초면,사망사고,1,0,0,0,차대차 - 측면충돌,교차로운행방법위반,건조,맑음,단일로 - 기타,승합,남,48세,상해없음,이륜,남,85세,사망