사고번호,사고일시,요일,시군구,사고내용,사망자수,중상자수,경상자수,부상신고자수,사고유형,법규위반,노면상태,기상상태,도로형태,가해운전자 차종,가해운전자 성별,가해운전자 연령,가해운전자 상해정도,피해운전자 차종,피해운전자 성별,피해운전자 연령,피해운전자 상해정도
2016072000100123,2016년 7월 20일 08시,수요일,전라남도 목포시 상동,경상사고,0,0,1,0,차대차 - 기타,안전운전불이행,건조,맑음,단일로 - 기타,승용,남,43세,상해없음,승용,남,43세,경상
2016072000100124,2016년 7월 20일 08시,수요일,전라남도 순천시 조례동,경상사고,0,0,1,0,차대차 - 정면충돌,안전운전불이행,건조,맑음,교차로 - 교차로부근,승용,남,59세,상해없음,승용,여,39세,경상
2016072000100125,2016년 7월 20일 08시,수요일,전라남도 나주시 이창동,경상사고,0,0,1,0,차대차 - 정면충돌,안전운전불이행,건조,맑음,교차로 - 교차로안,승용,기타불명,기타불명,기타불명,승용,여,56세,경상
2016072000100126,2016년 7월 20일 08시,수요일,전라남도 강진군 강진읍,중상사고,0,1,0,0,차량단독 - 전도전복,안전운전불이행,건조,맑음,교차로 - 교차로안,농기계,남,83세,중상,,,,
2016072000100127,2016년 7월 20일 08시,수요일,전라남도 무안군 삼향읍,중상사고,0,1,1,0,차대차 - 측면직각충돌,안전운전불이행,건조,맑음,교차로 - 교차로안,승용,여,46세,경상,승용,남,27세,중상
2016072000100247,2016년 7월 20일 12시,수요일,전라남도 여수시 신월동,경상사고,0,0,4,0,차대차 - 정면충돌,안전운전불이행,건조,맑음,단일로 - 기타,승용,여,31세,상해없음,승용,남,50세,경상
2016072000100248,2016년 7월 20일 12시,수요일,전라남도 광양시 마동,경상사고,0,0,1,0,차대차 - 측면충돌,교차로운행방법위반,건조,맑음,교차로 - 교차로안,승용,남,38세,상해없음,승용,남,34세,경상
2016072000100285,2016년 7월 20일 13시,수요일,전라남도 해남군 해남읍,경상사고,0,0,1,0,차대차 - 측면직각충돌,직진우회전진행방해,건조,맑음,교차로 - 교차로안,승용,남,69세,상해없음,자전거,남,73세,경상
2016072000100286,2016년 7월 20일 13시,수요일,전라남도 광양시 중동,경상사고,0,0,3,0,차대차 - 측면직각충돌,교차로운행방법위반,건조,맑음,교차로 - 교차로안,승용,남,31세,경상,승용,남,61세,경상
2016072000100318,2016년 7월 20일 14시,수요일,전라남도 순천시 조례동,경상사고,0,0,1,0,차대사람 - 보도통행중,안전운전불이행,건조,맑음,교차로 - 교차로부근,기타불명,기타불명,기타불명,기타불명,보행자,여,48세,경상
2016072000100319,2016년 7월 20일 14시,수요일,전라남도 해남군 해남읍,중상사고,0,1,0,0,차대차 - 정면충돌,안전운전불이행,건조,맑음,단일로 - 기타,승용,남,50세,상해없음,이륜,여,31세,중상
2016072000100320,2016년 7월 20일 14시,수요일,전라남도 곡성군 입면,경상사고,0,0,2,0,차대차 - 측면충돌,직진우회전진행방해,건조,맑음,교차로 - 교차로안,승용,남,43세,경상,화물,여,57세,경상
2016072000100356,2016년 7월 20일 15시,수요일,전라남도 나주시 중앙동,경상사고,0,0,1,0,차대사람 - 차도통행중,안전운전불이행,건조,맑음,교차로 - 교차로부근,승용,남,31세,상해없음,보행자,여,72세,경상
2016072000100396,2016년 7월 20일 16시,수요일,전라남도 순천시 서면,경상사고,0,0,2,0,차대차 - 측면충돌,차로위반,건조,맑음,단일로 - 기타,특수,남,28세,상해없음,승용,남,33세,경상
2016072000100397,2016년 7월 20일 16시,수요일,전라남도 장흥군 장흥읍,경상사고,0,0,1,0,차대사람 - 길가장자리구역통행중,안전운전불이행,건조,맑음,교차로 - 교차로부근,승용,남,40세,상해없음,보행자,여,8세,경상
2016072000100398,2016년 7월 20일 16시,수요일,전라남도 장흥군 장흥읍,경상사고,0,0,2,0,차대차 - 추돌,안전운전불이행,건조,맑음,교차로 - 교차로부근,원동기,남,74세,경상,승용,여,35세,경상
2016072000100399,2016년 7월 20일 16시,수요일,전라남도 장성군 북이면,경상사고,0,0,1,0,차량단독 - 전도전복,안전운전불이행,건조,맑음,단일로 - 기타,승용,남,52세,경상,,,,
2016072000100400,2016년 7월 20일 16시,수요일,전라남도 무안군 운남면,경상사고,0,0,1,0,차대차 - 측면충돌,안전운전불이행,건조,맑음,교차로 - 교차로부근,화물,남,51세,상해없음,화물,남,65세,경상
2016072000100440,2016년 7월 20일 17시,수요일,전라남도 진도군 진도읍,경상사고,0,0,1,0,차대차 - 기타,중앙선침범,건조,맑음,단일로 - 기타,승용,남,54세,상해없음,이륜,남,66세,경상
2016072000100441,2016년 7월 20일 17시,수요일,전라남도 광양시 중군동,경상사고,0,0,1,0,차대차 - 추돌,안전운전불이행,건조,맑음,단일로 - 기타,승용,남,54세,상해없음,화물,여,49세,경상
2016072000100492,2016년 7월 20일 18시,수요일,전라남도 목포시 용해동,경상사고,0,0,1,0,차대사람 - 횡단중,안전운전불이행,건조,맑음,단일로 - 기타,화물,남,55세,상해없음,보행자,남,4세,경상
2016072000100493,2016년 7월 20일 18시,수요일,전라남도 목포시 상동,중상사고,0,1,0,0,차대차 - 측면직각충돌,신호위반,건조,맑음,교차로 - 교차로부근,승용,남,65세,상해없음,승용,남,34세,중상
2016072000100494,2016년 7월 20일 18시,수요일,전라남도 목포시 산정동,경상사고,0,0,1,0,차대차 - 측면직각충돌,직진우회전진행방해,건조,맑음,교차로 - 교차로안,화물,남,57세,상해없음,이륜,남,45세,경상
2016072000100495,2016년 7월 20일 18시,수요일,전라남도 순천시 연향동,경상사고,0,0,1,0,차대사람 - 횡단중,보행자보호의무위반,건조,맑음,단일로 - 횡단보도상,화물,남,56세,상해없음,보행자,남,6세,경상
2016072000100496,2016년 7월 20일 18시,수요일,전라남도 순천시 조례동,중상사고,0,1,1,0,차대차 - 측면충돌,차로위반,건조,맑음,단일로 - 기타,승용,남,45세,경상,승용,남,37세,중상
2016072000100497,2016년 7월 20일 18시,수요일,전라남도 영광군 대마면,경상사고,0,0,1,0,차대차 - 측면직각충돌,직진우회전진행방해,건조,맑음,교차로 - 교차로안,승용,남,69세,상해없음,승용,여,34세,경상
2016072000100532,2016년 7월 20일 19시,수요일,전라남도 영광군 영광읍,경상사고,0,0,2,0,차대차 - 추돌,안전운전불이행,건조,맑음,단일로 - 기타,특수,남,44세,상해없음,승용,여,28세,경상
2016072000100568,2016년 7월 20일 20시,수요일,전라남도 여수시 소라면,중상사고,0,1,0,0,차대차 - 정면충돌,안전거리미확보,건조,맑음,단일로 - 기타,원동기,남,40세,중상,승용,남,52세,상해없음
2016072000100569,2016년 7월 20일 20시,수요일,전라남도 여수시 문수동,경상사고,0,0,1,0,차대차 - 추돌,안전운전불이행,건조,맑음,단일로 - 기타,기타불명,기타불명,기타불명,기타불명,원동기,남,24세,경상
2016072000100570,2016년 7월 20일 20시,수요일,전라남도 순천시 남정동,경상사고,0,0,1,0,차대차 - 측면충돌,교차로운행방법위반,건조,맑음,교차로 - 교차로안,승용,남,55세,상해없음,이륜,남,17세,경상
2016072000100571,2016년 7월 20일 20시,수요일,전라남도 무안군 삼향읍,경상사고,0,0,1,0,차대차 - 측면충돌,안전운전불이행,건조,맑음,교차로 - 교차로부근,자전거,남,15세,상해없음,이륜,남,30세,경상
2016072000100633,2016년 7월 20일 22시,수요일,전라남도 목포시 대양동,경상사고,0,0,1,0,차대차 - 추돌,안전운전불이행,건조,맑음,기타 - 기타,승용,남,44세,상해없음,승용,남,61세,경상
2016072100100042,2016년 7월 21일 04시,목요일,전라남도 목포시 상동,중상사고,0,1,0,0,차대사람 - 횡단중,보행자보호의무위반,건조,맑음,교차로 - 교차로부근,승용,남,59세,상해없음,보행자,남,72세,중상
2016072100100080,2016년 7월 21일 07시,목요일,전라남도 나주시 다도면,경상사고,0,0,1,0,차대차 - 측면직각충돌,신호위반,건조,맑음,교차로 - 교차로안,원동기,남,82세,경상,승용,남,70세,상해없음
2016072100100081,2016년 7월 21일 07시,목요일,전라남도 강진군 강진읍,경상사고,0,0,1,0,차대사람 - 길가장자리구역통행중,안전운전불이행,건조,맑음,교차로 - 교차로부근,승용,여,58세,상해없음,보행자,여,69세,경상
2016072100100082,2016년 7월 21일 07시,목요일,전라남도 완도군 군외면,중상사고,0,1,0,0,차량단독 - 공작물충돌,안전운전불이행,건조,맑음,단일로 - 기타,승용,여,56세,중상,,,,
2016072100100123,2016년 7월 21일 08시,목요일,전라남도 순천시 생목동,경상사고,0,0,2,0,차대차 - 측면충돌,교차로운행방법위반,건조,맑음,교차로 - 교차로안,승용,남,70세,상해없음,승용,남,64세,경상
2016072100100124,2016년 7월 21일 08시,목요일,전라남도 나주시 송월동,중상사고,0,1,0,0,차대사람 - 횡단중,안전운전불이행,건조,맑음,단일로 - 기타,승용,여,39세,상해없음,보행자,남,33세,중상
2016072100100177,2016년 7월 21일 10시,목요일,전라남도 여수시 신기동,경상사고,0,0,3,0,차대차 - 추돌,안전거리미확보,건조,맑음,단일로 - 기타,승용,남,29세,상해없음,승용,여,35세,경상
2016072100100178,2016년 7월 21일 10시,목요일,전라남도 구례군 문척면,경상사고,0,0,1,0,차대차 - 측면직각충돌,중앙선침범,건조,맑음,단일로 - 기타,원동기,여,57세,경상,승용,여,46세,상해없음
2016072100100239,2016년 7월 21일 12시,목요일,전라남도 나주시 산포면,경상사고,0,0,2,0,차대차 - 측면충돌,차로위반,건조,맑음,단일로 - 기타,승용,남,70세,상해없음,승용,여,56세,경상
2016072100100240,2016년 7월 21일 12시,목요일,전라남도 보성군 득량면,부상신고사고,0,0,0,1,차량단독 - 전도전복,안전운전불이행,건조,맑음,단일로 - 기타,승용,여,50세,부상신고,,,,
2016072100100241,2016년 7월 21일 12시,목요일,전라남도 보성군 미력면,부상신고사고,0,0,0,1,차대차 - 측면충돌,교차로운행방법위반,건조,맑음,교차로 - 교차로안,농기계,남,80세,부상신고,화물,남,46세,상해없음
2016072100100242,2016년 7월 21일 12시,목요일,전라남도 영암군 영암읍,중상사고,0,1,0,0,차대차 - 정면충돌,안전운전불이행,건조,맑음,교차로 - 교차로안,자전거,남,80세,중상,승용,여,53세,상해없음
2016072100100267,2016년 7월 21일 13시,목요일,전라남도 장성군 장성읍,경상사고,0,0,1,0,차대차 - 정면충돌,안전운전불이행,건조,맑음,교차로 - 교차로안,승용,여,49세,상해없음,승용,남,29세,경상
2016072100100268,2016년 7월 21일 13시,목요일,전라남도 광양시 광양읍,경상사고,0,0,2,0,차대차 - 측면충돌,교차로운행방법위반,건조,맑음,교차로 - 교차로안,원동기,남,81세,경상,승용,남,71세,상해없음
2016072100100303,2016년 7월 21일 14시,목요일,전라남도 여수시 소라면,사망사고,1,0,0,0,차대사람 - 횡단중,안전운전불이행,건조,맑음,단일로 - 기타,승용,남,69세,상해없음,보행자,여,61세,사망
2016072100100304,2016년 7월 21일 14시,목요일,전라남도 여수시 서교동,경상사고,0,0,2,0,차대사람 - 횡단중,안전운전불이행,건조,맑음,단일로 - 기타,승용,남,39세,상해없음,보행자,여,82세,경상
2016072100100305,2016년 7월 21일 14시,목요일,전라남도 장성군 장성읍,경상사고,0,0,1,0,차대차 - 추돌,안전운전불이행,건조,맑음,단일로 - 기타,승용,남,63세,상해없음,승용,남,27세,경상
2016072100100306,2016년 7월 21일 14시,목요일,전라남도 진도군 지산면,중상사고,0,1,2,0,차대차 - 정면충돌,안전운전불이행,건조,맑음,단일로 - 기타,승용,남,76세,경상,승용,여,58세,경상
2016072100100376,2016년 7월 21일 16시,목요일,전라남도 여수시 신기동,경상사고,0,0,1,0,차대차 - 추돌,안전운전불이행,건조,맑음,교차로 - 교차로부근,승용,남,22세,상해없음,승용,여,40세,경상
2016072100100377,2016년 7월 21일 16시,목요일,전라남도 나주시 노안면,경상사고,0,0,1,0,차대차 - 측면직각충돌,안전운전불이행,건조,맑음,단일로 - 기타,화물,남,24세,상해없음,원동기,남,79세,경상
2016072100100378,2016년 7월 21일 16시,목요일,전라남도 영광군 영광읍,중상사고,0,1,0,0,차대사람 - 횡단중,안전운전불이행,건조,맑음,교차로 - 교차로안,화물,남,39세,상해없음,보행자,여,58세,중상
2016072100100432,2016년 7월 21일 17시,목요일,전라남도 목포시 옥암동,경상사고,0,0,1,0,차대차 - 기타,안전운전불이행,건조,맑음,기타 - 기타,기타불명,기타불명,기타불명,기타불명,자전거,남,10세,경상
2016072100100433,2016년 7월 21일 17시,목요일,전라남도 영암군 영암읍,중상사고,0,1,2,0,차대차 - 추돌,안전운전불이행,건조,맑음,단일로 - 기타,승용,남,45세,중상,승용,여,74세,경상
2016072100100434,2016년 7월 21일 17시,목요일,전라남도 완도군 금일읍,경상사고,0,0,2,0,차대차 - 정면충돌,안전운전불이행,건조,흐림,단일로 - 기타,화물,남,56세,상해없음,승용,남,22세,경상
2016072100100484,2016년 7월 21일 18시,목요일,전라남도 고흥군 도덕면,중상사고,0,1,0,0,차대차 - 측면직각충돌,중앙선침범,건조,맑음,단일로 - 기타,농기계,남,71세,중상,승용,남,71세,상해없음
2016072100100485,2016년 7월 21일 18시,목요일,전라남도 영광군 염산면,중상사고,0,1,1,0,차대차 - 측면충돌,안전운전불이행,건조,맑음,교차로 - 교차로부근,승용,남,58세,중상,승합,남,61세,상해없음
2016072100100486,2016년 7월 21일 18시,목요일,전라남도 영암군 군서면,경상사고,0,0,1,0,차대차 - 추돌,안전운전불이행,건조,맑음,교차로 - 교차로안,화물,남,72세,상해없음,화물,여,59세,경상
2016072100100515,2016년 7월 21일 19시,목요일,전라남도 여수시 교동,경상사고,0,0,1,0,차대사람 - 횡단중,안전운전불이행,건조,맑음,단일로 - 기타,승용,남,57세,상해없음,보행자,남,58세,경상
2016072100100550,2016년 7월 21일 20시,목요일,전라남도 신안군 압해읍,중상사고,0,1,1,0,차대차 - 추돌,안전운전불이행,건조,맑음,단일로 - 교량,승용,남,22세,경상,승용,남,31세,중상
2016072100100551,2016년 7월 21일 20시,목요일,전라남도 순천시 가곡동,경상사고,0,0,1,0,차대차 - 측면충돌,안전운전불이행,건조,맑음,교차로 - 교차로부근,승용,남,25세,상해없음,승용,남,45세,경상
2016072100100552,2016년 7월 21일 20시,목요일,전라남도 광양시 중동,경상사고,0,0,1,0,차대차 - 측면충돌,교차로운행방법위반,건조,맑음,교차로 - 교차로부근,승용,남,45세,상해없음,자전거,남,16세,경상
2016072100100598,2016년 7월 21일 21시,목요일,전라남도 고흥군 고흥읍,중상사고,0,1,0,0,차량단독 - 전도전복,안전운전불이행,건조,맑음,단일로 - 기타,자전거,남,30세,중상,,,,
2016072100100644,2016년 7월 21일 23시,목요일,전라남도 목포시 옥암동,경상사고,0,0,4,0,차대차 - 추돌,안전운전불이행,건조,맑음,단일로 - 기타,승용,남,33세,상해없음,승용,남,43세,경상
2016072200100027,2016년 7월 22일 01시,금요일,전라남도 여수시 신기동,경상사고,0,0,2,0,차대차 - 측면충돌,신호위반,건조,맑음,교차로 - 교차로안,승용,남,69세,상해없음,승용,여,28세,경상
2016072200100036,2016년 7월 22일 02시,금요일,전라남도 화순군 화순읍,경상사고,0,0,1,0,차량단독 - 공작물충돌,안전운전불이행,건조,맑음,단일로 - 기타,승용,남,22세,경상,,,,
2016072200100037,2016년 7월 22일 02시,금요일,전라남도 광양시 중동,경상사고,0,0,1,0,차대차 - 측면직각충돌,교차로운행방법위반,건조,맑음,교차로 - 교차로안,승합,남,35세,기타불명,승용,남,35세,경상
2016072200100053,2016년 7월 22일 05시,금요일,전라남도 여수시 소라면,중상사고,0,2,0,0,차량단독 - 전도전복,안전운전불이행,건조,맑음,단일로 - 기타,화물,남,62세,중상,,,,
2016072200100080,2016년 7월 22일 07시,금요일,전라남도 목포시 상동,경상사고,0,0,1,0,차대차 - 측면충돌,안전운전불이행,건조,맑음,교차로 - 교차로안,승용,여,55세,상해없음,승용,여,49세,경상
2016072200100081,2016년 7월 22일 07시,금요일,전라남도 순천시 서면,경상사고,0,0,4,0,차대차 - 추돌,안전거리미확보,건조,맑음,단일로 - 기타,승용,남,54세,상해없음,승용,여,37세,상해없음
2016072200100082,2016년 7월 22일 07시,금요일,전라남도 곡성군 입면,경상사고,0,0,1,0,차대차 - 정면충돌,중앙선침범,건조,맑음,단일로 - 기타,농기계,남,76세,경상,승용,남,45세,상해없음
2016072200100083,2016년 7월 22일 07시,금요일,전라남도 진도군 지산면,중상사고,0,1,0,0,차대차 - 측면직각충돌,안전운전불이행,건조,맑음,교차로 - 교차로안,이륜,남,79세,상해없음,화물,남,60세,상해없음
2016072200100110,2016년 7월 22일 08시,금요일,전라남도 목포시 연산동,경상사고,0,0,4,0,차대차 - 측면충돌,안전운전불이행,건조,맑음,단일로 - 기타,승용,남,72세,상해없음,승용,여,43세,경상
2016072200100111,2016년 7월 22일 08시,금요일,전라남도 함평군 학교면,경상사고,0,0,2,0,차대차 - 측면충돌,기타,건조,맑음,교차로 - 교차로안,건설기계,남,56세,상해없음,농기계,남,78세,경상
2016072200100112,2016년 7월 22일 08시,금요일,전라남도 무안군 무안읍,중상사고,0,1,0,0,차대차 - 기타,신호위반,건조,맑음,교차로 - 교차로안,이륜,여,76세,중상,화물,남,59세,상해없음
2016072200100147,2016년 7월 22일 09시,금요일,전라남도 나주시 남평읍,경상사고,0,0,1,0,차대차 - 측면충돌,안전운전불이행,건조,맑음,단일로 - 기타,승합,남,42세,상해없음,화물,남,52세,경상
2016072200100148,2016년 7월 22일 09시,금요일,전라남도 함평군 대동면,중상사고,0,1,0,0,차대차 - 측면직각충돌,안전운전불이행,건조,맑음,단일로 - 기타,승용,남,25세,상해없음,이륜,여,57세,중상
2016072200100149,2016년 7월 22일 09시,금요일,전라남도 곡성군 곡성읍,경상사고,0,0,1,0,차대차 - 측면충돌,안전운전불이행,건조,맑음,교차로 - 교차로부근,승용,남,62세,상해없음,원동기,여,41세,경상
2016072200100179,2016년 7월 22일 10시,금요일,전라남도 여수시 돌산읍,경상사고,0,0,2,0,차대차 - 추돌,안전운전불이행,건조,맑음,단일로 - 기타,화물,남,64세,상해없음,승용,남,36세,경상
2016072200100180,2016년 7월 22일 10시,금요일,전라남도 무안군 운남면,부상신고사고,0,0,0,1,차량단독 - 전도전복,기타,건조,맑음,단일로 - 기타,이륜,남,53세,부상신고,,,,
2016072200100215,2016년 7월 22일 11시,금요일,전라남도 여수시 학동,중상사고,0,1,0,0,차대차 - 측면직각충돌,교차로운행방법위반,건조,맑음,교차로 - 교차로안,승용,남,51세,상해없음,원동기,남,53세,중상
2016072200100216,2016년 7월 22일 11시,금요일,전라남도 영광군 홍농읍,중상사고,0,1,0,0,차대사람 - 차도통행중,안전운전불이행,건조,맑음,단일로 - 기타,화물,여,50세,상해없음,보행자,남,65세,중상
2016072200100217,2016년 7월 22일 11시,금요일,전라남도 무안군 삼향읍,경상사고,0,0,2,0,차대차 - 기타,차로위반,기타,맑음,교차로 - 교차로부근,승용,여,62세,상해없음,화물,남,46세,경상
2016072200100247,2016년 7월 22일 12시,금요일,전라남도 진도군 의신면,중상사고,0,1,0,0,차대차 - 추돌,안전운전불이행,건조,맑음,단일로 - 기타,이륜,남,78세,중상,화물,여,68세,상해없음
2016072200100281,2016년 7월 22일 13시,금요일,전라남도 목포시 용당동,경상사고,0,0,1,0,차대사람 - 횡단중,안전운전불이행,건조,맑음,교차로 - 교차로안,승용,여,39세,상해없음,보행자,여,75세,경상
2016072200100314,2016년 7월 22일 14시,금요일,전라남도 여수시 봉산동,중상사고,0,1,0,0,차대사람 - 횡단중,안전운전불이행,건조,맑음,교차로 - 교차로부근,화물,남,52세,상해없음,보행자,남,90세 이상,중상
2016072200100315,2016년 7월 22일 14시,금요일,전라남도 순천시 승주읍,경상사고,0,0,2,0,차대차 - 측면직각충돌,중앙선침범,건조,맑음,교차로 - 교차로부근,이륜,남,45세,상해없음,승용,남,36세,경상
2016072200100348,2016년 7월 22일 15시,금요일,전라남도 목포시 호남동,경상사고,0,0,1,0,차대사람 - 횡단중,안전운전불이행,건조,맑음,단일로 - 기타,기타불명,기타불명,기타불명,기타불명,보행자,여,62세,경상
2016072200100349,2016년 7월 22일 15시,금요일,전라남도 무안군 삼향읍,경상사고,0,0,3,0,차대차 - 측면충돌,신호위반,건조,맑음,교차로 - 교차로안,승용,남,52세,상해없음,이륜,남,24세,경상
2016072200100350,2016년 7월 22일 15시,금요일,전라남도 광양시 광양읍,중상사고,0,2,0,0,차대차 - 측면직각충돌,안전운전불이행,건조,맑음,교차로 - 교차로안,승용,여,39세,상해없음,원동기,남,72세,중상
2016072200100399,2016년 7월 22일 16시,금요일,전라남도 순천시 조례동,중상사고,0,1,0,0,차대사람 - 횡단중,보행자보호의무위반,건조,맑음,단일로 - 횡단보도상,승용,여,50세,상해없음,보행자,여,6세,중상
2016072200100499,2016년 7월 22일 18시,금요일,전라남도 장흥군 장흥읍,경상사고,0,0,1,0,차대차 - 추돌,안전운전불이행,건조,맑음,단일로 - 기타,승용,여,67세,상해없음,승용,남,40세,상해없음
2016072200100500,2016년 7월 22일 18시,금요일,전라남도 무안군 무안읍,경상사고,0,0,1,0,차대차 - 정면충돌,안전운전불이행,건조,맑음,단일로 - 기타,이륜,남,64세,경상,승용,남,31세,상해없음
2016072200100552,2016년 7월 22일 19시,금요일,전라남도 고흥군 대서면,중상사고,0,1,0,0,차량단독 - 전도전복,안전운전불이행,건조,맑음,단일로 - 기타,이륜,남,62세,중상,,,,
2016072200100598,2016년 7월 22일 20시,금요일,전라남도 목포시 대성동,경상사고,0,0,1,0,차대차 - 측면충돌,안전운전불이행,건조,맑음,단일로 - 기타,이륜,남,35세,상해없음,승용,남,25세,경상
2016072200100599,2016년 7월 22일 20시,금요일,전라남도 목포시 옥암동,경상사고,0,0,1,0,차대차 - 측면충돌,신호위반,건조,맑음,교차로 - 교차로안,승용,남,63세,상해없음,자전거,남,15세,경상
2016072200100639,2016년 7월 22일 21시,금요일,전라남도 순천시 용당동,경상사고,0,0,2,0,차대차 - 측면충돌,안전운전불이행,건조,맑음,단일로 - 기타,승용,남,57세,상해없음,승용,남,26세,상해없음
2016072200100669,2016년 7월 22일 22시,금요일,전라남도 목포시 죽교동,경상사고,0,0,3,0,차대차 - 측면충돌,안전운전불이행,건조,맑음,단일로 - 기타,승용,남,40세,상해없음,승용,남,44세,경상
2016072200100670,2016년 7월 22일 22시,금요일,전라남도 순천시 인제동,경상사고,0,0,1,0,차대차 - 측면충돌,안전운전불이행,건조,맑음,교차로 - 교차로안,승용,남,26세,상해없음,승용,여,45세,경상
2016072200100702,2016년 7월 22일 23시,금요일,전라남도 광양시 옥룡면,부상신고사고,0,0,0,1,차량단독 - 도로외이탈 - 기타,안전운전불이행,건조,맑음,단일로 - 기타,승용,남,33세,부상신고,,,,
2016072300100014,2016년 7월 23일 00시,토요일,전라남도 여수시 주삼동,경상사고,0,0,2,0,차대차 - 정면충돌,중앙선침범,건조,맑음,단일로 - 기타,승용,남,33세,경상,승용,남,45세,경상
2016072300100032,2016년 7월 23일 01시,토요일,전라남도 순천시 해룡면,중상사고,0,1,0,0,차량단독 - 공작물충돌,안전운전불이행,건조,맑음,단일로 - 기타,승용,남,59세,중상,,,,
2016072300100159,2016년 7월 23일 09시,토요일,전라남도 순천시 석현동,중상사고,0,1,0,0,차대차 - 추돌,교차로운행방법위반,건조,맑음,교차로 - 교차로안,원동기,남,65세,중상,건설기계,남,44세,상해없음
2016072300100160,2016년 7월 23일 09시,토요일,전라남도 구례군 광의면,중상사고,0,1,0,0,차대차 - 측면직각충돌,신호위반,건조,맑음,교차로 - 교차로안,화물,남,45세,상해없음,화물,남,74세,중상
2016072300100192,2016년 7월 23일 10시,토요일,전라남도 영광군 영광읍,중상사고,0,1,0,0,차대사람 - 횡단중,보행자보호의무위반,건조,맑음,단일로 - 기타,승용,여,53세,상해없음,보행자,남,83세,중상
2016072300100238,2016년 7월 23일 11시,토요일,전라남도 여수시 오림동,중상사고,0,2,3,0,차대차 - 추돌,안전운전불이행,건조,맑음,단일로 - 기타,승용,남,37세,상해없음,승용,남,44세,경상
2016072300100239,2016년 7월 23일 11시,토요일,전라남도 고흥군 고흥읍,중상사고,0,1,0,0,차대차 - 기타,안전운전불이행,건조,맑음,단일로 - 기타,이륜,남,74세,중상,화물,남,59세,상해없음
2016072300100240,2016년 7월 23일 11시,토요일,전라남도 담양군 금성면,중상사고,0,1,3,0,차대차 - 측면직각충돌,직진우회전진행방해,건조,맑음,교차로 - 교차로안,승용,남,60세,상해없음,승용,남,52세,경상
2016072300100262,2016년 7월 23일 12시,토요일,전라남도 순천시 서면,경상사고,0,0,1,0,차대차 - 측면충돌,안전운전불이행,건조,맑음,단일로 - 기타,화물,남,66세,상해없음,승용,여,48세,경상
2016072300100263,2016년 7월 23일 12시,토요일,전라남도 담양군 담양읍,경상사고,0,0,2,0,차대차 - 측면직각충돌,직진우회전진행방해,건조,맑음,교차로 - 교차로안,승용,남,35세,경상,승용,여,48세,경상
2016072300100264,2016년 7월 23일 12시,토요일,전라남도 광양시 중동,중상사고,0,1,2,0,차대차 - 측면직각충돌,신호위반,건조,맑음,교차로 - 교차로안,승용,여,27세,경상,승용,남,32세,중상
2016072300100303,2016년 7월 23일 13시,토요일,전라남도 여수시 오천동,경상사고,0,0,1,0,차량단독 - 전도전복,안전운전불이행,건조,맑음,단일로 - 기타,이륜,남,26세,상해없음,,,,
2016072300100304,2016년 7월 23일 13시,토요일,전라남도 순천시 대룡동,경상사고,0,0,3,0,차대차 - 측면충돌,안전운전불이행,건조,맑음,단일로 - 기타,화물,남,30세,상해없음,승용,남,34세,경상
2016072300100342,2016년 7월 23일 14시,토요일,전라남도 여수시 둔덕동,경상사고,0,0,3,0,차대차 - 정면충돌,안전운전불이행,건조,맑음,교차로 - 교차로부근,원동기,남,30세,경상,승용,남,33세,상해없음
2016072300100343,2016년 7월 23일 14시,토요일,전라남도 광양시 도이동,경상사고,0,0,1,0,차량단독 - 공작물충돌,안전운전불이행,건조,맑음,교차로 - 교차로부근,화물,남,19세,경상,,,,
2016072300100380,2016년 7월 23일 15시,토요일,전라남도 광양시 중동,중상사고,0,1,0,0,차대차 - 측면직각충돌,교차로운행방법위반,건조,맑음,교차로 - 교차로안,승용,여,42세,상해없음,원동기,남,37세,중상
2016072300100381,2016년 7월 23일 15시,토요일,전라남도 광양시 옥룡면,중상사고,0,2,1,0,차대차 - 측면충돌,안전운전불이행,건조,맑음,단일로 - 기타,승용,여,51세,중상,승용,남,52세,기타불명
2016072300100411,2016년 7월 23일 16시,토요일,전라남도 영암군 삼호읍,경상사고,0,0,1,0,차대차 - 추돌,안전운전불이행,건조,맑음,단일로 - 기타,화물,남,60세,경상,승용,남,52세,상해없음
2016072300100412,2016년 7월 23일 16시,토요일,전라남도 담양군 용면,중상사고,0,1,2,0,차대차 - 정면충돌,중앙선침범,건조,맑음,단일로 - 기타,승용,여,41세,경상,승용,남,47세,경상
2016072300100449,2016년 7월 23일 17시,토요일,전라남도 순천시 해룡면,경상사고,0,0,1,0,차대차 - 측면충돌,안전거리미확보,건조,맑음,단일로 - 기타,승용,남,27세,상해없음,승용,남,66세,경상
2016072300100450,2016년 7월 23일 17시,토요일,전라남도 무안군 무안읍,중상사고,0,1,0,0,차대차 - 측면충돌,신호위반,건조,맑음,교차로 - 교차로안,이륜,남,74세,중상,승용,남,44세,상해없음
2016072300100494,2016년 7월 23일 18시,토요일,전라남도 순천시 가곡동,경상사고,0,0,1,0,차대차 - 측면충돌,신호위반,건조,맑음,교차로 - 교차로안,승용,여,22세,상해없음,승용,여,54세,경상