사고번호,사고일시,요일,시군구,사고내용,사망자수,중상자수,경상자수,부상신고자수,사고유형,법규위반,노면상태,기상상태,도로형태,가해운전자 차종,가해운전자 성별,가해운전자 연령,가해운전자 상해정도,피해운전자 차종,피해운전자 성별,피해운전자 연령,피해운전자 상해정도
2016072800100250,2016년 7월 28일 13시,목요일,전라남도 목포시 상동,경상사고,0,0,2,0,차대차 - 측면직각충돌,교차로운행방법위반,건조,맑음,교차로 - 교차로안,이륜,남,20세,경상,이륜,남,22세,경상
2016072800100251,2016년 7월 28일 13시,목요일,전라남도 나주시 왕곡면,중상사고,0,3,0,0,차대차 - 측면충돌,안전운전불이행,건조,맑음,교차로 - 교차로안,화물,남,50세,상해없음,승용,여,49세,중상
2016072800100299,2016년 7월 28일 14시,목요일,전라남도 나주시 삼영동,경상사고,0,0,1,0,차대차 - 추돌,안전운전불이행,건조,맑음,단일로 - 기타,승용,남,44세,상해없음,화물,남,35세,경상
2016072800100323,2016년 7월 28일 15시,목요일,전라남도 여수시 안산동,경상사고,0,0,1,0,차대사람 - 횡단중,안전운전불이행,건조,맑음,단일로 - 기타,승용,여,41세,상해없음,보행자,남,40세,경상
2016072800100324,2016년 7월 28일 15시,목요일,전라남도 여수시 신기동,경상사고,0,0,2,0,차대차 - 측면직각충돌,교차로운행방법위반,건조,맑음,교차로 - 교차로안,승용,남,47세,상해없음,승용,남,44세,경상
2016072800100325,2016년 7월 28일 15시,목요일,전라남도 광양시 광양읍,경상사고,0,0,2,0,차량단독 - 공작물충돌,안전운전불이행,건조,맑음,교차로 - 교차로부근,화물,남,45세,경상,,,,
2016072800100352,2016년 7월 28일 16시,목요일,전라남도 목포시 산정동,중상사고,0,1,0,0,차대차 - 측면충돌,교차로운행방법위반,건조,맑음,교차로 - 교차로안,승용,남,57세,상해없음,승용,남,44세,중상
2016072800100353,2016년 7월 28일 16시,목요일,전라남도 구례군 구례읍,경상사고,0,0,1,0,차대사람 - 횡단중,보행자보호의무위반,건조,맑음,단일로 - 횡단보도상,승용,남,66세,상해없음,보행자,남,64세,경상
2016072800100401,2016년 7월 28일 17시,목요일,전라남도 순천시 장천동,중상사고,0,1,0,0,차대차 - 정면충돌,안전운전불이행,건조,맑음,단일로 - 기타,자전거,남,63세,중상,화물,남,48세,상해없음
2016072800100402,2016년 7월 28일 17시,목요일,전라남도 장흥군 장흥읍,경상사고,0,0,1,0,차대차 - 추돌,안전운전불이행,건조,맑음,교차로 - 교차로부근,승용,여,46세,상해없음,승용,여,57세,경상
2016072800100439,2016년 7월 28일 18시,목요일,전라남도 여수시 돌산읍,경상사고,0,0,1,0,차대차 - 측면충돌,교차로운행방법위반,건조,맑음,교차로 - 교차로안,승용,남,59세,상해없음,승용,여,47세,경상
2016072800100440,2016년 7월 28일 18시,목요일,전라남도 장성군 황룡면,중상사고,0,1,0,0,차대차 - 측면충돌,안전운전불이행,건조,맑음,단일로 - 기타,승용,여,24세,상해없음,원동기,남,48세,중상
2016072800100441,2016년 7월 28일 18시,목요일,전라남도 담양군 담양읍,중상사고,0,1,1,0,차대차 - 측면충돌,안전운전불이행,건조,맑음,교차로 - 교차로안,승용,여,52세,상해없음,승용,남,48세,경상
2016072800100543,2016년 7월 28일 21시,목요일,전라남도 목포시 옥암동,경상사고,0,0,1,0,차대차 - 정면충돌,안전운전불이행,건조,맑음,단일로 - 기타,화물,남,32세,상해없음,승용,남,54세,경상
2016072800100570,2016년 7월 28일 22시,목요일,전라남도 여수시 문수동,부상신고사고,0,0,0,1,차량단독 - 공작물충돌,안전운전불이행,건조,맑음,교차로 - 교차로안,승용,남,69세,상해없음,,,,
2016072800100591,2016년 7월 28일 23시,목요일,전라남도 목포시 옥암동,경상사고,0,0,3,0,차대차 - 측면충돌,교차로운행방법위반,건조,맑음,교차로 - 교차로안,승용,남,28세,경상,승용,여,27세,경상
2016072800100592,2016년 7월 28일 23시,목요일,전라남도 목포시 상동,중상사고,0,1,0,0,차대사람 - 횡단중,보행자보호의무위반,건조,맑음,단일로 - 횡단보도상,승용,남,49세,상해없음,보행자,남,48세,중상
2016072900100016,2016년 7월 29일 00시,금요일,전라남도 순천시 서면,부상신고사고,0,0,0,1,차량단독 - 전도전복,안전운전불이행,건조,맑음,교차로 - 교차로안,승용,남,18세,부상신고,,,,
2016072900100031,2016년 7월 29일 01시,금요일,전라남도 여수시 소호동,경상사고,0,0,2,0,차대차 - 측면직각충돌,기타,건조,맑음,교차로 - 교차로안,원동기,남,16세,경상,승용,여,53세,경상
2016072900100040,2016년 7월 29일 02시,금요일,전라남도 목포시 용당동,중상사고,0,1,0,0,차대차 - 추돌,안전운전불이행,기타,맑음,교차로 - 교차로부근,승용,남,25세,중상,승용,여,42세,상해없음
2016072900100041,2016년 7월 29일 02시,금요일,전라남도 광양시 중동,중상사고,0,1,1,0,차대차 - 측면직각충돌,신호위반,건조,맑음,교차로 - 교차로안,승용,여,27세,경상,승용,남,48세,중상
2016072900100077,2016년 7월 29일 05시,금요일,전라남도 여수시 신기동,경상사고,0,0,1,0,차대차 - 측면직각충돌,신호위반,건조,맑음,교차로 - 교차로안,승용,남,19세,상해없음,화물,남,68세,경상
2016072900100089,2016년 7월 29일 06시,금요일,전라남도 순천시 동외동,경상사고,0,0,2,0,차대차 - 추돌,안전거리미확보,건조,맑음,교차로 - 교차로부근,승용,남,36세,상해없음,승용,남,41세,경상
2016072900100090,2016년 7월 29일 06시,금요일,전라남도 순천시 풍덕동,중상사고,0,1,0,0,차대사람 - 횡단중,보행자보호의무위반,건조,맑음,교차로 - 교차로안,승용,남,40세,상해없음,보행자,여,69세,중상
2016072900100091,2016년 7월 29일 06시,금요일,전라남도 영광군 법성면,중상사고,0,1,1,0,차대사람 - 기타,안전운전불이행,건조,맑음,단일로 - 기타,화물,남,76세,상해없음,보행자,여,73세,중상
2016072900100195,2016년 7월 29일 10시,금요일,전라남도 영암군 덕진면,중상사고,0,1,1,0,차대차 - 측면직각충돌,중앙선침범,건조,맑음,교차로 - 교차로부근,승용,남,65세,경상,화물,남,48세,중상
2016072900100196,2016년 7월 29일 10시,금요일,전라남도 무안군 무안읍,경상사고,0,0,3,0,차대사람 - 길가장자리구역통행중,안전운전불이행,건조,맑음,단일로 - 기타,농기계,여,84세,경상,보행자,여,73세,경상
2016072900100197,2016년 7월 29일 10시,금요일,전라남도 진도군 임회면,부상신고사고,0,0,0,6,차대차 - 기타,교차로운행방법위반,건조,맑음,교차로 - 교차로안,화물,여,57세,상해없음,화물,남,39세,부상신고
2016072900100198,2016년 7월 29일 10시,금요일,전라남도 광양시 중동,경상사고,0,0,5,0,차대차 - 측면충돌,안전운전불이행,건조,맑음,단일로 - 기타,승용,여,27세,상해없음,승용,여,33세,경상
2016072900100237,2016년 7월 29일 11시,금요일,전라남도 영암군 덕진면,경상사고,0,0,1,0,차대차 - 측면충돌,중앙선침범,건조,맑음,교차로 - 교차로부근,화물,남,55세,상해없음,화물,남,28세,경상
2016072900100266,2016년 7월 29일 12시,금요일,전라남도 구례군 구례읍,경상사고,0,0,1,1,차대차 - 추돌,안전운전불이행,건조,맑음,단일로 - 기타,승용,남,31세,상해없음,승용,남,30세,경상
2016072900100296,2016년 7월 29일 13시,금요일,전라남도 목포시 산정동,경상사고,0,0,1,0,차대차 - 측면충돌,안전운전불이행,건조,맑음,교차로 - 교차로안,이륜,남,44세,경상,승용,여,52세,상해없음
2016072900100297,2016년 7월 29일 13시,금요일,전라남도 신안군 압해읍,경상사고,0,0,1,0,차대차 - 추돌,중앙선침범,건조,맑음,단일로 - 기타,화물,남,57세,상해없음,승용,여,39세,상해없음
2016072900100298,2016년 7월 29일 13시,금요일,전라남도 순천시 황전면,경상사고,0,0,1,0,차대차 - 기타,직진우회전진행방해,건조,맑음,교차로 - 교차로안,화물,남,74세,상해없음,승용,남,57세,경상
2016072900100299,2016년 7월 29일 13시,금요일,전라남도 나주시 이창동,경상사고,0,0,1,0,차대차 - 추돌,안전거리미확보,건조,맑음,교차로 - 교차로부근,화물,남,69세,상해없음,화물,남,53세,상해없음
2016072900100300,2016년 7월 29일 13시,금요일,전라남도 광양시 광양읍,경상사고,0,0,1,0,차대차 - 측면충돌,신호위반,건조,맑음,단일로 - 기타,원동기,남,66세,경상,승용,남,37세,상해없음
2016072900100301,2016년 7월 29일 13시,금요일,전라남도 보성군 조성면,중상사고,0,1,0,0,차대차 - 추돌,안전운전불이행,건조,맑음,단일로 - 기타,승용,남,26세,상해없음,화물,남,50세,중상
2016072900100338,2016년 7월 29일 14시,금요일,전라남도 목포시 호남동,경상사고,0,0,1,0,차대차 - 측면충돌,안전운전불이행,건조,맑음,단일로 - 기타,승용,남,69세,상해없음,승용,남,33세,경상
2016072900100378,2016년 7월 29일 15시,금요일,전라남도 목포시 석현동,중상사고,0,1,0,0,차대차 - 정면충돌,중앙선침범,건조,맑음,교차로 - 교차로안,승용,여,57세,상해없음,승용,여,63세,중상
2016072900100379,2016년 7월 29일 15시,금요일,전라남도 영암군 학산면,중상사고,0,1,2,0,차대차 - 정면충돌,중앙선침범,건조,맑음,단일로 - 기타,승용,남,58세,경상,승용,여,32세,중상
2016072900100380,2016년 7월 29일 15시,금요일,전라남도 무안군 현경면,경상사고,0,0,1,0,차대사람 - 기타,안전운전불이행,건조,맑음,단일로 - 기타,화물,남,63세,상해없음,보행자,여,25세,경상
2016072900100408,2016년 7월 29일 16시,금요일,전라남도 여수시 율촌면,경상사고,0,0,1,0,차대차 - 측면직각충돌,안전운전불이행,건조,맑음,단일로 - 기타,승용,여,41세,상해없음,자전거,남,78세,경상
2016072900100409,2016년 7월 29일 16시,금요일,전라남도 순천시 연향동,경상사고,0,0,1,0,차대차 - 측면충돌,안전거리미확보,건조,맑음,단일로 - 기타,승용,여,21세,기타불명,승용,남,55세,경상
2016072900100410,2016년 7월 29일 16시,금요일,전라남도 나주시 봉황면,경상사고,0,0,2,0,차대차 - 측면충돌,직진우회전진행방해,건조,맑음,교차로 - 교차로안,승용,남,54세,경상,건설기계,남,56세,경상
2016072900100452,2016년 7월 29일 17시,금요일,전라남도 여수시 국동,중상사고,0,1,4,0,차대차 - 측면직각충돌,안전운전불이행,건조,맑음,단일로 - 기타,승용,여,45세,상해없음,승용,남,29세,경상
2016072900100499,2016년 7월 29일 18시,금요일,전라남도 여수시 둔덕동,중상사고,0,1,0,0,차대차 - 정면충돌,중앙선침범,건조,맑음,단일로 - 기타,이륜,남,67세,중상,승용,여,39세,상해없음
2016072900100500,2016년 7월 29일 18시,금요일,전라남도 장성군 황룡면,경상사고,0,0,1,0,차대차 - 추돌,안전운전불이행,건조,맑음,단일로 - 기타,화물,남,50세,상해없음,화물,남,46세,상해없음
2016072900100574,2016년 7월 29일 20시,금요일,전라남도 순천시 해룡면,중상사고,0,1,0,0,차대차 - 기타,신호위반,건조,맑음,교차로 - 교차로부근,이륜,남,56세,중상,승용,여,37세,상해없음
2016072900100575,2016년 7월 29일 20시,금요일,전라남도 완도군 군외면,경상사고,0,0,1,0,차대차 - 기타,안전운전불이행,건조,맑음,단일로 - 기타,기타불명,기타불명,기타불명,기타불명,승용,남,39세,상해없음
2016072900100644,2016년 7월 29일 22시,금요일,전라남도 여수시 학동,경상사고,0,0,3,0,차대차 - 측면직각충돌,중앙선침범,건조,맑음,단일로 - 횡단보도부근,원동기,남,17세,상해없음,승용,여,26세,경상
2016072900100645,2016년 7월 29일 22시,금요일,전라남도 여수시 신월동,경상사고,0,0,1,0,차량단독 - 도로외이탈 - 기타,안전운전불이행,건조,맑음,교차로 - 교차로안,승용,남,65세,상해없음,,,,
2016072900100646,2016년 7월 29일 22시,금요일,전라남도 순천시 해룡면,경상사고,0,0,1,0,차대차 - 측면충돌,안전운전불이행,건조,맑음,교차로 - 교차로부근,이륜,남,17세,상해없음,승용,여,37세,상해없음
2016072900100681,2016년 7월 29일 23시,금요일,전라남도 목포시 해안동2가,경상사고,0,0,3,0,차대차 - 측면충돌,교차로운행방법위반,건조,맑음,교차로 - 교차로안,승용,남,44세,경상,승용,남,61세,경상
2016072900100682,2016년 7월 29일 23시,금요일,전라남도 순천시 조례동,경상사고,0,0,2,0,차대차 - 측면직각충돌,직진우회전진행방해,건조,맑음,교차로 - 교차로안,승용,남,60세,상해없음,승용,남,32세,경상
2016073000100038,2016년 7월 30일 01시,토요일,전라남도 순천시 연향동,경상사고,0,0,1,0,차대사람 - 횡단중,보행자보호의무위반,건조,맑음,단일로 - 기타,승용,남,67세,상해없음,보행자,남,26세,경상
2016073000100054,2016년 7월 30일 02시,토요일,전라남도 순천시 덕암동,경상사고,0,0,1,0,차대사람 - 횡단중,안전운전불이행,건조,맑음,교차로 - 교차로안,승용,남,43세,상해없음,보행자,남,32세,경상
2016073000100055,2016년 7월 30일 02시,토요일,전라남도 광양시 중동,경상사고,0,0,3,0,차대차 - 측면직각충돌,신호위반,건조,맑음,교차로 - 교차로안,승용,여,43세,상해없음,승용,남,56세,경상
2016073000100081,2016년 7월 30일 04시,토요일,전라남도 여수시 공화동,중상사고,0,1,0,0,차대사람 - 횡단중,안전운전불이행,건조,맑음,단일로 - 횡단보도상,승용,남,45세,상해없음,보행자,남,85세,중상
2016073000100114,2016년 7월 30일 06시,토요일,전라남도 해남군 해남읍,경상사고,0,0,1,0,차대차 - 측면직각충돌,신호위반,건조,맑음,교차로 - 교차로안,화물,남,77세,상해없음,승용,여,31세,경상
2016073000100133,2016년 7월 30일 07시,토요일,전라남도 여수시 신기동,중상사고,0,1,0,0,차대사람 - 횡단중,안전운전불이행,건조,맑음,단일로 - 횡단보도상,승용,남,62세,상해없음,보행자,여,50세,중상
2016073000100134,2016년 7월 30일 07시,토요일,전라남도 순천시 조례동,경상사고,0,0,1,0,차대차 - 측면직각충돌,안전운전불이행,건조,맑음,단일로 - 기타,승용,여,52세,상해없음,이륜,남,23세,경상
2016073000100146,2016년 7월 30일 08시,토요일,전라남도 목포시 대양동,경상사고,0,0,1,0,차대사람 - 횡단중,안전운전불이행,건조,맑음,단일로 - 기타,승합,남,52세,기타불명,보행자,남,29세,경상
2016073000100147,2016년 7월 30일 08시,토요일,전라남도 순천시 별량면,중상사고,0,1,0,0,차대차 - 추돌,안전운전불이행,건조,맑음,교차로 - 교차로부근,화물,남,73세,중상,화물,남,59세,상해없음
2016073000100148,2016년 7월 30일 08시,토요일,전라남도 나주시 왕곡면,중상사고,0,1,0,0,차대차 - 측면충돌,신호위반,건조,맑음,교차로 - 교차로부근,화물,남,28세,상해없음,이륜,남,70세,중상
2016073000100149,2016년 7월 30일 08시,토요일,전라남도 고흥군 대서면,중상사고,0,1,3,0,차대차 - 측면충돌,교차로운행방법위반,건조,맑음,교차로 - 교차로안,승용,남,56세,상해없음,승용,여,56세,중상
2016073000100170,2016년 7월 30일 09시,토요일,전라남도 해남군 북평면,경상사고,0,0,2,0,차대차 - 측면직각충돌,중앙선침범,건조,맑음,교차로 - 교차로안,승용,여,57세,상해없음,승합,남,48세,상해없음
2016073000100199,2016년 7월 30일 10시,토요일,전라남도 해남군 북평면,경상사고,0,0,2,0,차대차 - 기타,안전거리미확보,건조,맑음,단일로 - 기타,화물,남,70세,상해없음,승용,남,40세,경상
2016073000100220,2016년 7월 30일 11시,토요일,전라남도 해남군 해남읍,경상사고,0,0,2,0,차대차 - 측면직각충돌,안전운전불이행,건조,맑음,교차로 - 교차로안,화물,남,70세,상해없음,승용,남,72세,경상
2016073000100221,2016년 7월 30일 11시,토요일,전라남도 무안군 현경면,경상사고,0,0,1,0,차량단독 - 공작물충돌,안전운전불이행,건조,맑음,단일로 - 기타,승용,남,81세,경상,,,,
2016073000100222,2016년 7월 30일 11시,토요일,전라남도 구례군 간전면,중상사고,0,1,1,0,차대차 - 측면충돌,직진우회전진행방해,건조,맑음,교차로 - 교차로안,승용,남,19세,상해없음,화물,남,46세,상해없음
2016073000100248,2016년 7월 30일 12시,토요일,전라남도 화순군 동복면,중상사고,0,3,1,0,차대차 - 측면충돌,기타,건조,맑음,교차로 - 교차로안,승용,여,60세,상해없음,승용,남,77세,경상
2016073000100288,2016년 7월 30일 13시,토요일,전라남도 여수시 화양면,경상사고,0,0,4,0,차대차 - 정면충돌,안전운전불이행,건조,맑음,단일로 - 기타,승용,남,35세,상해없음,승용,여,58세,경상
2016073000100289,2016년 7월 30일 13시,토요일,전라남도 함평군 함평읍,경상사고,0,0,1,0,차대차 - 측면직각충돌,안전운전불이행,건조,맑음,교차로 - 교차로안,화물,남,57세,상해없음,화물,남,57세,경상
2016073000100334,2016년 7월 30일 14시,토요일,전라남도 신안군 장산면,경상사고,0,0,1,0,차대차 - 측면충돌,안전운전불이행,건조,맑음,단일로 - 기타,기타불명,기타불명,기타불명,기타불명,원동기,남,18세,경상
2016073000100335,2016년 7월 30일 14시,토요일,전라남도 목포시 상동,경상사고,0,0,3,0,차대차 - 측면충돌,직진우회전진행방해,건조,맑음,교차로 - 교차로안,승용,남,30세,경상,승용,남,44세,상해없음
2016073000100336,2016년 7월 30일 14시,토요일,전라남도 여수시 오림동,경상사고,0,0,3,0,차대차 - 기타,교차로운행방법위반,건조,맑음,교차로 - 교차로안,승용,남,36세,상해없음,승용,남,56세,상해없음
2016073000100337,2016년 7월 30일 14시,토요일,전라남도 영광군 군서면,경상사고,0,0,1,0,차대차 - 측면직각충돌,안전운전불이행,건조,맑음,단일로 - 기타,승용,남,62세,상해없음,승용,남,74세,상해없음
2016073000100338,2016년 7월 30일 14시,토요일,전라남도 광양시 금호동,경상사고,0,0,1,0,차대차 - 추돌,안전운전불이행,건조,맑음,단일로 - 교량,승용,여,44세,상해없음,승용,여,59세,경상
2016073000100364,2016년 7월 30일 15시,토요일,전라남도 함평군 엄다면,경상사고,0,0,5,0,차대차 - 추돌,안전운전불이행,건조,맑음,단일로 - 기타,승용,여,46세,상해없음,승용,남,40세,경상
2016073000100396,2016년 7월 30일 16시,토요일,전라남도 여수시 충무동,중상사고,0,1,0,0,차대차 - 정면충돌,직진우회전진행방해,건조,맑음,교차로 - 교차로안,승용,남,68세,상해없음,이륜,남,35세,중상
2016073000100397,2016년 7월 30일 16시,토요일,전라남도 여수시 화장동,경상사고,0,0,1,0,차대차 - 측면직각충돌,안전거리미확보,건조,맑음,교차로 - 교차로부근,승용,남,33세,상해없음,이륜,남,70세,경상
2016073000100398,2016년 7월 30일 16시,토요일,전라남도 나주시 봉황면,경상사고,0,0,2,0,차대차 - 측면충돌,기타,건조,맑음,교차로 - 교차로안,화물,남,47세,상해없음,승용,남,56세,경상
2016073000100427,2016년 7월 30일 17시,토요일,전라남도 해남군 해남읍,경상사고,0,0,3,0,차대차 - 측면직각충돌,안전운전불이행,건조,맑음,교차로 - 교차로부근,화물,남,46세,상해없음,승합,남,57세,경상
2016073000100428,2016년 7월 30일 17시,토요일,전라남도 화순군 이양면,중상사고,0,2,0,0,차량단독 - 전도전복,안전운전불이행,습기,비,단일로 - 기타,화물,남,44세,중상,,,,
2016073000100429,2016년 7월 30일 17시,토요일,전라남도 완도군 신지면,경상사고,0,0,2,0,차대차 - 정면충돌,중앙선침범,건조,맑음,교차로 - 교차로부근,승용,여,24세,상해없음,승용,남,32세,경상
2016073000100430,2016년 7월 30일 17시,토요일,전라남도 무안군 일로읍,부상신고사고,0,0,0,1,차대차 - 측면직각충돌,교차로운행방법위반,건조,맑음,교차로 - 교차로안,이륜,남,50세,부상신고,승용,남,43세,상해없음
2016073000100458,2016년 7월 30일 18시,토요일,전라남도 목포시 용해동,경상사고,0,0,4,0,차대차 - 측면충돌,안전운전불이행,건조,맑음,단일로 - 기타,승용,남,34세,상해없음,승합,여,63세,경상
2016073000100459,2016년 7월 30일 18시,토요일,전라남도 광양시 광양읍,경상사고,0,0,2,0,차대차 - 기타,교차로운행방법위반,건조,맑음,교차로 - 교차로안,기타불명,기타불명,기타불명,기타불명,승용,남,30세,경상
2016073000100484,2016년 7월 30일 19시,토요일,전라남도 나주시 왕곡면,경상사고,0,0,1,0,차대차 - 정면충돌,중앙선침범,건조,맑음,단일로 - 기타,화물,여,50세,상해없음,승용,여,57세,경상
2016073000100515,2016년 7월 30일 20시,토요일,전라남도 순천시 서면,사망사고,1,0,0,0,차대사람 - 횡단중,안전운전불이행,건조,맑음,단일로 - 횡단보도부근,화물,남,55세,상해없음,보행자,남,55세,사망
2016073000100547,2016년 7월 30일 21시,토요일,전라남도 순천시 조례동,경상사고,0,0,6,0,차대차 - 측면충돌,직진우회전진행방해,건조,맑음,교차로 - 교차로안,승용,남,58세,상해없음,승용,남,45세,경상
2016073000100571,2016년 7월 30일 22시,토요일,전라남도 여수시 덕충동,경상사고,0,0,1,0,차대차 - 정면충돌,신호위반,건조,맑음,교차로 - 교차로안,승용,남,58세,상해없음,승용,남,45세,경상
2016073000100604,2016년 7월 30일 23시,토요일,전라남도 강진군 강진읍,중상사고,0,1,1,0,차대차 - 측면직각충돌,신호위반,건조,기타,교차로 - 교차로안,승용,여,40세,중상,승용,남,39세,경상
2016073100100076,2016년 7월 31일 04시,일요일,전라남도 목포시 상동,경상사고,0,0,2,0,차대차 - 추돌,안전운전불이행,건조,맑음,단일로 - 기타,승용,남,25세,상해없음,승용,남,46세,상해없음
2016073100100077,2016년 7월 31일 04시,일요일,전라남도 고흥군 포두면,중상사고,0,1,0,0,차대사람 - 길가장자리구역통행중,안전운전불이행,건조,맑음,교차로 - 교차로부근,화물,남,68세,상해없음,보행자,남,63세,중상
2016073100100123,2016년 7월 31일 08시,일요일,전라남도 고흥군 풍양면,사망사고,1,0,0,0,차대사람 - 횡단중,안전운전불이행,건조,맑음,단일로 - 기타,화물,남,59세,상해없음,보행자,남,75세,사망
2016073100100124,2016년 7월 31일 08시,일요일,전라남도 무안군 망운면,중상사고,0,1,0,0,차량단독 - 공작물충돌,안전운전불이행,건조,맑음,단일로 - 기타,화물,남,58세,중상,,,,
2016073100100125,2016년 7월 31일 08시,일요일,전라남도 진도군 임회면,중상사고,0,1,0,0,차대차 - 측면직각충돌,교차로운행방법위반,건조,맑음,교차로 - 교차로안,이륜,여,77세,중상,승용,여,50세,상해없음
2016073100100172,2016년 7월 31일 10시,일요일,전라남도 목포시 옥암동,경상사고,0,0,3,0,차대차 - 측면충돌,교차로운행방법위반,건조,맑음,교차로 - 교차로안,승용,여,47세,경상,승용,여,43세,경상
2016073100100173,2016년 7월 31일 10시,일요일,전라남도 해남군 해남읍,경상사고,0,0,2,0,차량단독 - 공작물충돌,안전운전불이행,건조,맑음,교차로 - 교차로부근,승용,남,62세,상해없음,,,,
2016073100100208,2016년 7월 31일 11시,일요일,전라남도 영암군 삼호읍,경상사고,0,0,2,0,차대차 - 측면직각충돌,안전운전불이행,건조,맑음,교차로 - 교차로안,승용,남,35세,상해없음,승용,여,53세,경상
2016073100100228,2016년 7월 31일 12시,일요일,전라남도 무안군 일로읍,중상사고,0,1,0,0,차대사람 - 횡단중,안전운전불이행,건조,맑음,기타 - 기타,승용,남,31세,상해없음,보행자,남,58세,중상
2016073100100229,2016년 7월 31일 12시,일요일,전라남도 광양시 광양읍,경상사고,0,0,1,0,차대차 - 측면충돌,신호위반,건조,맑음,교차로 - 교차로안,승용,여,49세,상해없음,승용,남,38세,경상
2016073100100259,2016년 7월 31일 13시,일요일,전라남도 장흥군 안양면,경상사고,0,0,3,0,차대차 - 측면직각충돌,안전운전불이행,건조,맑음,교차로 - 교차로안,승용,남,75세,상해없음,승용,여,51세,경상
2016073100100292,2016년 7월 31일 14시,일요일,전라남도 함평군 대동면,사망사고,1,0,0,0,차대차 - 측면충돌,신호위반,건조,맑음,교차로 - 교차로안,이륜,남,78세,사망,화물,남,45세,상해없음
2016073100100293,2016년 7월 31일 14시,일요일,전라남도 장성군 황룡면,경상사고,0,0,1,0,차대차 - 측면충돌,안전운전불이행,건조,맑음,교차로 - 교차로부근,승용,남,43세,상해없음,승용,남,58세,상해없음
2016073100100294,2016년 7월 31일 14시,일요일,전라남도 담양군 금성면,중상사고,0,3,2,0,차대차 - 측면충돌,중앙선침범,건조,맑음,단일로 - 기타,승용,여,37세,기타불명,승용,남,57세,중상
2016073100100328,2016년 7월 31일 15시,일요일,전라남도 해남군 황산면,중상사고,0,1,1,0,차대차 - 정면충돌,직진우회전진행방해,건조,맑음,교차로 - 교차로안,승용,여,46세,중상,화물,남,31세,경상
2016073100100352,2016년 7월 31일 16시,일요일,전라남도 목포시 상동,경상사고,0,0,1,0,차대사람 - 횡단중,기타,건조,맑음,교차로 - 교차로부근,승용,남,40세,상해없음,보행자,여,30세,경상
2016073100100353,2016년 7월 31일 16시,일요일,전라남도 해남군 북평면,경상사고,0,0,1,0,차대사람 - 횡단중,안전운전불이행,건조,맑음,단일로 - 기타,승용,남,37세,상해없음,보행자,남,16세,경상
2016073100100354,2016년 7월 31일 16시,일요일,전라남도 영광군 홍농읍,중상사고,0,2,6,0,차대차 - 측면충돌,직진우회전진행방해,건조,맑음,교차로 - 교차로안,승합,남,66세,경상,승용,남,36세,경상
2016073100100355,2016년 7월 31일 16시,일요일,전라남도 담양군 대전면,중상사고,0,1,2,0,차대차 - 측면충돌,안전거리미확보,건조,맑음,단일로 - 기타,건설기계,남,55세,상해없음,승용,남,50세,경상
2016073100100384,2016년 7월 31일 17시,일요일,전라남도 순천시 가곡동,경상사고,0,0,5,0,차대차 - 측면충돌,직진우회전진행방해,건조,맑음,교차로 - 교차로안,승용,남,38세,경상,승용,여,63세,경상
2016073100100407,2016년 7월 31일 18시,일요일,전라남도 목포시 옥암동,경상사고,0,0,2,0,차대차 - 측면충돌,안전운전불이행,건조,맑음,단일로 - 기타,승용,남,50세,상해없음,승용,여,28세,상해없음
2016073100100408,2016년 7월 31일 18시,일요일,전라남도 여수시 소호동,중상사고,0,1,0,0,차대차 - 측면직각충돌,안전운전불이행,건조,맑음,교차로 - 교차로안,승용,여,41세,상해없음,이륜,남,50세,중상
2016073100100409,2016년 7월 31일 18시,일요일,전라남도 나주시 봉황면,중상사고,0,1,0,0,차대차 - 측면충돌,안전운전불이행,건조,맑음,단일로 - 기타,승용,남,23세,상해없음,이륜,남,57세,중상
2016073100100410,2016년 7월 31일 18시,일요일,전라남도 장성군 장성읍,경상사고,0,0,4,0,차대차 - 측면충돌,안전운전불이행,건조,맑음,교차로 - 교차로안,화물,남,69세,경상,승용,남,27세,경상
2016073100100464,2016년 7월 31일 20시,일요일,전라남도 나주시 관정동,경상사고,0,0,1,0,차대차 - 정면충돌,안전운전불이행,건조,맑음,단일로 - 기타,화물,남,67세,상해없음,농기계,남,59세,경상
2016073100100465,2016년 7월 31일 20시,일요일,전라남도 고흥군 도덕면,경상사고,0,0,4,0,차량단독 - 공작물충돌,안전운전불이행,건조,맑음,단일로 - 기타,화물,남,41세,경상,,,,
2016073100100466,2016년 7월 31일 20시,일요일,전라남도 광양시 광양읍,사망사고,1,0,0,0,차대차 - 측면충돌,신호위반,건조,맑음,교차로 - 교차로부근,이륜,남,19세,사망,승용,남,43세,상해없음
2016073100100467,2016년 7월 31일 20시,일요일,전라남도 광양시 광양읍,중상사고,0,1,0,0,차대사람 - 횡단중,보행자보호의무위반,건조,맑음,단일로 - 횡단보도상,승합,남,49세,상해없음,보행자,여,29세,중상
2016073100100489,2016년 7월 31일 21시,일요일,전라남도 여수시 돌산읍,경상사고,0,0,1,0,차대차 - 측면직각충돌,차로위반,건조,맑음,단일로 - 기타,기타불명,기타불명,기타불명,기타불명,원동기,남,19세,경상
2016073100100490,2016년 7월 31일 21시,일요일,전라남도 나주시 남평읍,경상사고,0,0,4,0,차대차 - 추돌,안전운전불이행,건조,맑음,단일로 - 기타,승용,남,52세,상해없음,승용,여,59세,경상