사고번호,사고일시,요일,시군구,사고내용,사망자수,중상자수,경상자수,부상신고자수,사고유형,법규위반,노면상태,기상상태,도로형태,가해운전자 차종,가해운전자 성별,가해운전자 연령,가해운전자 상해정도,피해운전자 차종,피해운전자 성별,피해운전자 연령,피해운전자 상해정도
2016073100100491,2016년 7월 31일 21시,일요일,전라남도 장흥군 관산읍,경상사고,0,0,1,0,차량단독 - 전도전복,안전운전불이행,건조,맑음,단일로 - 기타,이륜,남,32세,경상,,,,
2016073100100492,2016년 7월 31일 21시,일요일,전라남도 화순군 화순읍,경상사고,0,0,1,0,차대차 - 측면직각충돌,안전운전불이행,건조,맑음,단일로 - 기타,승용,남,56세,상해없음,승용,남,32세,경상
2016080100100054,2016년 8월 1일 06시,월요일,전라남도 순천시 조곡동,중상사고,0,1,0,0,차대사람 - 기타,안전운전불이행,건조,맑음,단일로 - 기타,승용,남,59세,상해없음,보행자,여,54세,중상
2016080100100065,2016년 8월 1일 07시,월요일,전라남도 화순군 도암면,중상사고,0,1,0,0,차량단독 - 전도전복,안전운전불이행,건조,맑음,단일로 - 기타,이륜,남,78세,중상,,,,
2016080100100066,2016년 8월 1일 07시,월요일,전라남도 순천시 승주읍,중상사고,0,1,1,1,차대차 - 추돌,안전운전불이행,건조,맑음,단일로 - 기타,승용,남,31세,부상신고,화물,남,52세,경상
2016080100100085,2016년 8월 1일 08시,월요일,전라남도 해남군 해남읍,중상사고,0,1,0,0,차대사람 - 횡단중,안전운전불이행,건조,맑음,단일로 - 기타,화물,남,74세,상해없음,보행자,여,80세,중상
2016080100100086,2016년 8월 1일 08시,월요일,전라남도 보성군 벌교읍,경상사고,0,0,1,0,차대차 - 측면직각충돌,안전운전불이행,건조,맑음,교차로 - 교차로부근,원동기,남,68세,경상,화물,남,48세,상해없음
2016080100100122,2016년 8월 1일 09시,월요일,전라남도 여수시 미평동,경상사고,0,0,1,0,차대차 - 측면직각충돌,교차로운행방법위반,건조,맑음,교차로 - 교차로안,승용,여,49세,상해없음,이륜,남,25세,경상
2016080100100123,2016년 8월 1일 09시,월요일,전라남도 광양시 중동,경상사고,0,0,3,0,차대차 - 측면직각충돌,교차로운행방법위반,건조,맑음,교차로 - 교차로안,승용,여,36세,경상,승용,남,57세,경상
2016080100100124,2016년 8월 1일 09시,월요일,전라남도 구례군 광의면,경상사고,0,0,1,0,차대차 - 측면충돌,교차로운행방법위반,건조,맑음,교차로 - 교차로안,승용,남,56세,상해없음,건설기계,남,62세,상해없음
2016080100100154,2016년 8월 1일 10시,월요일,전라남도 여수시 충무동,부상신고사고,0,0,0,1,차대사람 - 횡단중,안전운전불이행,건조,맑음,단일로 - 기타,기타불명,기타불명,기타불명,기타불명,보행자,여,68세,부상신고
2016080100100155,2016년 8월 1일 10시,월요일,전라남도 담양군 대덕면,경상사고,0,0,1,0,차량단독 - 공작물충돌,안전운전불이행,습기,비,단일로 - 기타,화물,여,49세,경상,,,,
2016080100100197,2016년 8월 1일 11시,월요일,전라남도 강진군 대구면,경상사고,0,0,1,0,차대차 - 추돌,안전거리미확보,건조,맑음,단일로 - 기타,승용,남,38세,상해없음,승용,남,54세,경상
2016080100100229,2016년 8월 1일 12시,월요일,전라남도 영암군 영암읍,경상사고,0,0,1,0,차대차 - 추돌,안전운전불이행,건조,맑음,기타 - 기타,화물,남,38세,경상,화물,남,36세,상해없음
2016080100100262,2016년 8월 1일 13시,월요일,전라남도 여수시 서교동,중상사고,0,1,0,0,차대사람 - 횡단중,안전운전불이행,건조,맑음,단일로 - 기타,화물,남,32세,상해없음,보행자,여,82세,중상
2016080100100301,2016년 8월 1일 14시,월요일,전라남도 여수시 둔덕동,경상사고,0,0,2,0,차대차 - 측면직각충돌,교차로운행방법위반,건조,맑음,교차로 - 교차로안,승용,남,57세,기타불명,승용,남,49세,경상
2016080100100302,2016년 8월 1일 14시,월요일,전라남도 강진군 강진읍,중상사고,0,1,1,0,차대차 - 측면충돌,중앙선침범,건조,맑음,교차로 - 교차로부근,화물,남,35세,중상,화물,남,59세,경상
2016080100100334,2016년 8월 1일 15시,월요일,전라남도 화순군 화순읍,경상사고,0,0,1,0,차대차 - 정면충돌,중앙선침범,건조,맑음,단일로 - 기타,자전거,남,13세,경상,승용,남,30세,상해없음
2016080100100377,2016년 8월 1일 16시,월요일,전라남도 순천시 서면,중상사고,0,1,0,0,차대차 - 추돌,안전운전불이행,건조,맑음,단일로 - 기타,승합,남,21세,상해없음,승용,남,59세,상해없음
2016080100100378,2016년 8월 1일 16시,월요일,전라남도 순천시 조례동,경상사고,0,0,5,0,차대차 - 추돌,안전운전불이행,건조,맑음,단일로 - 기타,화물,남,55세,상해없음,승용,남,42세,경상
2016080100100379,2016년 8월 1일 16시,월요일,전라남도 강진군 강진읍,중상사고,0,1,1,0,차대차 - 측면충돌,신호위반,건조,맑음,교차로 - 교차로안,승용,남,81세,상해없음,승용,여,59세,경상
2016080100100420,2016년 8월 1일 17시,월요일,전라남도 목포시 용당동,경상사고,0,0,1,0,차대차 - 추돌,안전운전불이행,건조,맑음,교차로 - 교차로부근,승합,남,51세,상해없음,승용,남,66세,경상
2016080100100421,2016년 8월 1일 17시,월요일,전라남도 영암군 영암읍,경상사고,0,0,1,0,차대사람 - 횡단중,안전운전불이행,건조,맑음,교차로 - 교차로부근,승용,남,57세,상해없음,보행자,남,21세,경상
2016080100100464,2016년 8월 1일 18시,월요일,전라남도 구례군 토지면,경상사고,0,0,3,0,차대차 - 측면충돌,안전운전불이행,건조,맑음,단일로 - 기타,승용,남,47세,상해없음,승용,여,34세,경상
2016080100100492,2016년 8월 1일 19시,월요일,전라남도 목포시 상동,경상사고,0,0,2,0,차대차 - 측면충돌,안전운전불이행,건조,맑음,단일로 - 기타,승용,남,57세,경상,승합,남,45세,경상
2016080100100493,2016년 8월 1일 19시,월요일,전라남도 고흥군 과역면,경상사고,0,0,1,0,차대차 - 추돌,안전운전불이행,건조,맑음,교차로 - 교차로안,화물,남,64세,상해없음,화물,남,64세,경상
2016080100100494,2016년 8월 1일 19시,월요일,전라남도 광양시 진상면,경상사고,0,0,1,0,차대차 - 기타,안전운전불이행,건조,맑음,교차로 - 교차로안,승용,남,55세,상해없음,승용,남,64세,경상
2016080100100523,2016년 8월 1일 20시,월요일,전라남도 순천시 조곡동,경상사고,0,0,1,0,차대차 - 측면충돌,안전운전불이행,건조,맑음,단일로 - 기타,승용,남,26세,상해없음,이륜,남,16세,경상
2016080100100524,2016년 8월 1일 20시,월요일,전라남도 장성군 장성읍,경상사고,0,0,1,0,차대차 - 추돌,안전운전불이행,건조,맑음,교차로 - 교차로부근,승용,남,50세,상해없음,승용,여,26세,경상
2016080100100579,2016년 8월 1일 22시,월요일,전라남도 여수시 소라면,경상사고,0,0,3,0,차대차 - 추돌,안전운전불이행,건조,맑음,단일로 - 기타,승용,남,48세,경상,승용,남,50세,경상
2016080100100580,2016년 8월 1일 22시,월요일,전라남도 나주시 세지면,중상사고,0,1,0,0,차대사람 - 횡단중,안전운전불이행,건조,맑음,단일로 - 기타,승용,남,40세,상해없음,보행자,여,35세,중상
2016080100100581,2016년 8월 1일 22시,월요일,전라남도 강진군 강진읍,중상사고,0,3,3,0,차대차 - 측면직각충돌,신호위반,건조,맑음,교차로 - 교차로안,승용,남,42세,경상,승용,남,34세,경상
2016080100100600,2016년 8월 1일 23시,월요일,전라남도 영광군 법성면,중상사고,0,1,1,1,차대차 - 추돌,안전운전불이행,건조,맑음,단일로 - 기타,승용,여,49세,부상신고,화물,남,49세,중상
2016080200100011,2016년 8월 2일 00시,화요일,전라남도 해남군 송지면,중상사고,0,1,0,0,차대사람 - 기타,안전운전불이행,건조,맑음,단일로 - 기타,승용,남,61세,상해없음,보행자,남,38세,중상
2016080200100058,2016년 8월 2일 06시,화요일,전라남도 나주시 노안면,경상사고,0,0,1,0,차대차 - 측면충돌,안전운전불이행,건조,맑음,교차로 - 교차로안,승용,남,74세,상해없음,승용,여,61세,경상
2016080200100078,2016년 8월 2일 07시,화요일,전라남도 순천시 장천동,경상사고,0,0,1,0,차대차 - 측면충돌,안전거리미확보,건조,맑음,단일로 - 기타,승용,남,21세,상해없음,승용,남,26세,경상
2016080200100097,2016년 8월 2일 08시,화요일,전라남도 여수시 광무동,경상사고,0,0,1,0,차량단독 - 공작물충돌,안전운전불이행,건조,맑음,단일로 - 기타,이륜,남,66세,경상,,,,
2016080200100098,2016년 8월 2일 08시,화요일,전라남도 완도군 금당면,경상사고,0,0,1,0,차대차 - 측면충돌,안전운전불이행,건조,맑음,단일로 - 기타,승용,남,70세,경상,특수,남,47세,상해없음
2016080200100099,2016년 8월 2일 08시,화요일,전라남도 광양시 금호동,경상사고,0,0,1,0,차대차 - 측면충돌,안전운전불이행,건조,맑음,단일로 - 교량,화물,남,62세,상해없음,승용,남,41세,상해없음
2016080200100125,2016년 8월 2일 09시,화요일,전라남도 무안군 청계면,경상사고,0,0,1,0,차대차 - 측면충돌,차로위반,건조,맑음,단일로 - 기타,승용,남,57세,상해없음,승용,남,31세,경상
2016080200100156,2016년 8월 2일 10시,화요일,전라남도 목포시 옥암동,경상사고,0,0,1,0,차대차 - 측면충돌,안전운전불이행,건조,맑음,단일로 - 기타,승합,남,25세,상해없음,화물,남,26세,경상
2016080200100157,2016년 8월 2일 10시,화요일,전라남도 순천시 대대동,중상사고,0,1,1,0,차대차 - 측면충돌,안전운전불이행,기타,맑음,단일로 - 기타,승용,남,50세,상해없음,이륜,남,41세,경상
2016080200100181,2016년 8월 2일 11시,화요일,전라남도 나주시 빛가람동,경상사고,0,0,1,0,차대사람 - 횡단중,보행자보호의무위반,건조,맑음,단일로 - 횡단보도상,승용,여,32세,상해없음,보행자,남,46세,경상
2016080200100182,2016년 8월 2일 11시,화요일,전라남도 고흥군 고흥읍,중상사고,0,1,0,0,차대사람 - 횡단중,안전운전불이행,건조,맑음,단일로 - 기타,화물,남,40세,상해없음,보행자,남,60세,중상
2016080200100214,2016년 8월 2일 12시,화요일,전라남도 고흥군 과역면,경상사고,0,0,3,0,차대차 - 추돌,안전운전불이행,건조,맑음,교차로 - 교차로안,화물,남,47세,경상,승합,남,54세,경상
2016080200100273,2016년 8월 2일 14시,화요일,전라남도 목포시 산정동,경상사고,0,0,1,0,차대차 - 정면충돌,신호위반,습기,비,단일로 - 횡단보도상,승용,남,67세,상해없음,자전거,남,57세,경상
2016080200100274,2016년 8월 2일 14시,화요일,전라남도 영광군 염산면,중상사고,0,1,0,0,차량단독 - 전도전복,안전운전불이행,건조,맑음,단일로 - 기타,승용,여,51세,상해없음,,,,
2016080200100275,2016년 8월 2일 14시,화요일,전라남도 강진군 칠량면,사망사고,1,0,0,0,차대차 - 측면직각충돌,안전운전불이행,건조,맑음,교차로 - 교차로안,원동기,남,79세,사망,승합,남,54세,상해없음
2016080200100276,2016년 8월 2일 14시,화요일,전라남도 담양군 대전면,경상사고,0,0,2,0,차량단독 - 공작물충돌,안전운전불이행,건조,맑음,단일로 - 기타,승용,남,46세,경상,,,,
2016080200100277,2016년 8월 2일 14시,화요일,전라남도 완도군 생일면,경상사고,0,0,1,0,차대사람 - 기타,안전운전불이행,건조,맑음,단일로 - 기타,농기계,남,76세,상해없음,보행자,여,74세,경상
2016080200100300,2016년 8월 2일 15시,화요일,전라남도 목포시 용해동,중상사고,0,1,0,0,차대차 - 측면충돌,안전운전불이행,건조,맑음,단일로 - 기타,승용,남,61세,상해없음,자전거,남,12세,중상
2016080200100301,2016년 8월 2일 15시,화요일,전라남도 목포시 산정동,경상사고,0,0,4,0,차대차 - 측면충돌,교차로운행방법위반,건조,맑음,교차로 - 교차로안,승용,여,56세,경상,승용,여,32세,경상
2016080200100302,2016년 8월 2일 15시,화요일,전라남도 고흥군 영남면,경상사고,0,0,3,0,차대차 - 측면직각충돌,교차로운행방법위반,건조,맑음,교차로 - 교차로안,화물,남,62세,상해없음,승용,여,45세,경상
2016080200100303,2016년 8월 2일 15시,화요일,전라남도 완도군 청산면,경상사고,0,0,1,0,차대사람 - 횡단중,안전운전불이행,건조,맑음,단일로 - 기타,승용,남,39세,상해없음,보행자,남,13세,경상
2016080200100326,2016년 8월 2일 16시,화요일,전라남도 목포시 산정동,경상사고,0,0,1,0,차대차 - 측면충돌,신호위반,건조,맑음,교차로 - 교차로안,이륜,여,51세,경상,승용,여,37세,상해없음
2016080200100327,2016년 8월 2일 16시,화요일,전라남도 담양군 담양읍,경상사고,0,0,4,0,차대차 - 측면직각충돌,안전운전불이행,건조,맑음,단일로 - 기타,승용,여,36세,경상,승용,남,35세,경상
2016080200100410,2016년 8월 2일 18시,화요일,전라남도 고흥군 포두면,경상사고,0,0,1,0,차량단독 - 전도전복,안전운전불이행,건조,맑음,단일로 - 기타,승용,여,31세,상해없음,,,,
2016080200100411,2016년 8월 2일 18시,화요일,전라남도 완도군 청산면,경상사고,0,0,1,0,차대사람 - 기타,안전운전불이행,건조,맑음,단일로 - 기타,승합,남,65세,상해없음,보행자,여,71세,경상
2016080200100412,2016년 8월 2일 18시,화요일,전라남도 구례군 구례읍,경상사고,0,0,1,0,차대사람 - 기타,안전운전불이행,건조,맑음,단일로 - 기타,승용,남,62세,상해없음,보행자,남,48세,경상
2016080200100450,2016년 8월 2일 19시,화요일,전라남도 목포시 산정동,부상신고사고,0,0,0,1,차대차 - 정면충돌,신호위반,건조,맑음,교차로 - 교차로안,자전거,남,49세,부상신고,승용,남,39세,상해없음
2016080200100485,2016년 8월 2일 20시,화요일,전라남도 여수시 오림동,경상사고,0,0,2,0,차대차 - 측면직각충돌,차로위반,건조,맑음,단일로 - 기타,승용,여,31세,상해없음,승용,여,47세,경상
2016080200100486,2016년 8월 2일 20시,화요일,전라남도 순천시 조례동,경상사고,0,0,1,0,차대사람 - 횡단중,보행자보호의무위반,건조,맑음,단일로 - 기타,이륜,남,27세,상해없음,보행자,남,7세,경상
2016080200100556,2016년 8월 2일 23시,화요일,전라남도 순천시 해룡면,경상사고,0,0,2,0,차대사람 - 횡단중,안전운전불이행,습기,비,단일로 - 기타,승용,남,54세,상해없음,보행자,남,30세,경상
2016080300100010,2016년 8월 3일 00시,수요일,전라남도 여수시 학동,경상사고,0,0,1,0,차대차 - 추돌,안전운전불이행,건조,맑음,단일로 - 횡단보도부근,승용,남,22세,상해없음,승용,남,41세,경상
2016080300100067,2016년 8월 3일 06시,수요일,전라남도 담양군 담양읍,부상신고사고,0,0,0,1,차량단독 - 전도전복,기타,건조,맑음,교차로 - 교차로부근,승용,남,25세,부상신고,,,,
2016080300100089,2016년 8월 3일 07시,수요일,전라남도 순천시 덕암동,경상사고,0,0,1,0,차량단독 - 기타,안전운전불이행,건조,맑음,교차로 - 교차로안,이륜,남,71세,경상,,,,
2016080300100148,2016년 8월 3일 09시,수요일,전라남도 광양시 중동,경상사고,0,0,4,0,차대차 - 측면직각충돌,교차로운행방법위반,건조,맑음,교차로 - 교차로안,승용,여,30세,경상,승용,남,48세,경상
2016080300100199,2016년 8월 3일 11시,수요일,전라남도 영암군 도포면,중상사고,0,1,0,0,차대차 - 측면직각충돌,기타,건조,맑음,교차로 - 교차로부근,승용,남,77세,상해없음,원동기,남,68세,중상
2016080300100223,2016년 8월 3일 12시,수요일,전라남도 순천시 연향동,경상사고,0,0,1,0,차대차 - 측면충돌,안전운전불이행,건조,맑음,단일로 - 기타,이륜,남,77세,경상,승용,남,35세,상해없음
2016080300100224,2016년 8월 3일 12시,수요일,전라남도 장성군 남면,중상사고,0,1,0,0,차대차 - 측면충돌,안전운전불이행,건조,맑음,교차로 - 교차로부근,승용,남,47세,상해없음,이륜,남,74세,중상
2016080300100225,2016년 8월 3일 12시,수요일,전라남도 무안군 현경면,중상사고,0,2,0,0,차대차 - 정면충돌,안전운전불이행,건조,맑음,교차로 - 교차로안,승용,여,57세,기타불명,이륜,남,87세,중상
2016080300100265,2016년 8월 3일 13시,수요일,전라남도 여수시 소라면,중상사고,0,1,0,0,차대사람 - 횡단중,안전운전불이행,건조,맑음,단일로 - 기타,승합,남,52세,상해없음,보행자,여,79세,중상
2016080300100312,2016년 8월 3일 14시,수요일,전라남도 목포시 상동,경상사고,0,0,1,0,차대차 - 정면충돌,안전운전불이행,건조,맑음,단일로 - 횡단보도부근,자전거,남,22세,경상,승용,남,58세,상해없음
2016080300100313,2016년 8월 3일 14시,수요일,전라남도 목포시 상동,경상사고,0,0,1,0,차대차 - 측면직각충돌,직진우회전진행방해,습기,비,교차로 - 교차로안,승용,남,52세,상해없음,승용,남,37세,경상
2016080300100314,2016년 8월 3일 14시,수요일,전라남도 순천시 연향동,중상사고,0,1,0,0,차대사람 - 보도통행중,신호위반,건조,맑음,교차로 - 교차로안,승용,여,43세,상해없음,보행자,여,19세,중상
2016080300100315,2016년 8월 3일 14시,수요일,전라남도 순천시 상사면,중상사고,0,1,0,0,차대차 - 추돌,안전운전불이행,건조,맑음,교차로 - 교차로안,승용,남,53세,중상,승용,여,66세,기타불명
2016080300100316,2016년 8월 3일 14시,수요일,전라남도 나주시 성북동,경상사고,0,0,2,0,차대차 - 측면충돌,신호위반,건조,맑음,교차로 - 교차로안,승용,여,44세,상해없음,승용,남,53세,경상
2016080300100317,2016년 8월 3일 14시,수요일,전라남도 완도군 군외면,경상사고,0,0,2,0,차대차 - 추돌,안전운전불이행,건조,맑음,단일로 - 기타,승용,남,55세,상해없음,승용,남,47세,경상
2016080300100345,2016년 8월 3일 15시,수요일,전라남도 신안군 도초면,경상사고,0,0,1,0,차량단독 - 전도전복,안전운전불이행,건조,맑음,교차로 - 교차로부근,이륜,남,50세,경상,,,,
2016080300100346,2016년 8월 3일 15시,수요일,전라남도 함평군 함평읍,사망사고,1,0,0,0,차대사람 - 길가장자리구역통행중,기타,건조,맑음,단일로 - 기타,승용,여,28세,상해없음,보행자,여,76세,사망
2016080300100378,2016년 8월 3일 16시,수요일,전라남도 목포시 용해동,중상사고,0,1,0,0,차대사람 - 횡단중,신호위반,건조,맑음,단일로 - 기타,승용,여,68세,상해없음,보행자,여,20세,중상
2016080300100379,2016년 8월 3일 16시,수요일,전라남도 여수시 중앙동,경상사고,0,0,1,0,차대차 - 기타,차로위반,건조,맑음,단일로 - 기타,승용,남,20세,상해없음,자전거,남,20세,경상
2016080300100410,2016년 8월 3일 17시,수요일,전라남도 해남군 마산면,중상사고,0,1,4,0,차대차 - 정면충돌,중앙선침범,건조,맑음,단일로 - 기타,화물,남,64세,상해없음,승용,남,42세,중상
2016080300100411,2016년 8월 3일 17시,수요일,전라남도 화순군 화순읍,경상사고,0,0,2,0,차대사람 - 횡단중,중앙선침범,습기,비,단일로 - 기타,자전거,남,10세,경상,보행자,여,49세,경상
2016080300100412,2016년 8월 3일 17시,수요일,전라남도 완도군 신지면,경상사고,0,0,1,0,차대차 - 추돌,안전운전불이행,건조,맑음,단일로 - 기타,화물,남,66세,상해없음,승용,남,45세,경상
2016080300100456,2016년 8월 3일 18시,수요일,전라남도 구례군 간전면,경상사고,0,0,1,0,차대차 - 정면충돌,기타,건조,맑음,교차로 - 교차로안,승용,남,36세,상해없음,원동기,남,84세,경상
2016080300100484,2016년 8월 3일 19시,수요일,전라남도 여수시 남산동,중상사고,0,1,0,0,차대사람 - 횡단중,보행자보호의무위반,건조,맑음,단일로 - 기타,승용,여,55세,상해없음,보행자,여,66세,중상
2016080300100485,2016년 8월 3일 19시,수요일,전라남도 나주시 산포면,경상사고,0,0,1,0,차대차 - 측면충돌,교차로운행방법위반,건조,맑음,교차로 - 교차로안,화물,남,56세,상해없음,승용,여,44세,경상
2016080300100514,2016년 8월 3일 20시,수요일,전라남도 순천시 교량동,경상사고,0,0,1,0,차대차 - 측면직각충돌,교차로운행방법위반,건조,맑음,교차로 - 교차로안,승용,남,32세,상해없음,화물,여,43세,경상
2016080300100515,2016년 8월 3일 20시,수요일,전라남도 고흥군 도양읍,경상사고,0,0,1,0,차대차 - 측면충돌,교차로운행방법위반,건조,맑음,교차로 - 교차로안,승용,남,46세,상해없음,자전거,남,55세,경상
2016080300100542,2016년 8월 3일 21시,수요일,전라남도 여수시 신기동,중상사고,0,1,0,0,차대사람 - 횡단중,안전운전불이행,건조,맑음,교차로 - 교차로부근,승용,여,43세,상해없음,보행자,남,67세,중상
2016080300100543,2016년 8월 3일 21시,수요일,전라남도 화순군 능주면,중상사고,0,1,0,0,차대사람 - 길가장자리구역통행중,안전운전불이행,건조,맑음,단일로 - 기타,승용,남,59세,상해없음,보행자,남,57세,중상
2016080300100561,2016년 8월 3일 22시,수요일,전라남도 나주시 성북동,경상사고,0,0,3,0,차대차 - 정면충돌,중앙선침범,건조,맑음,단일로 - 기타,승용,남,28세,상해없음,승용,남,41세,경상
2016080300100577,2016년 8월 3일 23시,수요일,전라남도 목포시 유달동,중상사고,0,1,0,0,차대사람 - 횡단중,안전운전불이행,건조,맑음,교차로 - 교차로부근,승용,남,27세,상해없음,보행자,남,47세,중상
2016080300100578,2016년 8월 3일 23시,수요일,전라남도 영광군 홍농읍,사망사고,1,0,0,0,차대차 - 측면직각충돌,안전운전불이행,건조,맑음,단일로 - 교량,승용,남,19세,상해없음,이륜,남,19세,사망
2016080300100579,2016년 8월 3일 23시,수요일,전라남도 광양시 옥룡면,경상사고,0,0,1,0,차대차 - 추돌,기타,건조,맑음,단일로 - 기타,화물,남,44세,경상,승용,남,48세,기타불명
2016080400100016,2016년 8월 4일 00시,목요일,전라남도 순천시 풍덕동,경상사고,0,0,2,0,차대차 - 추돌,안전운전불이행,건조,맑음,단일로 - 기타,승용,남,19세,기타불명,승용,남,52세,경상
2016080400100017,2016년 8월 4일 00시,목요일,전라남도 순천시 조례동,경상사고,0,0,1,0,차대차 - 정면충돌,안전운전불이행,건조,맑음,교차로 - 교차로안,승용,남,38세,상해없음,승용,남,65세,경상
2016080400100018,2016년 8월 4일 00시,목요일,전라남도 장흥군 유치면,사망사고,1,0,0,0,차량단독 - 전도전복,안전운전불이행,건조,맑음,단일로 - 기타,승용,남,42세,사망,,,,
2016080400100019,2016년 8월 4일 00시,목요일,전라남도 장흥군 유치면,경상사고,0,0,2,0,차량단독 - 전도전복,안전운전불이행,건조,맑음,단일로 - 기타,승용,남,54세,경상,,,,
2016080400100020,2016년 8월 4일 00시,목요일,전라남도 무안군 청계면,중상사고,0,1,2,0,차대차 - 정면충돌,안전운전불이행,건조,맑음,단일로 - 기타,화물,남,32세,중상,승용,남,34세,경상
2016080400100062,2016년 8월 4일 05시,목요일,전라남도 곡성군 곡성읍,중상사고,0,1,0,0,차량단독 - 전도전복,안전운전불이행,건조,맑음,단일로 - 기타,원동기,남,63세,중상,,,,
2016080400100090,2016년 8월 4일 07시,목요일,전라남도 순천시 해룡면,경상사고,0,0,1,0,차대사람 - 기타,안전운전불이행,건조,맑음,기타 - 기타,승용,남,56세,상해없음,보행자,남,53세,경상
2016080400100137,2016년 8월 4일 09시,목요일,전라남도 고흥군 점암면,경상사고,0,0,1,0,차대차 - 추돌,안전운전불이행,건조,맑음,단일로 - 기타,승용,남,23세,상해없음,화물,남,40세,기타불명
2016080400100138,2016년 8월 4일 09시,목요일,전라남도 광양시 광양읍,경상사고,0,0,2,0,차대차 - 측면직각충돌,신호위반,건조,맑음,교차로 - 교차로안,승용,남,56세,경상,승용,남,46세,경상
2016080400100168,2016년 8월 4일 10시,목요일,전라남도 목포시 상동,경상사고,0,0,2,0,차대차 - 기타,안전운전불이행,건조,맑음,교차로 - 교차로안,승용,남,58세,상해없음,승용,남,75세,경상
2016080400100169,2016년 8월 4일 10시,목요일,전라남도 영암군 군서면,중상사고,0,1,0,0,차대차 - 기타,안전운전불이행,건조,맑음,단일로 - 기타,화물,여,45세,중상,승용,여,56세,상해없음
2016080400100201,2016년 8월 4일 11시,목요일,전라남도 여수시 여서동,경상사고,0,0,5,0,차대차 - 추돌,안전운전불이행,건조,맑음,단일로 - 기타,승용,남,59세,상해없음,승용,남,27세,경상
2016080400100202,2016년 8월 4일 11시,목요일,전라남도 담양군 담양읍,부상신고사고,0,0,0,1,차대차 - 측면충돌,안전운전불이행,건조,맑음,교차로 - 교차로부근,원동기,남,23세,부상신고,승용,남,53세,상해없음
2016080400100203,2016년 8월 4일 11시,목요일,전라남도 광양시 광양읍,경상사고,0,0,3,0,차대차 - 추돌,안전거리미확보,건조,맑음,단일로 - 기타,승용,남,48세,상해없음,승용,남,33세,경상
2016080400100204,2016년 8월 4일 11시,목요일,전라남도 광양시 광영동,경상사고,0,0,2,0,차대차 - 측면직각충돌,직진우회전진행방해,건조,맑음,교차로 - 교차로안,승용,여,30세,경상,승용,여,49세,경상
2016080400100234,2016년 8월 4일 12시,목요일,전라남도 여수시 여서동,경상사고,0,0,2,0,차대차 - 추돌,신호위반,건조,맑음,교차로 - 교차로안,승용,여,60세,경상,승용,남,52세,경상
2016080400100235,2016년 8월 4일 12시,목요일,전라남도 장흥군 장동면,경상사고,0,0,1,0,차량단독 - 전도전복,안전운전불이행,건조,맑음,단일로 - 기타,이륜,남,79세,경상,,,,
2016080400100333,2016년 8월 4일 15시,목요일,전라남도 목포시 용해동,경상사고,0,0,2,0,차대차 - 추돌,안전거리미확보,건조,맑음,단일로 - 기타,화물,남,59세,상해없음,승용,여,55세,경상
2016080400100334,2016년 8월 4일 15시,목요일,전라남도 순천시 조례동,경상사고,0,0,3,0,차대차 - 측면충돌,안전운전불이행,건조,맑음,교차로 - 교차로부근,승용,남,66세,상해없음,승용,남,30세,경상
2016080400100400,2016년 8월 4일 17시,목요일,전라남도 보성군 벌교읍,중상사고,0,2,0,0,차대차 - 측면충돌,교차로운행방법위반,건조,맑음,교차로 - 교차로안,승용,남,56세,상해없음,이륜,남,80세,중상
2016080400100401,2016년 8월 4일 17시,목요일,전라남도 함평군 함평읍,경상사고,0,0,2,0,차대차 - 측면충돌,교차로운행방법위반,건조,맑음,교차로 - 교차로안,화물,남,47세,상해없음,승용,여,44세,경상
2016080400100434,2016년 8월 4일 18시,목요일,전라남도 무안군 삼향읍,경상사고,0,0,1,0,차대사람 - 기타,안전운전불이행,건조,맑음,기타 - 기타,승용,남,50세,상해없음,보행자,여,55세,경상
2016080400100435,2016년 8월 4일 18시,목요일,전라남도 광양시 금호동,경상사고,0,0,1,0,차대사람 - 기타,안전운전불이행,건조,맑음,교차로 - 교차로부근,승용,남,60세,상해없음,보행자,남,52세,경상
2016080400100468,2016년 8월 4일 19시,목요일,전라남도 장흥군 장흥읍,중상사고,0,1,1,0,차대차 - 측면직각충돌,안전운전불이행,건조,맑음,교차로 - 교차로안,승용,남,43세,상해없음,승용,남,35세,경상
2016080400100491,2016년 8월 4일 20시,목요일,전라남도 강진군 강진읍,경상사고,0,0,1,0,차대차 - 측면직각충돌,신호위반,건조,맑음,교차로 - 교차로안,화물,남,57세,상해없음,승용,남,65세,경상
2016080400100520,2016년 8월 4일 21시,목요일,전라남도 목포시 산정동,경상사고,0,0,2,0,차대차 - 정면충돌,직진우회전진행방해,건조,맑음,교차로 - 교차로부근,승용,남,61세,경상,승용,여,46세,경상
2016080400100521,2016년 8월 4일 21시,목요일,전라남도 순천시 승주읍,중상사고,0,1,0,0,차대사람 - 길가장자리구역통행중,안전운전불이행,건조,맑음,단일로 - 기타,승용,남,48세,상해없음,보행자,여,81세,중상
2016080400100522,2016년 8월 4일 21시,목요일,전라남도 강진군 군동면,경상사고,0,0,1,0,차대차 - 측면직각충돌,신호위반,건조,맑음,교차로 - 교차로안,승용,남,28세,상해없음,화물,남,35세,경상