사고번호,사고일시,요일,시군구,사고내용,사망자수,중상자수,경상자수,부상신고자수,사고유형,법규위반,노면상태,기상상태,도로형태,가해운전자 차종,가해운전자 성별,가해운전자 연령,가해운전자 상해정도,피해운전자 차종,피해운전자 성별,피해운전자 연령,피해운전자 상해정도
2016080500100042,2016년 8월 5일 02시,금요일,전라남도 여수시 문수동,경상사고,0,0,1,0,차대차 - 정면충돌,안전운전불이행,건조,맑음,단일로 - 기타,승용,남,69세,상해없음,이륜,남,41세,경상
2016080500100050,2016년 8월 5일 03시,금요일,전라남도 무안군 삼향읍,부상신고사고,0,0,0,1,차량단독 - 전도전복,안전운전불이행,건조,맑음,교차로 - 교차로안,승용,남,31세,부상신고,,,,
2016080500100056,2016년 8월 5일 04시,금요일,전라남도 목포시 용당동,경상사고,0,0,2,0,차대차 - 측면직각충돌,직진우회전진행방해,건조,맑음,교차로 - 교차로안,승용,남,58세,상해없음,승용,남,52세,경상
2016080500100067,2016년 8월 5일 05시,금요일,전라남도 완도군 소안면,사망사고,1,1,0,0,차량단독 - 기타,안전운전불이행,건조,맑음,단일로 - 기타,농기계,남,74세,상해없음,,,,
2016080500100073,2016년 8월 5일 06시,금요일,전라남도 광양시 광양읍,경상사고,0,0,1,0,차대차 - 측면직각충돌,직진우회전진행방해,건조,맑음,교차로 - 교차로안,승용,남,71세,상해없음,승용,여,36세,경상
2016080500100092,2016년 8월 5일 07시,금요일,전라남도 신안군 비금면,경상사고,0,0,1,0,차량단독 - 전도전복,안전운전불이행,건조,맑음,단일로 - 기타,자전거,남,43세,경상,,,,
2016080500100093,2016년 8월 5일 07시,금요일,전라남도 영암군 삼호읍,경상사고,0,0,2,0,차대차 - 추돌,안전운전불이행,건조,맑음,교차로 - 교차로부근,승용,남,38세,경상,승용,남,35세,경상
2016080500100205,2016년 8월 5일 11시,금요일,전라남도 무안군 몽탄면,경상사고,0,0,2,0,차대차 - 추돌,안전운전불이행,건조,맑음,단일로 - 기타,승용,남,58세,상해없음,승용,남,81세,경상
2016080500100245,2016년 8월 5일 12시,금요일,전라남도 광양시 성황동,경상사고,0,0,2,0,차대차 - 측면충돌,신호위반,건조,맑음,교차로 - 교차로부근,승용,여,23세,상해없음,승용,남,34세,경상
2016080500100300,2016년 8월 5일 14시,금요일,전라남도 순천시 덕월동,경상사고,0,0,3,0,차대차 - 측면충돌,안전운전불이행,건조,맑음,단일로 - 기타,승용,남,21세,경상,승용,남,47세,경상
2016080500100339,2016년 8월 5일 15시,금요일,전라남도 여수시 월내동,중상사고,0,1,2,0,차대차 - 기타,안전운전불이행,건조,맑음,교차로 - 교차로안,화물,남,56세,기타불명,특수,남,43세,상해없음
2016080500100340,2016년 8월 5일 15시,금요일,전라남도 강진군 강진읍,중상사고,0,3,0,0,차대차 - 측면직각충돌,안전거리미확보,건조,맑음,교차로 - 교차로부근,원동기,남,60세,중상,승용,남,30세,상해없음
2016080500100372,2016년 8월 5일 16시,금요일,전라남도 목포시 용당동,경상사고,0,0,1,0,차대사람 - 횡단중,안전운전불이행,건조,맑음,단일로 - 기타,승용,남,51세,상해없음,보행자,남,8세,경상
2016080500100373,2016년 8월 5일 16시,금요일,전라남도 여수시 남산동,경상사고,0,0,1,0,차대차 - 측면직각충돌,안전운전불이행,건조,맑음,교차로 - 교차로안,화물,남,30세,상해없음,이륜,남,61세,경상
2016080500100454,2016년 8월 5일 18시,금요일,전라남도 여수시 돌산읍,경상사고,0,0,1,0,차대차 - 추돌,안전운전불이행,건조,맑음,교차로 - 교차로안,승용,남,53세,상해없음,승용,남,68세,경상
2016080500100492,2016년 8월 5일 19시,금요일,전라남도 장성군 장성읍,경상사고,0,0,1,0,차대차 - 측면충돌,안전운전불이행,건조,맑음,교차로 - 교차로안,승용,남,54세,상해없음,자전거,여,68세,경상
2016080500100493,2016년 8월 5일 19시,금요일,전라남도 광양시 중동,경상사고,0,0,1,0,차대차 - 측면충돌,교차로운행방법위반,건조,맑음,교차로 - 교차로안,승용,여,39세,상해없음,승용,남,46세,경상
2016080500100522,2016년 8월 5일 20시,금요일,전라남도 무안군 몽탄면,경상사고,0,0,3,0,차대차 - 추돌,안전운전불이행,건조,맑음,단일로 - 터널,승용,남,29세,경상,승용,남,30세,경상
2016080500100523,2016년 8월 5일 20시,금요일,전라남도 목포시 달동,사망사고,1,2,1,0,차대차 - 정면충돌,직진우회전진행방해,건조,맑음,교차로 - 교차로안,승용,여,50세,중상,승용,남,28세,사망
2016080500100524,2016년 8월 5일 20시,금요일,전라남도 순천시 덕월동,중상사고,0,1,1,0,차대사람 - 횡단중,안전운전불이행,건조,맑음,단일로 - 기타,원동기,남,17세,경상,보행자,여,63세,중상
2016080500100552,2016년 8월 5일 21시,금요일,전라남도 해남군 해남읍,사망사고,1,1,0,0,차대차 - 정면충돌,안전운전불이행,건조,맑음,단일로 - 기타,승용,남,55세,상해없음,화물,남,60세,중상
2016080500100595,2016년 8월 5일 23시,금요일,전라남도 여수시 소호동,중상사고,0,1,0,0,차대사람 - 횡단중,신호위반,건조,맑음,교차로 - 교차로부근,승용,남,61세,상해없음,보행자,남,52세,중상
2016080500100596,2016년 8월 5일 23시,금요일,전라남도 무안군 삼향읍,경상사고,0,0,4,0,차대차 - 측면직각충돌,교차로운행방법위반,건조,맑음,교차로 - 교차로안,승용,여,35세,경상,승용,남,70세,경상
2016080500100597,2016년 8월 5일 23시,금요일,전라남도 무안군 삼향읍,경상사고,0,0,1,0,차대차 - 기타,중앙선침범,건조,맑음,교차로 - 교차로안,승용,남,46세,상해없음,자전거,남,16세,경상
2016080600100017,2016년 8월 6일 00시,토요일,전라남도 나주시 경현동,경상사고,0,0,1,0,차량단독 - 기타,안전운전불이행,건조,맑음,단일로 - 기타,원동기,남,55세,경상,,,,
2016080600100043,2016년 8월 6일 02시,토요일,전라남도 목포시 항동,경상사고,0,0,4,0,차대차 - 측면충돌,직진우회전진행방해,건조,맑음,교차로 - 교차로안,승용,남,43세,경상,승용,남,50세,경상
2016080600100076,2016년 8월 6일 05시,토요일,전라남도 무안군 몽탄면,중상사고,0,1,0,0,차대차 - 추돌,안전운전불이행,건조,맑음,단일로 - 기타,화물,남,42세,상해없음,화물,여,41세,중상
2016080600100077,2016년 8월 6일 05시,토요일,전라남도 화순군 화순읍,중상사고,0,1,3,0,차대차 - 측면충돌,신호위반,건조,맑음,교차로 - 교차로안,승용,여,26세,경상,승용,남,49세,경상
2016080600100078,2016년 8월 6일 05시,토요일,전라남도 순천시 서면,중상사고,0,1,0,0,차대차 - 추돌,안전운전불이행,건조,맑음,단일로 - 기타,승용,남,21세,상해없음,승용,남,39세,중상
2016080600100098,2016년 8월 6일 07시,토요일,전라남도 여수시 돌산읍,중상사고,0,1,0,0,차대차 - 추돌,안전운전불이행,건조,맑음,교차로 - 교차로부근,화물,남,66세,상해없음,승용,남,51세,상해없음
2016080600100099,2016년 8월 6일 07시,토요일,전라남도 진도군 임회면,중상사고,0,2,0,0,차량단독 - 공작물충돌,안전운전불이행,건조,맑음,단일로 - 기타,승용,남,47세,상해없음,,,,
2016080600100110,2016년 8월 6일 08시,토요일,전라남도 장성군 장성읍,경상사고,0,0,1,0,차대차 - 측면충돌,직진우회전진행방해,건조,맑음,교차로 - 교차로안,승합,남,52세,상해없음,승용,여,21세,경상
2016080600100195,2016년 8월 6일 11시,토요일,전라남도 여수시 화양면,중상사고,0,1,0,0,차대차 - 측면직각충돌,안전운전불이행,건조,맑음,단일로 - 기타,건설기계,남,46세,상해없음,화물,여,61세,중상
2016080600100196,2016년 8월 6일 11시,토요일,전라남도 영광군 영광읍,경상사고,0,0,1,0,차대사람 - 기타,안전운전불이행,건조,맑음,단일로 - 기타,승용,남,50세,상해없음,보행자,여,90세 이상,경상
2016080600100224,2016년 8월 6일 12시,토요일,전라남도 신안군 도초면,사망사고,1,1,0,0,차량단독 - 도로외이탈 - 추락,안전운전불이행,건조,맑음,단일로 - 기타,이륜,남,79세,사망,,,,
2016080600100225,2016년 8월 6일 12시,토요일,전라남도 강진군 대구면,경상사고,0,0,3,0,차대차 - 측면직각충돌,중앙선침범,건조,맑음,단일로 - 기타,승용,남,67세,경상,화물,남,56세,경상
2016080600100226,2016년 8월 6일 12시,토요일,전라남도 광양시 옥룡면,경상사고,0,0,1,0,차대차 - 추돌,안전운전불이행,건조,맑음,단일로 - 기타,승용,남,71세,상해없음,승용,여,36세,경상
2016080600100294,2016년 8월 6일 14시,토요일,전라남도 여수시 여서동,중상사고,0,1,0,0,차대사람 - 횡단중,안전운전불이행,건조,맑음,교차로 - 교차로안,승용,여,31세,상해없음,보행자,남,8세,중상
2016080600100329,2016년 8월 6일 15시,토요일,전라남도 장성군 북하면,경상사고,0,0,1,0,차대차 - 측면충돌,안전운전불이행,건조,맑음,교차로 - 교차로안,승용,여,69세,상해없음,승용,남,42세,경상
2016080600100330,2016년 8월 6일 15시,토요일,전라남도 강진군 대구면,경상사고,0,0,1,0,차대차 - 측면직각충돌,신호위반,건조,맑음,단일로 - 기타,화물,남,52세,상해없음,이륜,남,65세,경상
2016080600100360,2016년 8월 6일 16시,토요일,전라남도 영광군 홍농읍,중상사고,0,1,0,1,차대차 - 추돌,안전운전불이행,건조,맑음,단일로 - 교량,승용,여,36세,부상신고,승용,남,41세,기타불명
2016080600100361,2016년 8월 6일 16시,토요일,전라남도 광양시 진상면,중상사고,0,1,0,1,차량단독 - 공작물충돌,안전운전불이행,건조,맑음,단일로 - 기타,승용,남,47세,부상신고,,,,
2016080600100385,2016년 8월 6일 17시,토요일,전라남도 영암군 신북면,중상사고,0,1,1,0,차대차 - 추돌,안전운전불이행,건조,맑음,교차로 - 교차로부근,승용,여,28세,중상,승용,남,40세,경상
2016080600100386,2016년 8월 6일 17시,토요일,전라남도 영암군 삼호읍,경상사고,0,0,2,0,차대차 - 측면충돌,안전운전불이행,건조,맑음,단일로 - 기타,화물,여,57세,상해없음,승용,여,40세,경상
2016080600100409,2016년 8월 6일 18시,토요일,전라남도 영광군 군서면,경상사고,0,0,4,0,차대차 - 측면직각충돌,직진우회전진행방해,건조,맑음,교차로 - 교차로안,승용,남,62세,경상,승용,남,66세,상해없음
2016080600100471,2016년 8월 6일 20시,토요일,전라남도 무안군 청계면,중상사고,0,1,0,0,차대차 - 정면충돌,중앙선침범,건조,맑음,단일로 - 기타,승용,남,54세,상해없음,이륜,남,55세,중상
2016080600100510,2016년 8월 6일 21시,토요일,전라남도 광양시 광양읍,경상사고,0,0,1,0,차대차 - 측면직각충돌,교차로운행방법위반,건조,맑음,교차로 - 교차로안,원동기,남,29세,경상,승용,여,43세,상해없음
2016080600100549,2016년 8월 6일 23시,토요일,전라남도 순천시 조례동,경상사고,0,0,1,0,차대사람 - 횡단중,안전운전불이행,건조,맑음,단일로 - 기타,승용,남,24세,상해없음,보행자,남,41세,경상
2016080700100025,2016년 8월 7일 01시,일요일,전라남도 순천시 인월동,중상사고,0,1,0,0,차대차 - 측면충돌,교차로운행방법위반,건조,맑음,교차로 - 교차로안,승용,남,59세,상해없음,승용,남,48세,상해없음
2016080700100040,2016년 8월 7일 02시,일요일,전라남도 여수시 학동,경상사고,0,0,1,0,차대차 - 측면직각충돌,신호위반,건조,맑음,교차로 - 교차로안,승용,남,49세,상해없음,승용,남,63세,상해없음
2016080700100097,2016년 8월 7일 09시,일요일,전라남도 여수시 월내동,경상사고,0,0,3,0,차대차 - 측면직각충돌,교차로운행방법위반,건조,맑음,교차로 - 교차로안,특수,남,43세,경상,승용,여,50세,경상
2016080700100098,2016년 8월 7일 09시,일요일,전라남도 완도군 약산면,중상사고,0,1,0,0,차대사람 - 횡단중,안전운전불이행,건조,맑음,단일로 - 기타,승용,남,61세,상해없음,보행자,여,84세,중상
2016080700100120,2016년 8월 7일 10시,일요일,전라남도 순천시 남정동,경상사고,0,0,1,0,차대차 - 측면충돌,안전운전불이행,건조,맑음,단일로 - 기타,승용,남,60세,상해없음,이륜,남,65세,경상
2016080700100121,2016년 8월 7일 10시,일요일,전라남도 무안군 청계면,경상사고,0,0,1,0,차대차 - 측면충돌,안전운전불이행,건조,맑음,교차로 - 교차로부근,농기계,남,56세,경상,승용,남,67세,상해없음
2016080700100158,2016년 8월 7일 12시,일요일,전라남도 화순군 화순읍,경상사고,0,0,1,0,차대차 - 기타,직진우회전진행방해,건조,맑음,교차로 - 교차로안,승용,남,38세,경상,승용,여,52세,상해없음
2016080700100181,2016년 8월 7일 13시,일요일,전라남도 광양시 옥룡면,중상사고,0,2,3,0,차대차 - 측면직각충돌,중앙선침범,건조,맑음,단일로 - 기타,승용,남,28세,경상,승용,남,50세,중상
2016080700100182,2016년 8월 7일 13시,일요일,전라남도 광양시 옥곡면,중상사고,0,3,1,0,차량단독 - 도로외이탈 - 기타,안전운전불이행,건조,맑음,단일로 - 기타,화물,남,56세,중상,,,,
2016080700100286,2016년 8월 7일 17시,일요일,전라남도 광양시 옥룡면,경상사고,0,0,2,0,차대차 - 추돌,안전운전불이행,건조,맑음,교차로 - 교차로부근,승용,남,51세,상해없음,승용,남,36세,경상
2016080700100313,2016년 8월 7일 18시,일요일,전라남도 무안군 삼향읍,경상사고,0,0,1,0,차대차 - 추돌,안전거리미확보,건조,맑음,교차로 - 교차로부근,화물,남,64세,상해없음,승용,여,31세,경상
2016080700100354,2016년 8월 7일 20시,일요일,전라남도 목포시 용해동,경상사고,0,0,1,0,차대차 - 측면충돌,안전운전불이행,건조,맑음,단일로 - 기타,승용,남,25세,상해없음,자전거,남,12세,경상
2016080800100008,2016년 8월 8일 00시,월요일,전라남도 해남군 해남읍,사망사고,1,0,0,0,차량단독 - 전도전복,안전운전불이행,건조,맑음,단일로 - 기타,승용,여,52세,사망,,,,
2016080800100009,2016년 8월 8일 00시,월요일,전라남도 보성군 벌교읍,사망사고,2,1,0,0,차량단독 - 공작물충돌,과속,건조,맑음,단일로 - 기타,승용,남,23세,사망,,,,
2016080800100098,2016년 8월 8일 08시,월요일,전라남도 해남군 해남읍,경상사고,0,0,1,0,차대차 - 측면직각충돌,직진우회전진행방해,건조,맑음,교차로 - 교차로안,화물,남,36세,상해없음,승용,여,62세,경상
2016080800100099,2016년 8월 8일 08시,월요일,전라남도 보성군 겸백면,경상사고,0,0,2,0,차대차 - 측면직각충돌,안전운전불이행,건조,맑음,단일로 - 기타,승용,남,66세,경상,건설기계,남,53세,경상
2016080800100142,2016년 8월 8일 09시,월요일,전라남도 여수시 문수동,경상사고,0,0,1,0,차대차 - 추돌,안전운전불이행,건조,맑음,단일로 - 횡단보도부근,화물,남,59세,상해없음,승용,여,65세,경상
2016080800100143,2016년 8월 8일 09시,월요일,전라남도 순천시 서면,중상사고,0,1,1,0,차대차 - 측면충돌,안전운전불이행,건조,맑음,교차로 - 교차로부근,화물,남,45세,상해없음,화물,남,55세,중상
2016080800100144,2016년 8월 8일 09시,월요일,전라남도 무안군 현경면,경상사고,0,0,1,0,차대사람 - 횡단중,안전운전불이행,건조,맑음,단일로 - 기타,승용,여,69세,기타불명,보행자,여,40세,경상
2016080800100179,2016년 8월 8일 10시,월요일,전라남도 영암군 덕진면,경상사고,0,0,2,0,차대차 - 측면직각충돌,안전운전불이행,건조,맑음,교차로 - 교차로안,승용,남,89세,경상,건설기계,남,52세,경상
2016080800100216,2016년 8월 8일 11시,월요일,전라남도 순천시 연향동,중상사고,0,1,0,0,차대사람 - 횡단중,보행자보호의무위반,건조,맑음,단일로 - 기타,승용,남,40세,상해없음,보행자,여,32세,중상
2016080800100248,2016년 8월 8일 12시,월요일,전라남도 목포시 상동,경상사고,0,0,1,0,차대사람 - 횡단중,안전운전불이행,건조,맑음,교차로 - 교차로부근,승용,여,33세,상해없음,보행자,여,77세,경상
2016080800100249,2016년 8월 8일 12시,월요일,전라남도 여수시 봉계동,중상사고,0,1,1,0,차대사람 - 횡단중,신호위반,건조,맑음,교차로 - 교차로안,승용,남,47세,상해없음,보행자,남,7세,경상
2016080800100250,2016년 8월 8일 12시,월요일,전라남도 순천시 조례동,경상사고,0,0,1,0,차대차 - 측면충돌,안전운전불이행,건조,맑음,교차로 - 교차로부근,승용,남,46세,상해없음,승용,여,54세,경상
2016080800100251,2016년 8월 8일 12시,월요일,전라남도 장성군 장성읍,중상사고,0,1,0,0,차대차 - 측면충돌,신호위반,건조,맑음,단일로 - 기타,승용,여,20세,상해없음,이륜,남,77세,중상
2016080800100285,2016년 8월 8일 13시,월요일,전라남도 나주시 금천면,경상사고,0,0,1,0,차대차 - 측면직각충돌,안전운전불이행,건조,맑음,단일로 - 기타,화물,남,52세,상해없음,화물,남,48세,경상
2016080800100286,2016년 8월 8일 13시,월요일,전라남도 영암군 삼호읍,중상사고,0,1,1,0,차대차 - 추돌,안전운전불이행,건조,맑음,단일로 - 기타,승용,남,51세,중상,승용,여,42세,경상
2016080800100287,2016년 8월 8일 13시,월요일,전라남도 영암군 삼호읍,중상사고,0,2,0,0,차대차 - 정면충돌,중앙선침범,건조,맑음,단일로 - 기타,승용,남,51세,중상,승용,여,47세,중상
2016080800100319,2016년 8월 8일 14시,월요일,전라남도 목포시 상동,경상사고,0,0,1,0,차대차 - 측면충돌,안전운전불이행,건조,맑음,교차로 - 교차로안,승용,남,52세,상해없음,이륜,남,18세,경상
2016080800100349,2016년 8월 8일 15시,월요일,전라남도 목포시 산정동,경상사고,0,0,4,0,차대차 - 추돌,안전운전불이행,건조,맑음,기타 - 기타,승용,여,39세,상해없음,승용,남,28세,경상
2016080800100350,2016년 8월 8일 15시,월요일,전라남도 함평군 대동면,사망사고,1,0,0,0,차대차 - 측면충돌,안전운전불이행,건조,맑음,교차로 - 교차로안,화물,남,51세,상해없음,자전거,남,74세,사망
2016080800100477,2016년 8월 8일 18시,월요일,전라남도 순천시 조례동,경상사고,0,0,2,0,차대차 - 측면충돌,안전거리미확보,건조,맑음,교차로 - 교차로부근,승용,남,57세,상해없음,승용,남,23세,경상
2016080800100503,2016년 8월 8일 19시,월요일,전라남도 여수시 소라면,경상사고,0,0,1,0,차대차 - 측면충돌,차로위반,건조,맑음,단일로 - 기타,승용,남,20세,상해없음,원동기,남,40세,경상
2016080800100504,2016년 8월 8일 19시,월요일,전라남도 순천시 해룡면,경상사고,0,0,1,0,차대차 - 측면충돌,안전운전불이행,건조,맑음,교차로 - 교차로안,승용,여,40세,상해없음,승용,여,34세,경상
2016080800100505,2016년 8월 8일 19시,월요일,전라남도 순천시 서면,경상사고,0,0,1,0,차대차 - 정면충돌,안전운전불이행,습기,비,단일로 - 기타,승용,남,50세,경상,화물,남,42세,상해없음
2016080800100506,2016년 8월 8일 19시,월요일,전라남도 화순군 화순읍,경상사고,0,0,2,0,차대차 - 추돌,안전운전불이행,습기,비,교차로 - 교차로안,승용,남,67세,상해없음,승용,여,46세,경상
2016080800100533,2016년 8월 8일 20시,월요일,전라남도 광양시 중동,중상사고,0,1,0,0,차대사람 - 횡단중,안전운전불이행,건조,맑음,교차로 - 교차로안,승용,여,39세,상해없음,보행자,여,17세,중상
2016080800100556,2016년 8월 8일 21시,월요일,전라남도 목포시 옥암동,사망사고,1,0,0,0,차대사람 - 횡단중,안전운전불이행,건조,맑음,단일로 - 기타,승용,남,53세,상해없음,보행자,여,58세,사망
2016080800100557,2016년 8월 8일 21시,월요일,전라남도 순천시 조곡동,경상사고,0,0,1,0,차대사람 - 횡단중,안전운전불이행,건조,맑음,교차로 - 교차로안,승용,여,30세,상해없음,보행자,여,52세,경상
2016080800100558,2016년 8월 8일 21시,월요일,전라남도 함평군 월야면,경상사고,0,0,5,0,차대차 - 추돌,안전거리미확보,건조,맑음,단일로 - 교량,승용,남,29세,경상,승용,남,28세,경상
2016080800100559,2016년 8월 8일 21시,월요일,전라남도 담양군 고서면,중상사고,0,1,1,0,차대차 - 측면충돌,중앙선침범,건조,맑음,단일로 - 기타,승용,남,33세,경상,승용,남,37세,중상
2016080800100578,2016년 8월 8일 22시,월요일,전라남도 영암군 신북면,경상사고,0,0,1,0,차량단독 - 기타,안전운전불이행,건조,맑음,단일로 - 기타,화물,남,69세,상해없음,,,,
2016080800100599,2016년 8월 8일 23시,월요일,전라남도 여수시 관문동,중상사고,0,2,0,0,차대차 - 측면직각충돌,안전운전불이행,건조,맑음,단일로 - 기타,승용,남,30세,상해없음,원동기,남,20세,중상
2016080900100015,2016년 8월 9일 00시,화요일,전라남도 순천시 해룡면,경상사고,0,0,2,0,차대차 - 측면직각충돌,기타,건조,맑음,교차로 - 교차로안,이륜,남,16세,경상,승용,남,52세,경상
2016080900100098,2016년 8월 9일 07시,화요일,전라남도 순천시 서면,중상사고,0,1,1,0,차대차 - 측면충돌,안전운전불이행,건조,맑음,단일로 - 기타,승용,남,60세,경상,승용,남,19세,중상
2016080900100099,2016년 8월 9일 07시,화요일,전라남도 고흥군 금산면,경상사고,0,0,1,0,차대차 - 기타,중앙선침범,건조,맑음,단일로 - 기타,화물,남,60세,경상,화물,남,65세,기타불명
2016080900100117,2016년 8월 9일 08시,화요일,전라남도 목포시 용당동,경상사고,0,0,1,0,차대차 - 측면충돌,안전운전불이행,건조,맑음,교차로 - 교차로부근,승용,남,27세,상해없음,자전거,남,69세,경상
2016080900100118,2016년 8월 9일 08시,화요일,전라남도 목포시 용해동,경상사고,0,0,1,0,차대사람 - 횡단중,안전운전불이행,건조,맑음,단일로 - 기타,승용,여,43세,기타불명,보행자,남,26세,경상
2016080900100119,2016년 8월 9일 08시,화요일,전라남도 여수시 선원동,경상사고,0,0,1,0,차대차 - 정면충돌,안전운전불이행,건조,맑음,단일로 - 기타,승용,남,21세,상해없음,승용,여,45세,경상
2016080900100120,2016년 8월 9일 08시,화요일,전라남도 나주시 세지면,사망사고,1,0,0,0,차대차 - 측면충돌,교차로운행방법위반,건조,맑음,교차로 - 교차로안,화물,남,58세,상해없음,원동기,여,67세,사망
2016080900100121,2016년 8월 9일 08시,화요일,전라남도 나주시 영산동,경상사고,0,0,1,1,차대차 - 측면직각충돌,교차로운행방법위반,건조,맑음,교차로 - 교차로안,승용,남,23세,부상신고,승용,남,29세,경상
2016080900100122,2016년 8월 9일 08시,화요일,전라남도 완도군 완도읍,중상사고,0,2,0,0,차대차 - 측면충돌,직진우회전진행방해,건조,맑음,교차로 - 교차로안,이륜,남,74세,중상,승용,여,46세,상해없음
2016080900100123,2016년 8월 9일 08시,화요일,전라남도 무안군 삼향읍,경상사고,0,0,1,0,차대차 - 기타,차로위반,건조,맑음,단일로 - 기타,승용,남,50세,상해없음,화물,남,43세,경상
2016080900100124,2016년 8월 9일 08시,화요일,전라남도 광양시 마동,경상사고,0,0,1,0,차대차 - 추돌,안전거리미확보,건조,맑음,단일로 - 기타,특수,남,30세,상해없음,승용,남,36세,경상
2016080900100154,2016년 8월 9일 09시,화요일,전라남도 광양시 광양읍,중상사고,0,1,0,0,차대차 - 측면충돌,교차로운행방법위반,건조,맑음,교차로 - 교차로안,승용,남,61세,상해없음,이륜,남,85세,중상
2016080900100190,2016년 8월 9일 10시,화요일,전라남도 여수시 돌산읍,경상사고,0,0,2,0,차대차 - 정면충돌,안전운전불이행,건조,맑음,단일로 - 기타,승용,남,57세,상해없음,승용,여,42세,경상
2016080900100191,2016년 8월 9일 10시,화요일,전라남도 장성군 북이면,경상사고,0,0,2,0,차대차 - 측면충돌,안전운전불이행,적설,맑음,교차로 - 교차로안,승용,남,74세,상해없음,승용,남,56세,경상
2016080900100220,2016년 8월 9일 11시,화요일,전라남도 고흥군 도양읍,경상사고,0,0,1,0,차대차 - 측면충돌,교차로운행방법위반,건조,맑음,교차로 - 교차로안,승용,여,53세,경상,승용,남,64세,상해없음
2016080900100221,2016년 8월 9일 11시,화요일,전라남도 완도군 청산면,경상사고,0,0,4,0,차대차 - 측면충돌,교차로운행방법위반,건조,맑음,교차로 - 교차로안,승용,여,40세,경상,승용,남,42세,경상
2016080900100248,2016년 8월 9일 12시,화요일,전라남도 영암군 서호면,경상사고,0,0,1,0,차대차 - 측면직각충돌,안전운전불이행,건조,맑음,교차로 - 교차로안,원동기,남,78세,경상,승용,여,55세,상해없음
2016080900100249,2016년 8월 9일 12시,화요일,전라남도 담양군 창평면,경상사고,0,0,4,0,차대차 - 기타,안전운전불이행,건조,맑음,단일로 - 기타,특수,남,52세,상해없음,승용,남,39세,경상
2016080900100279,2016년 8월 9일 13시,화요일,전라남도 순천시 연향동,경상사고,0,0,1,0,차대사람 - 보도통행중,기타,건조,맑음,단일로 - 기타,승합,남,26세,상해없음,보행자,여,71세,경상
2016080900100280,2016년 8월 9일 13시,화요일,전라남도 영광군 법성면,경상사고,0,0,4,0,차대차 - 측면직각충돌,안전운전불이행,건조,맑음,단일로 - 기타,승용,여,57세,상해없음,승용,남,42세,경상
2016080900100281,2016년 8월 9일 13시,화요일,전라남도 구례군 산동면,중상사고,0,1,0,0,차량단독 - 전도전복,안전운전불이행,건조,맑음,단일로 - 기타,승용,남,70세,중상,,,,
2016080900100314,2016년 8월 9일 14시,화요일,전라남도 진도군 조도면,경상사고,0,0,1,0,차대사람 - 기타,안전운전불이행,건조,맑음,기타 - 기타,화물,남,50세,상해없음,보행자,여,54세,경상
2016080900100347,2016년 8월 9일 15시,화요일,전라남도 여수시 미평동,경상사고,0,0,1,0,차대사람 - 횡단중,안전운전불이행,건조,맑음,단일로 - 기타,화물,남,37세,상해없음,보행자,여,86세,경상
2016080900100348,2016년 8월 9일 15시,화요일,전라남도 영광군 영광읍,중상사고,0,1,0,0,차대사람 - 횡단중,안전운전불이행,건조,맑음,교차로 - 교차로안,승용,남,40세,상해없음,보행자,여,77세,중상
2016080900100376,2016년 8월 9일 16시,화요일,전라남도 순천시 주암면,경상사고,0,0,2,0,차량단독 - 전도전복,안전운전불이행,건조,맑음,단일로 - 기타,원동기,남,21세,경상,,,,
2016080900100377,2016년 8월 9일 16시,화요일,전라남도 순천시 황전면,사망사고,1,6,2,0,차대차 - 기타,신호위반,건조,맑음,교차로 - 교차로안,승용,여,44세,사망,화물,남,55세,중상
2016080900100436,2016년 8월 9일 18시,화요일,전라남도 영암군 삼호읍,중상사고,0,1,2,0,차대차 - 추돌,안전운전불이행,습기,비,교차로 - 교차로부근,승용,남,37세,중상,승용,남,50세,경상
2016080900100437,2016년 8월 9일 18시,화요일,전라남도 영암군 삼호읍,중상사고,0,1,0,0,차대차 - 추돌,안전운전불이행,습기,비,교차로 - 교차로부근,승용,남,52세,상해없음,승용,남,37세,중상
2016080900100438,2016년 8월 9일 18시,화요일,전라남도 완도군 완도읍,중상사고,0,2,2,0,차대차 - 정면충돌,직진우회전진행방해,건조,맑음,교차로 - 교차로안,승용,남,20세,경상,화물,남,21세,중상
2016080900100474,2016년 8월 9일 19시,화요일,전라남도 목포시 상동,경상사고,0,0,1,0,차대차 - 측면직각충돌,신호위반,습기,비,교차로 - 교차로안,승합,남,23세,상해없음,승합,남,30세,경상
2016080900100540,2016년 8월 9일 21시,화요일,전라남도 여수시 수정동,중상사고,0,1,1,0,차대사람 - 횡단중,안전운전불이행,건조,맑음,교차로 - 교차로부근,승용,여,49세,상해없음,보행자,여,20세,중상
2016081000100047,2016년 8월 10일 03시,수요일,전라남도 광양시 성황동,부상신고사고,0,0,0,1,차량단독 - 공작물충돌,안전운전불이행,건조,맑음,단일로 - 기타,승용,남,27세,부상신고,,,,
2016081000100081,2016년 8월 10일 06시,수요일,전라남도 순천시 해룡면,중상사고,0,1,1,0,차대차 - 측면충돌,신호위반,건조,맑음,교차로 - 교차로안,화물,남,43세,중상,승용,남,55세,경상
2016081000100132,2016년 8월 10일 08시,수요일,전라남도 목포시 산정동,경상사고,0,0,2,0,차대차 - 추돌,안전운전불이행,건조,맑음,교차로 - 교차로부근,승용,여,56세,상해없음,승용,남,40세,경상