사고번호,사고일시,요일,시군구,사고내용,사망자수,중상자수,경상자수,부상신고자수,사고유형,법규위반,노면상태,기상상태,도로형태,가해운전자 차종,가해운전자 성별,가해운전자 연령,가해운전자 상해정도,피해운전자 차종,피해운전자 성별,피해운전자 연령,피해운전자 상해정도
2016081400100236,2016년 8월 14일 14시,일요일,전라남도 여수시 만흥동,사망사고,1,8,18,0,차대차 - 정면충돌,안전운전불이행,건조,맑음,단일로 - 터널,화물,남,53세,경상,승용,남,36세,중상
2016081400100237,2016년 8월 14일 14시,일요일,전라남도 장흥군 장흥읍,경상사고,0,0,1,0,차대사람 - 횡단중,안전운전불이행,건조,맑음,단일로 - 기타,승용,여,41세,상해없음,보행자,남,56세,경상
2016081400100238,2016년 8월 14일 14시,일요일,전라남도 해남군 화원면,중상사고,0,1,4,0,차대차 - 기타,기타,건조,맑음,교차로 - 교차로안,건설기계,남,58세,상해없음,승용,여,26세,경상
2016081400100299,2016년 8월 14일 16시,일요일,전라남도 여수시 고소동,경상사고,0,0,3,0,차대차 - 기타,안전운전불이행,건조,맑음,교차로 - 교차로안,승용,남,47세,기타불명,승용,남,49세,경상
2016081400100300,2016년 8월 14일 16시,일요일,전라남도 순천시 서면,경상사고,0,0,2,0,차대차 - 추돌,안전운전불이행,건조,맑음,단일로 - 기타,승용,남,21세,상해없음,승용,남,39세,경상
2016081400100301,2016년 8월 14일 16시,일요일,전라남도 장흥군 부산면,사망사고,1,0,0,0,차량단독 - 공작물충돌,안전운전불이행,건조,맑음,교차로 - 교차로부근,화물,남,68세,사망,,,,
2016081400100302,2016년 8월 14일 16시,일요일,전라남도 보성군 벌교읍,경상사고,0,0,1,0,차대사람 - 기타,안전운전불이행,건조,맑음,기타 - 기타,화물,남,37세,상해없음,보행자,여,40세,경상
2016081400100338,2016년 8월 14일 17시,일요일,전라남도 여수시 화양면,경상사고,0,0,1,0,차대차 - 정면충돌,안전운전불이행,건조,맑음,교차로 - 교차로안,승용,여,24세,기타불명,화물,남,41세,경상
2016081400100339,2016년 8월 14일 17시,일요일,전라남도 광양시 성황동,경상사고,0,0,4,0,차대차 - 측면충돌,신호위반,건조,맑음,교차로 - 교차로안,승용,여,29세,경상,화물,남,55세,경상
2016081400100364,2016년 8월 14일 18시,일요일,전라남도 해남군 북일면,경상사고,0,0,4,0,차대차 - 추돌,안전운전불이행,건조,맑음,교차로 - 교차로부근,승용,남,51세,상해없음,승용,남,36세,경상
2016081400100365,2016년 8월 14일 18시,일요일,전라남도 보성군 회천면,중상사고,0,1,1,0,차대차 - 측면직각충돌,안전운전불이행,건조,맑음,단일로 - 기타,화물,남,68세,상해없음,농기계,남,81세,중상
2016081400100419,2016년 8월 14일 20시,일요일,전라남도 영광군 영광읍,중상사고,0,3,0,0,차대차 - 추돌,안전운전불이행,건조,맑음,단일로 - 기타,화물,남,67세,상해없음,이륜,남,54세,중상
2016081400100450,2016년 8월 14일 21시,일요일,전라남도 무안군 삼향읍,경상사고,0,0,1,0,차대차 - 기타,안전운전불이행,건조,맑음,단일로 - 기타,승용,남,71세,상해없음,승용,여,기타불명,경상
2016081400100489,2016년 8월 14일 23시,일요일,전라남도 목포시 상동,중상사고,0,1,0,0,차대차 - 기타,안전운전불이행,건조,맑음,교차로 - 교차로안,기타불명,기타불명,기타불명,기타불명,이륜,남,19세,중상
2016081400100490,2016년 8월 14일 23시,일요일,전라남도 곡성군 곡성읍,경상사고,0,0,5,0,차대차 - 측면충돌,교차로운행방법위반,건조,맑음,교차로 - 교차로안,승용,남,22세,경상,승용,남,47세,경상
2016081500100048,2016년 8월 15일 05시,월요일,전라남도 나주시 영산동,중상사고,0,1,0,0,차대차 - 추돌,안전운전불이행,습기,안개,단일로 - 기타,승용,남,66세,상해없음,농기계,여,74세,중상
2016081500100085,2016년 8월 15일 08시,월요일,전라남도 순천시 조례동,경상사고,0,0,2,0,차대차 - 측면충돌,직진우회전진행방해,건조,맑음,교차로 - 교차로안,승용,여,56세,경상,화물,남,53세,경상
2016081500100086,2016년 8월 15일 08시,월요일,전라남도 나주시 대호동,경상사고,0,0,2,0,차대차 - 측면직각충돌,신호위반,건조,맑음,교차로 - 교차로안,승용,여,67세,경상,화물,남,57세,경상
2016081500100107,2016년 8월 15일 09시,월요일,전라남도 영암군 군서면,중상사고,0,1,1,0,차대차 - 측면직각충돌,안전운전불이행,건조,맑음,단일로 - 기타,승용,여,54세,경상,승용,남,57세,중상
2016081500100108,2016년 8월 15일 09시,월요일,전라남도 광양시 태인동,경상사고,0,0,1,0,차대차 - 측면충돌,교차로운행방법위반,건조,맑음,교차로 - 교차로안,승용,여,54세,경상,승용,남,42세,상해없음
2016081500100128,2016년 8월 15일 10시,월요일,전라남도 목포시 상동,경상사고,0,0,2,0,차대차 - 측면충돌,신호위반,건조,맑음,교차로 - 교차로안,이륜,남,22세,경상,승용,남,67세,경상
2016081500100129,2016년 8월 15일 10시,월요일,전라남도 강진군 칠량면,중상사고,0,1,0,0,차량단독 - 기타,안전운전불이행,건조,맑음,단일로 - 기타,화물,남,50세,중상,,,,
2016081500100130,2016년 8월 15일 10시,월요일,전라남도 담양군 대전면,경상사고,0,0,1,0,차대차 - 측면직각충돌,안전운전불이행,습기,비,교차로 - 교차로안,승용,남,67세,상해없음,자전거,여,84세,경상
2016081500100155,2016년 8월 15일 11시,월요일,전라남도 고흥군 영남면,중상사고,0,1,0,0,차대차 - 기타,안전운전불이행,건조,맑음,단일로 - 기타,화물,남,68세,상해없음,승용,남,52세,상해없음
2016081500100175,2016년 8월 15일 12시,월요일,전라남도 순천시 덕암동,경상사고,0,0,7,0,차대차 - 측면충돌,안전운전불이행,건조,맑음,단일로 - 기타,승용,남,65세,상해없음,승합,남,59세,경상
2016081500100176,2016년 8월 15일 12시,월요일,전라남도 화순군 능주면,중상사고,0,2,0,0,차대차 - 측면직각충돌,직진우회전진행방해,건조,맑음,교차로 - 교차로안,승용,남,49세,상해없음,이륜,남,69세,중상
2016081500100199,2016년 8월 15일 13시,월요일,전라남도 해남군 북일면,중상사고,0,3,0,0,차량단독 - 전도전복,안전운전불이행,건조,맑음,단일로 - 기타,승용,남,60세,중상,,,,
2016081500100200,2016년 8월 15일 13시,월요일,전라남도 함평군 손불면,중상사고,0,5,0,0,차량단독 - 전도전복,안전운전불이행,건조,맑음,단일로 - 기타,화물,남,71세,상해없음,,,,
2016081500100227,2016년 8월 15일 14시,월요일,전라남도 순천시 동외동,중상사고,0,1,0,0,차대차 - 측면충돌,직진우회전진행방해,건조,맑음,교차로 - 교차로안,승용,남,59세,상해없음,원동기,남,77세,중상
2016081500100228,2016년 8월 15일 14시,월요일,전라남도 나주시 왕곡면,중상사고,0,1,0,0,차량단독 - 기타,안전운전불이행,건조,맑음,단일로 - 기타,이륜,남,76세,중상,,,,
2016081500100258,2016년 8월 15일 15시,월요일,전라남도 순천시 주암면,경상사고,0,0,1,0,차대차 - 측면충돌,직진우회전진행방해,습기,비,교차로 - 교차로안,승합,남,49세,상해없음,원동기,여,45세,상해없음
2016081500100259,2016년 8월 15일 15시,월요일,전라남도 장흥군 관산읍,경상사고,0,0,2,0,차대차 - 측면충돌,신호위반,건조,맑음,교차로 - 교차로안,화물,남,44세,경상,승용,남,59세,경상
2016081500100260,2016년 8월 15일 15시,월요일,전라남도 광양시 광양읍,경상사고,0,0,2,0,차대차 - 측면충돌,차로위반,건조,맑음,단일로 - 기타,원동기,남,24세,경상,승용,여,46세,경상
2016081500100349,2016년 8월 15일 18시,월요일,전라남도 해남군 화원면,중상사고,0,1,0,0,차대차 - 정면충돌,안전운전불이행,건조,맑음,교차로 - 교차로부근,이륜,남,75세,중상,승용,남,24세,상해없음
2016081500100435,2016년 8월 15일 21시,월요일,전라남도 목포시 옥암동,경상사고,0,0,2,0,차대차 - 추돌,안전운전불이행,건조,맑음,교차로 - 교차로부근,승용,남,39세,경상,승용,남,36세,경상
2016081500100450,2016년 8월 15일 22시,월요일,전라남도 순천시 풍덕동,중상사고,0,1,0,0,차대차 - 기타,차로위반,건조,맑음,단일로 - 기타,승용,여,32세,상해없음,원동기,남,16세,중상
2016081500100471,2016년 8월 15일 23시,월요일,전라남도 광양시 중동,중상사고,0,1,1,0,차대차 - 측면직각충돌,교차로운행방법위반,건조,맑음,교차로 - 교차로안,승용,여,40세,경상,승용,남,53세,중상
2016081600100007,2016년 8월 16일 00시,화요일,전라남도 여수시 학동,경상사고,0,0,3,0,차대차 - 추돌,안전운전불이행,건조,맑음,단일로 - 기타,승용,남,31세,경상,승용,남,30세,상해없음
2016081600100008,2016년 8월 16일 00시,화요일,전라남도 나주시 빛가람동,경상사고,0,0,1,0,차량단독 - 전도전복,안전운전불이행,건조,맑음,단일로 - 기타,승용,여,37세,경상,,,,
2016081600100035,2016년 8월 16일 03시,화요일,전라남도 해남군 삼산면,경상사고,0,0,2,0,차량단독 - 전도전복,안전운전불이행,건조,맑음,단일로 - 기타,승용,남,19세,상해없음,,,,
2016081600100050,2016년 8월 16일 05시,화요일,전라남도 목포시 죽교동,사망사고,1,0,0,0,차대차 - 측면충돌,안전운전불이행,건조,맑음,교차로 - 교차로안,이륜,남,69세,사망,승용,여,57세,상해없음
2016081600100061,2016년 8월 16일 06시,화요일,전라남도 보성군 율어면,중상사고,0,1,0,0,차대사람 - 기타,보행자보호의무위반,건조,맑음,단일로 - 기타,화물,남,69세,상해없음,보행자,여,82세,중상
2016081600100088,2016년 8월 16일 07시,화요일,전라남도 보성군 득량면,경상사고,0,0,1,0,차대사람 - 보도통행중,보행자보호의무위반,건조,맑음,단일로 - 기타,이륜,남,68세,상해없음,보행자,여,76세,경상
2016081600100117,2016년 8월 16일 08시,화요일,전라남도 목포시 석현동,경상사고,0,0,2,0,차대차 - 측면충돌,안전운전불이행,건조,맑음,교차로 - 교차로부근,화물,남,51세,기타불명,승용,여,31세,상해없음
2016081600100118,2016년 8월 16일 08시,화요일,전라남도 나주시 금천면,경상사고,0,0,2,0,차대차 - 추돌,안전운전불이행,건조,맑음,단일로 - 기타,승용,남,62세,상해없음,승용,남,33세,경상
2016081600100187,2016년 8월 16일 10시,화요일,전라남도 해남군 북일면,경상사고,0,0,1,0,차량단독 - 도로외이탈 - 추락,안전운전불이행,건조,맑음,단일로 - 기타,이륜,여,61세,경상,,,,
2016081600100188,2016년 8월 16일 10시,화요일,전라남도 영암군 신북면,경상사고,0,0,1,0,차대차 - 측면직각충돌,안전운전불이행,건조,맑음,교차로 - 교차로부근,이륜,남,46세,경상,승용,남,25세,상해없음
2016081600100189,2016년 8월 16일 10시,화요일,전라남도 영암군 삼호읍,중상사고,0,1,0,0,차량단독 - 전도전복,안전운전불이행,건조,맑음,단일로 - 기타,자전거,여,56세,중상,,,,
2016081600100219,2016년 8월 16일 11시,화요일,전라남도 여수시 여서동,경상사고,0,0,2,0,차대차 - 추돌,교차로운행방법위반,건조,맑음,교차로 - 교차로안,승용,여,33세,상해없음,승용,남,60세,경상
2016081600100220,2016년 8월 16일 11시,화요일,전라남도 진도군 임회면,경상사고,0,0,1,0,차대차 - 측면직각충돌,교차로운행방법위반,건조,맑음,교차로 - 교차로안,화물,남,46세,상해없음,화물,남,65세,경상
2016081600100251,2016년 8월 16일 12시,화요일,전라남도 여수시 종화동,경상사고,0,0,4,0,차대차 - 측면직각충돌,교차로운행방법위반,건조,맑음,교차로 - 교차로안,승용,남,53세,경상,승용,남,45세,경상
2016081600100311,2016년 8월 16일 14시,화요일,전라남도 나주시 경현동,경상사고,0,0,1,0,차대사람 - 횡단중,안전운전불이행,건조,맑음,단일로 - 기타,승용,남,31세,상해없음,보행자,남,38세,경상
2016081600100312,2016년 8월 16일 14시,화요일,전라남도 보성군 웅치면,중상사고,0,1,1,0,차대차 - 측면직각충돌,직진우회전진행방해,건조,맑음,교차로 - 교차로안,승용,남,50세,상해없음,승용,여,63세,중상
2016081600100313,2016년 8월 16일 14시,화요일,전라남도 영암군 덕진면,경상사고,0,0,2,0,차대차 - 측면직각충돌,기타,건조,맑음,교차로 - 교차로안,승용,남,57세,상해없음,화물,남,43세,경상
2016081600100314,2016년 8월 16일 14시,화요일,전라남도 완도군 보길면,중상사고,0,1,0,0,차대사람 - 차도통행중,안전운전불이행,건조,맑음,단일로 - 기타,화물,남,58세,상해없음,보행자,여,66세,중상
2016081600100356,2016년 8월 16일 15시,화요일,전라남도 나주시 산포면,중상사고,0,1,1,0,차대차 - 추돌,안전거리미확보,건조,맑음,단일로 - 기타,승용,남,38세,상해없음,승용,남,35세,경상
2016081600100357,2016년 8월 16일 15시,화요일,전라남도 고흥군 금산면,경상사고,0,0,1,0,차대차 - 추돌,안전운전불이행,건조,맑음,단일로 - 기타,이륜,여,59세,경상,이륜,남,59세,상해없음
2016081600100386,2016년 8월 16일 16시,화요일,전라남도 순천시 연향동,경상사고,0,0,2,0,차대차 - 추돌,안전운전불이행,건조,맑음,단일로 - 기타,승용,여,44세,상해없음,승용,남,37세,경상
2016081600100387,2016년 8월 16일 16시,화요일,전라남도 무안군 삼향읍,경상사고,0,0,1,0,차대차 - 측면충돌,안전거리미확보,건조,맑음,교차로 - 교차로안,이륜,남,45세,경상,승용,남,39세,상해없음
2016081600100423,2016년 8월 16일 17시,화요일,전라남도 목포시 온금동,중상사고,0,1,0,0,차대차 - 정면충돌,직진우회전진행방해,건조,맑음,교차로 - 교차로안,승용,남,39세,상해없음,자전거,남,26세,중상
2016081600100424,2016년 8월 16일 17시,화요일,전라남도 무안군 현경면,중상사고,0,1,0,0,차대사람 - 횡단중,안전운전불이행,건조,맑음,교차로 - 교차로부근,승용,남,75세,상해없음,보행자,여,70세,중상
2016081600100464,2016년 8월 16일 18시,화요일,전라남도 장성군 북하면,중상사고,0,1,0,0,차대차 - 측면충돌,안전거리미확보,건조,맑음,단일로 - 기타,이륜,남,57세,중상,승합,여,59세,상해없음
2016081600100465,2016년 8월 16일 18시,화요일,전라남도 곡성군 오곡면,경상사고,0,0,1,0,차대차 - 정면충돌,안전운전불이행,건조,맑음,교차로 - 교차로안,승용,여,38세,상해없음,이륜,여,51세,경상
2016081600100466,2016년 8월 16일 18시,화요일,전라남도 진도군 진도읍,중상사고,0,1,0,0,차대차 - 측면직각충돌,안전운전불이행,건조,맑음,단일로 - 기타,이륜,남,66세,중상,화물,남,54세,상해없음
2016081700100015,2016년 8월 17일 00시,수요일,전라남도 목포시 산정동,경상사고,0,0,5,0,차대차 - 측면충돌,안전운전불이행,건조,맑음,교차로 - 교차로안,승용,남,26세,경상,승합,남,59세,경상
2016081700100016,2016년 8월 17일 00시,수요일,전라남도 광양시 광양읍,경상사고,0,0,1,0,차대차 - 측면직각충돌,중앙선침범,건조,맑음,단일로 - 기타,승용,남,39세,상해없음,승용,여,27세,경상
2016081700100087,2016년 8월 17일 07시,수요일,전라남도 담양군 수북면,중상사고,0,1,0,0,차대차 - 정면충돌,중앙선침범,건조,맑음,교차로 - 교차로부근,자전거,여,86세,중상,승용,여,55세,상해없음
2016081700100120,2016년 8월 17일 08시,수요일,전라남도 나주시 경현동,경상사고,0,0,1,0,차대차 - 추돌,안전거리미확보,건조,맑음,단일로 - 기타,승용,여,40세,상해없음,승용,여,47세,경상
2016081700100121,2016년 8월 17일 08시,수요일,전라남도 담양군 봉산면,경상사고,0,0,1,0,차대사람 - 횡단중,중앙선침범,건조,맑음,단일로 - 기타,승용,여,30세,상해없음,보행자,여,46세,경상
2016081700100162,2016년 8월 17일 09시,수요일,전라남도 고흥군 고흥읍,중상사고,0,1,0,0,차대사람 - 횡단중,안전운전불이행,건조,맑음,단일로 - 기타,원동기,남,77세,상해없음,보행자,여,75세,중상
2016081700100163,2016년 8월 17일 09시,수요일,전라남도 화순군 능주면,경상사고,0,0,2,1,차대차 - 측면충돌,교차로운행방법위반,건조,맑음,교차로 - 교차로안,화물,남,50세,부상신고,승용,여,47세,경상
2016081700100232,2016년 8월 17일 11시,수요일,전라남도 목포시 산정동,중상사고,0,1,0,0,차대차 - 측면충돌,직진우회전진행방해,건조,맑음,교차로 - 교차로안,이륜,남,57세,중상,승용,남,47세,상해없음
2016081700100258,2016년 8월 17일 12시,수요일,전라남도 광양시 광양읍,경상사고,0,0,1,0,차대차 - 기타,안전운전불이행,건조,맑음,단일로 - 기타,승용,여,58세,기타불명,원동기,남,70세,경상
2016081700100259,2016년 8월 17일 12시,수요일,전라남도 장성군 북일면,경상사고,0,0,1,0,차대차 - 추돌,안전운전불이행,건조,맑음,단일로 - 기타,승용,여,28세,상해없음,승용,남,42세,경상
2016081700100288,2016년 8월 17일 13시,수요일,전라남도 영광군 영광읍,경상사고,0,0,1,0,차대차 - 측면직각충돌,안전운전불이행,건조,맑음,교차로 - 교차로안,원동기,남,81세,경상,승용,여,73세,상해없음
2016081700100289,2016년 8월 17일 13시,수요일,전라남도 강진군 강진읍,중상사고,0,1,1,0,차대차 - 측면충돌,교차로운행방법위반,건조,맑음,교차로 - 교차로안,화물,남,72세,경상,승용,여,42세,상해없음
2016081700100333,2016년 8월 17일 14시,수요일,전라남도 여수시 봉강동,경상사고,0,0,1,0,차대차 - 정면충돌,안전운전불이행,건조,맑음,단일로 - 기타,승합,남,55세,상해없음,이륜,남,60세,경상
2016081700100334,2016년 8월 17일 14시,수요일,전라남도 순천시 조례동,경상사고,0,0,5,0,차대차 - 측면충돌,직진우회전진행방해,건조,맑음,교차로 - 교차로안,승용,남,24세,경상,승용,남,46세,경상
2016081700100375,2016년 8월 17일 15시,수요일,전라남도 무안군 현경면,중상사고,0,2,0,0,차대차 - 측면충돌,안전운전불이행,건조,맑음,단일로 - 기타,승용,여,65세,중상,승용,여,36세,중상
2016081700100376,2016년 8월 17일 15시,수요일,전라남도 무안군 무안읍,경상사고,0,0,1,0,차대차 - 추돌,안전운전불이행,건조,맑음,단일로 - 기타,화물,남,68세,상해없음,화물,남,72세,경상
2016081700100406,2016년 8월 17일 16시,수요일,전라남도 장성군 삼서면,중상사고,0,1,0,0,차대차 - 측면충돌,안전운전불이행,건조,맑음,단일로 - 기타,화물,남,45세,상해없음,이륜,남,76세,중상
2016081700100407,2016년 8월 17일 16시,수요일,전라남도 광양시 광영동,중상사고,0,1,0,0,차대사람 - 횡단중,안전운전불이행,건조,맑음,기타 - 기타,승용,남,33세,상해없음,보행자,여,25세,중상
2016081700100444,2016년 8월 17일 17시,수요일,전라남도 목포시 호남동,경상사고,0,0,1,0,차대차 - 측면충돌,안전거리미확보,건조,맑음,단일로 - 기타,승용,남,64세,상해없음,승용,여,44세,경상
2016081700100445,2016년 8월 17일 17시,수요일,전라남도 목포시 상동,경상사고,0,0,1,0,차대차 - 측면직각충돌,신호위반,건조,맑음,교차로 - 교차로안,승용,남,33세,상해없음,화물,남,55세,경상
2016081700100446,2016년 8월 17일 17시,수요일,전라남도 고흥군 도화면,중상사고,0,1,0,0,차대차 - 측면충돌,교차로운행방법위반,건조,맑음,교차로 - 교차로안,화물,남,65세,상해없음,원동기,남,48세,중상
2016081700100447,2016년 8월 17일 17시,수요일,전라남도 완도군 신지면,경상사고,0,0,3,0,차대차 - 측면충돌,중앙선침범,건조,맑음,단일로 - 기타,화물,남,75세,경상,화물,남,47세,경상
2016081700100531,2016년 8월 17일 19시,수요일,전라남도 목포시 용당동,중상사고,0,1,0,0,차대차 - 측면충돌,직진우회전진행방해,건조,맑음,교차로 - 교차로안,승용,남,63세,상해없음,이륜,남,29세,중상
2016081700100559,2016년 8월 17일 20시,수요일,전라남도 강진군 강진읍,경상사고,0,0,1,0,차대차 - 측면직각충돌,안전운전불이행,건조,맑음,단일로 - 기타,원동기,남,70세,경상,승용,여,61세,상해없음
2016081700100586,2016년 8월 17일 21시,수요일,전라남도 여수시 화장동,경상사고,0,0,1,0,차대차 - 정면충돌,안전운전불이행,건조,맑음,단일로 - 기타,승용,남,48세,상해없음,승용,남,27세,경상
2016081700100587,2016년 8월 17일 21시,수요일,전라남도 영암군 삼호읍,경상사고,0,0,2,0,차대차 - 측면직각충돌,중앙선침범,건조,맑음,단일로 - 기타,승용,남,26세,상해없음,승용,남,63세,경상
2016081700100588,2016년 8월 17일 21시,수요일,전라남도 강진군 강진읍,부상신고사고,0,0,0,1,차대사람 - 횡단중,안전운전불이행,건조,맑음,단일로 - 기타,승용,남,40세,상해없음,보행자,여,45세,부상신고
2016081800100010,2016년 8월 18일 00시,목요일,전라남도 나주시 산정동,경상사고,0,0,2,0,차대차 - 측면직각충돌,직진우회전진행방해,건조,맑음,교차로 - 교차로안,승용,여,50세,경상,승합,여,42세,경상
2016081800100011,2016년 8월 18일 00시,목요일,전라남도 광양시 중동,경상사고,0,0,1,0,차대차 - 추돌,안전운전불이행,건조,맑음,교차로 - 교차로부근,승용,남,41세,상해없음,승용,남,26세,경상
2016081800100022,2016년 8월 18일 01시,목요일,전라남도 여수시 화장동,경상사고,0,0,3,0,차대차 - 추돌,안전운전불이행,건조,맑음,단일로 - 기타,승용,남,33세,상해없음,승용,남,66세,경상
2016081800100023,2016년 8월 18일 01시,목요일,전라남도 여수시 둔덕동,중상사고,0,1,0,0,차량단독 - 전도전복,안전운전불이행,건조,맑음,단일로 - 기타,원동기,남,52세,중상,,,,
2016081800100055,2016년 8월 18일 05시,목요일,전라남도 목포시 산정동,경상사고,0,0,1,0,차대차 - 측면충돌,차로위반,건조,맑음,단일로 - 기타,기타불명,기타불명,기타불명,기타불명,승용,남,40세,경상
2016081800100056,2016년 8월 18일 05시,목요일,전라남도 고흥군 도양읍,경상사고,0,0,1,0,차대사람 - 기타,안전운전불이행,건조,맑음,단일로 - 기타,승합,남,36세,상해없음,보행자,남,56세,경상
2016081800100065,2016년 8월 18일 06시,목요일,전라남도 광양시 진월면,중상사고,0,1,0,0,차량단독 - 기타,기타,건조,맑음,단일로 - 기타,이륜,여,74세,중상,,,,
2016081800100085,2016년 8월 18일 07시,목요일,전라남도 순천시 해룡면,경상사고,0,0,1,0,차대차 - 측면충돌,교차로운행방법위반,건조,맑음,교차로 - 교차로부근,승용,여,48세,상해없음,승용,여,42세,경상
2016081800100086,2016년 8월 18일 07시,목요일,전라남도 화순군 화순읍,경상사고,0,0,1,0,차대사람 - 횡단중,안전운전불이행,건조,맑음,교차로 - 교차로부근,승용,남,50세,상해없음,보행자,여,62세,경상
2016081800100127,2016년 8월 18일 08시,목요일,전라남도 신안군 암태면,중상사고,0,1,1,0,차대차 - 측면충돌,직진우회전진행방해,건조,맑음,교차로 - 교차로안,화물,남,69세,상해없음,농기계,남,60세,중상
2016081800100128,2016년 8월 18일 08시,목요일,전라남도 순천시 조례동,경상사고,0,0,2,1,차대차 - 추돌,안전거리미확보,건조,맑음,단일로 - 기타,승용,남,58세,상해없음,승용,여,48세,경상
2016081800100167,2016년 8월 18일 09시,목요일,전라남도 신안군 임자면,중상사고,0,1,0,0,차대사람 - 횡단중,안전운전불이행,기타,맑음,기타 - 기타,화물,남,37세,상해없음,보행자,남,56세,중상
2016081800100194,2016년 8월 18일 10시,목요일,전라남도 나주시 세지면,중상사고,0,1,6,0,차대차 - 추돌,안전운전불이행,건조,맑음,교차로 - 교차로부근,승합,남,39세,경상,화물,남,46세,중상
2016081800100195,2016년 8월 18일 10시,목요일,전라남도 영암군 신북면,경상사고,0,0,1,0,차대사람 - 기타,안전운전불이행,건조,맑음,교차로 - 교차로안,승합,남,37세,상해없음,보행자,여,74세,경상
2016081800100224,2016년 8월 18일 11시,목요일,전라남도 목포시 옥암동,경상사고,0,0,3,0,차대차 - 측면충돌,신호위반,건조,맑음,교차로 - 교차로안,승용,남,72세,경상,승용,남,37세,경상
2016081800100225,2016년 8월 18일 11시,목요일,전라남도 장흥군 장흥읍,경상사고,0,0,1,0,차대차 - 추돌,안전운전불이행,건조,맑음,교차로 - 교차로안,화물,남,59세,상해없음,승용,남,71세,경상
2016081800100251,2016년 8월 18일 12시,목요일,전라남도 목포시 옥암동,경상사고,0,0,1,0,차대차 - 추돌,안전운전불이행,건조,맑음,단일로 - 기타,승용,남,33세,상해없음,이륜,남,35세,경상
2016081800100252,2016년 8월 18일 12시,목요일,전라남도 목포시 산정동,경상사고,0,0,1,0,차대차 - 측면직각충돌,안전운전불이행,건조,맑음,단일로 - 기타,승용,여,38세,상해없음,승용,남,27세,경상
2016081800100253,2016년 8월 18일 12시,목요일,전라남도 영암군 신북면,중상사고,0,1,0,0,차대차 - 정면충돌,신호위반,건조,맑음,교차로 - 교차로안,화물,남,67세,상해없음,화물,남,48세,중상
2016081800100315,2016년 8월 18일 14시,목요일,전라남도 신안군 압해읍,경상사고,0,0,1,0,차대차 - 정면충돌,안전거리미확보,건조,맑음,단일로 - 기타,승용,여,41세,상해없음,승용,남,25세,경상
2016081800100316,2016년 8월 18일 14시,목요일,전라남도 여수시 미평동,경상사고,0,0,1,0,차대차 - 측면충돌,신호위반,건조,맑음,교차로 - 교차로안,승용,여,56세,상해없음,승용,남,27세,경상
2016081800100317,2016년 8월 18일 14시,목요일,전라남도 순천시 해룡면,중상사고,0,2,1,0,차량단독 - 전도전복,안전운전불이행,건조,맑음,단일로 - 기타,승용,여,59세,경상,,,,
2016081800100342,2016년 8월 18일 15시,목요일,전라남도 목포시 호남동,부상신고사고,0,0,0,1,차대차 - 측면충돌,안전운전불이행,건조,맑음,단일로 - 기타,기타불명,기타불명,기타불명,기타불명,자전거,남,14세,부상신고
2016081800100343,2016년 8월 18일 15시,목요일,전라남도 나주시 다시면,중상사고,0,1,0,0,차대차 - 측면직각충돌,직진우회전진행방해,건조,맑음,교차로 - 교차로안,원동기,남,75세,중상,승용,남,71세,상해없음
2016081800100382,2016년 8월 18일 16시,목요일,전라남도 보성군 문덕면,부상신고사고,0,0,0,1,차량단독 - 전도전복,안전운전불이행,건조,맑음,단일로 - 기타,이륜,남,54세,부상신고,,,,
2016081800100383,2016년 8월 18일 16시,목요일,전라남도 영암군 삼호읍,경상사고,0,0,2,0,차대차 - 측면직각충돌,안전운전불이행,건조,맑음,교차로 - 교차로안,승합,남,48세,상해없음,승용,여,35세,경상
2016081800100384,2016년 8월 18일 16시,목요일,전라남도 무안군 삼향읍,중상사고,0,1,4,0,차대차 - 추돌,안전거리미확보,건조,맑음,단일로 - 기타,승용,여,32세,경상,승용,남,34세,경상
2016081800100420,2016년 8월 18일 17시,목요일,전라남도 영암군 도포면,중상사고,0,1,0,0,차대차 - 측면충돌,중앙선침범,건조,맑음,교차로 - 교차로부근,원동기,남,80세,중상,화물,남,61세,상해없음
2016081800100421,2016년 8월 18일 17시,목요일,전라남도 구례군 구례읍,경상사고,0,0,1,0,차대차 - 측면직각충돌,안전운전불이행,건조,맑음,단일로 - 기타,승용,여,61세,상해없음,원동기,남,74세,경상
2016081800100494,2016년 8월 18일 19시,목요일,전라남도 목포시 축복동3가,경상사고,0,0,2,0,차대차 - 측면충돌,직진우회전진행방해,건조,맑음,교차로 - 교차로안,화물,남,27세,경상,승용,남,30세,경상
2016081800100495,2016년 8월 18일 19시,목요일,전라남도 목포시 금화동,경상사고,0,0,1,0,차대차 - 측면충돌,중앙선침범,건조,맑음,교차로 - 교차로부근,승용,남,60세,상해없음,승용,남,44세,경상
2016081800100496,2016년 8월 18일 19시,목요일,전라남도 여수시 웅천동,중상사고,0,1,2,0,차대차 - 정면충돌,신호위반,건조,맑음,교차로 - 교차로안,승용,여,43세,경상,승용,여,64세,중상