사고번호,사고일시,요일,시군구,사고내용,사망자수,중상자수,경상자수,부상신고자수,사고유형,법규위반,노면상태,기상상태,도로형태,가해운전자 차종,가해운전자 성별,가해운전자 연령,가해운전자 상해정도,피해운전자 차종,피해운전자 성별,피해운전자 연령,피해운전자 상해정도
2016082400100124,2016년 8월 24일 08시,수요일,전라남도 영암군 영암읍,부상신고사고,0,0,0,1,차대차 - 측면직각충돌,신호위반,건조,맑음,교차로 - 교차로안,이륜,남,75세,부상신고,승용,남,65세,상해없음
2016082400100169,2016년 8월 24일 09시,수요일,전라남도 목포시 상동,경상사고,0,0,1,0,차대차 - 측면직각충돌,신호위반,건조,맑음,교차로 - 교차로부근,승용,남,50세,상해없음,승용,남,56세,경상
2016082400100223,2016년 8월 24일 11시,수요일,전라남도 무안군 무안읍,경상사고,0,0,5,0,차대차 - 측면충돌,안전운전불이행,건조,맑음,교차로 - 교차로안,화물,남,57세,경상,승용,남,39세,경상
2016082400100260,2016년 8월 24일 12시,수요일,전라남도 해남군 산이면,중상사고,0,1,0,0,차량단독 - 공작물충돌,안전운전불이행,건조,맑음,단일로 - 기타,승용,남,73세,상해없음,,,,
2016082400100261,2016년 8월 24일 12시,수요일,전라남도 완도군 완도읍,경상사고,0,0,1,1,차대차 - 측면충돌,안전운전불이행,건조,맑음,단일로 - 기타,승용,여,57세,경상,화물,남,27세,부상신고
2016082400100262,2016년 8월 24일 12시,수요일,전라남도 광양시 진상면,중상사고,0,1,0,0,차대차 - 측면충돌,기타,건조,맑음,교차로 - 교차로안,승용,여,50세,상해없음,승용,여,47세,중상
2016082400100300,2016년 8월 24일 13시,수요일,전라남도 순천시 연향동,경상사고,0,0,1,0,차대사람 - 횡단중,안전운전불이행,건조,맑음,교차로 - 교차로부근,승용,남,49세,상해없음,보행자,여,57세,경상
2016082400100301,2016년 8월 24일 13시,수요일,전라남도 순천시 석현동,중상사고,0,1,0,0,차대차 - 측면충돌,안전운전불이행,건조,맑음,교차로 - 교차로부근,원동기,남,66세,중상,승용,남,26세,상해없음
2016082400100302,2016년 8월 24일 13시,수요일,전라남도 순천시 장천동,경상사고,0,0,1,0,차대차 - 측면충돌,교차로운행방법위반,건조,맑음,교차로 - 교차로안,승합,남,36세,상해없음,승용,남,47세,경상
2016082400100303,2016년 8월 24일 13시,수요일,전라남도 곡성군 삼기면,중상사고,0,1,0,0,차대차 - 측면충돌,안전운전불이행,건조,맑음,교차로 - 교차로안,화물,남,54세,상해없음,이륜,남,29세,중상
2016082400100335,2016년 8월 24일 14시,수요일,전라남도 고흥군 도양읍,중상사고,0,1,1,0,차대차 - 측면직각충돌,신호위반,건조,맑음,교차로 - 교차로안,승용,남,61세,중상,승용,남,63세,경상
2016082400100336,2016년 8월 24일 14시,수요일,전라남도 화순군 화순읍,경상사고,0,0,2,0,차대차 - 추돌,안전운전불이행,건조,맑음,단일로 - 기타,승용,여,42세,경상,화물,남,34세,경상
2016082400100337,2016년 8월 24일 14시,수요일,전라남도 장성군 장성읍,경상사고,0,0,4,0,차대차 - 추돌,안전운전불이행,건조,맑음,교차로 - 교차로부근,승용,남,44세,상해없음,승용,여,48세,경상
2016082400100338,2016년 8월 24일 14시,수요일,전라남도 강진군 강진읍,경상사고,0,0,3,0,차대차 - 측면직각충돌,안전거리미확보,건조,맑음,단일로 - 기타,화물,남,60세,상해없음,화물,남,62세,경상
2016082400100366,2016년 8월 24일 15시,수요일,전라남도 여수시 학동,중상사고,0,1,0,0,차대사람 - 횡단중,보행자보호의무위반,건조,맑음,단일로 - 기타,승용,남,35세,상해없음,보행자,여,72세,중상
2016082400100367,2016년 8월 24일 15시,수요일,전라남도 강진군 성전면,중상사고,0,1,1,0,차대차 - 기타,안전거리미확보,건조,맑음,단일로 - 기타,원동기,남,90세 이상,경상,승용,남,50세,상해없음
2016082400100399,2016년 8월 24일 16시,수요일,전라남도 여수시 미평동,경상사고,0,0,1,0,차대사람 - 횡단중,신호위반,건조,맑음,단일로 - 횡단보도상,승용,남,19세,기타불명,보행자,여,11세,경상
2016082400100400,2016년 8월 24일 16시,수요일,전라남도 광양시 광양읍,경상사고,0,0,2,0,차대차 - 추돌,안전거리미확보,건조,맑음,단일로 - 기타,승용,남,62세,상해없음,화물,여,41세,경상
2016082400100441,2016년 8월 24일 17시,수요일,전라남도 나주시 금천면,경상사고,0,0,2,0,차대차 - 추돌,안전운전불이행,건조,맑음,교차로 - 교차로부근,화물,남,59세,경상,화물,여,47세,경상
2016082400100442,2016년 8월 24일 17시,수요일,전라남도 고흥군 고흥읍,중상사고,0,1,0,0,차대차 - 기타,안전운전불이행,건조,맑음,단일로 - 기타,승용,여,54세,상해없음,자전거,여,51세,중상
2016082400100443,2016년 8월 24일 17시,수요일,전라남도 고흥군 도화면,사망사고,1,0,0,0,차대사람 - 횡단중,안전운전불이행,건조,맑음,교차로 - 교차로안,화물,남,53세,상해없음,보행자,여,76세,사망
2016082400100444,2016년 8월 24일 17시,수요일,전라남도 고흥군 금산면,중상사고,0,1,0,0,차대차 - 측면충돌,교차로운행방법위반,건조,맑음,교차로 - 교차로안,이륜,남,66세,중상,승용,남,67세,상해없음
2016082400100445,2016년 8월 24일 17시,수요일,전라남도 화순군 화순읍,경상사고,0,0,1,0,차대차 - 측면충돌,교차로운행방법위반,건조,맑음,교차로 - 교차로안,원동기,남,69세,경상,승용,남,32세,상해없음
2016082400100486,2016년 8월 24일 18시,수요일,전라남도 순천시 장천동,경상사고,0,0,1,0,차대차 - 추돌,안전운전불이행,건조,맑음,교차로 - 교차로안,승용,남,28세,상해없음,승용,남,40세,경상
2016082400100487,2016년 8월 24일 18시,수요일,전라남도 무안군 삼향읍,경상사고,0,0,3,0,차대차 - 측면충돌,안전운전불이행,건조,맑음,단일로 - 기타,화물,남,62세,경상,승용,남,58세,경상
2016082400100488,2016년 8월 24일 18시,수요일,전라남도 구례군 구례읍,중상사고,0,1,0,0,차대차 - 측면직각충돌,직진우회전진행방해,건조,맑음,교차로 - 교차로안,화물,남,43세,상해없음,이륜,남,58세,중상
2016082400100517,2016년 8월 24일 19시,수요일,전라남도 영광군 영광읍,경상사고,0,0,2,0,차대차 - 측면직각충돌,중앙선침범,건조,맑음,단일로 - 기타,승용,남,73세,상해없음,승용,남,31세,경상
2016082400100518,2016년 8월 24일 19시,수요일,전라남도 진도군 군내면,경상사고,0,0,1,0,차대사람 - 기타,안전운전불이행,건조,맑음,단일로 - 기타,화물,남,66세,상해없음,보행자,남,58세,경상
2016082400100629,2016년 8월 24일 22시,수요일,전라남도 여수시 평여동,경상사고,0,0,1,0,차대차 - 정면충돌,교차로운행방법위반,건조,맑음,교차로 - 교차로안,특수,남,47세,경상,화물,남,57세,상해없음
2016082500100047,2016년 8월 25일 03시,목요일,전라남도 여수시 여서동,경상사고,0,0,1,0,차대차 - 측면충돌,교차로운행방법위반,건조,맑음,교차로 - 교차로안,화물,남,59세,상해없음,승용,남,52세,경상
2016082500100069,2016년 8월 25일 06시,목요일,전라남도 목포시 용당동,경상사고,0,0,6,0,차대차 - 추돌,안전운전불이행,건조,맑음,교차로 - 교차로부근,승합,남,27세,상해없음,승합,남,68세,상해없음
2016082500100092,2016년 8월 25일 07시,목요일,전라남도 신안군 지도읍,중상사고,0,1,0,0,차대차 - 측면충돌,기타,건조,맑음,단일로 - 기타,화물,남,55세,상해없음,농기계,남,70세,중상
2016082500100093,2016년 8월 25일 07시,목요일,전라남도 여수시 봉계동,중상사고,0,1,0,0,차대차 - 측면충돌,안전운전불이행,건조,맑음,교차로 - 교차로부근,원동기,남,23세,중상,승용,남,42세,상해없음
2016082500100094,2016년 8월 25일 07시,목요일,전라남도 나주시 남평읍,사망사고,1,0,0,0,차대차 - 정면충돌,안전운전불이행,건조,맑음,교차로 - 교차로부근,화물,남,62세,상해없음,자전거,남,54세,사망
2016082500100120,2016년 8월 25일 08시,목요일,전라남도 나주시 금천면,중상사고,0,1,4,0,차대차 - 추돌,안전운전불이행,건조,맑음,교차로 - 교차로부근,화물,남,23세,경상,승용,남,25세,중상
2016082500100121,2016년 8월 25일 08시,목요일,전라남도 장성군 진원면,경상사고,0,0,3,0,차대차 - 측면충돌,교차로운행방법위반,건조,맑음,교차로 - 교차로안,화물,남,47세,상해없음,승용,남,70세,경상
2016082500100154,2016년 8월 25일 09시,목요일,전라남도 목포시 연산동,경상사고,0,0,1,0,차대차 - 측면충돌,차로위반,건조,맑음,기타 - 기타,특수,남,52세,상해없음,승용,여,34세,경상
2016082500100219,2016년 8월 25일 11시,목요일,전라남도 여수시 율촌면,경상사고,0,0,1,0,차량단독 - 공작물충돌,안전운전불이행,건조,맑음,단일로 - 기타,승용,여,56세,경상,,,,
2016082500100220,2016년 8월 25일 11시,목요일,전라남도 여수시 국동,경상사고,0,0,2,0,차대차 - 측면직각충돌,중앙선침범,건조,맑음,단일로 - 기타,승용,남,50세,상해없음,승용,여,57세,경상
2016082500100244,2016년 8월 25일 12시,목요일,전라남도 목포시 연산동,경상사고,0,0,1,0,차대차 - 추돌,안전운전불이행,건조,맑음,미분류 - 미분류,승용,남,55세,상해없음,화물,남,42세,경상
2016082500100245,2016년 8월 25일 12시,목요일,전라남도 여수시 학동,경상사고,0,0,3,0,차대차 - 측면직각충돌,안전운전불이행,건조,맑음,교차로 - 교차로부근,승용,여,42세,경상,승용,남,43세,경상
2016082500100246,2016년 8월 25일 12시,목요일,전라남도 순천시 서면,경상사고,0,0,1,0,차대차 - 측면충돌,차로위반,건조,맑음,단일로 - 기타,승용,남,21세,상해없음,승용,남,30세,경상
2016082500100247,2016년 8월 25일 12시,목요일,전라남도 순천시 서면,경상사고,0,0,1,0,차대차 - 기타,차로위반,건조,맑음,단일로 - 기타,승용,남,21세,상해없음,승용,남,30세,경상
2016082500100248,2016년 8월 25일 12시,목요일,전라남도 광양시 옥곡면,경상사고,0,0,2,0,차대차 - 측면충돌,중앙선침범,건조,맑음,교차로 - 교차로부근,승용,남,43세,상해없음,승용,남,59세,경상
2016082500100350,2016년 8월 25일 15시,목요일,전라남도 화순군 화순읍,경상사고,0,0,1,0,차량단독 - 공작물충돌,안전운전불이행,건조,맑음,단일로 - 기타,승용,남,59세,경상,,,,
2016082500100351,2016년 8월 25일 15시,목요일,전라남도 진도군 진도읍,경상사고,0,0,1,0,차대사람 - 횡단중,안전운전불이행,건조,맑음,단일로 - 기타,화물,남,39세,상해없음,보행자,여,47세,경상
2016082500100385,2016년 8월 25일 16시,목요일,전라남도 강진군 병영면,부상신고사고,0,0,0,1,차대차 - 기타,안전운전불이행,건조,맑음,단일로 - 기타,이륜,남,52세,부상신고,농기계,남,56세,상해없음
2016082500100386,2016년 8월 25일 16시,목요일,전라남도 광양시 중동,경상사고,0,0,1,0,차대차 - 측면충돌,교차로운행방법위반,건조,맑음,교차로 - 교차로안,승용,여,36세,상해없음,자전거,여,16세,경상
2016082500100414,2016년 8월 25일 17시,목요일,전라남도 목포시 상동,경상사고,0,0,1,0,차대차 - 측면직각충돌,차로위반,건조,흐림,기타 - 기타,승용,여,64세,상해없음,승용,남,68세,경상
2016082500100415,2016년 8월 25일 17시,목요일,전라남도 목포시 상동,경상사고,0,0,1,0,차대차 - 정면충돌,안전운전불이행,건조,맑음,교차로 - 교차로안,승용,여,19세,상해없음,자전거,남,15세,경상
2016082500100416,2016년 8월 25일 17시,목요일,전라남도 구례군 구례읍,경상사고,0,0,1,0,차대차 - 측면충돌,교차로운행방법위반,건조,맑음,교차로 - 교차로안,승용,여,37세,상해없음,이륜,남,61세,경상
2016082500100456,2016년 8월 25일 18시,목요일,전라남도 순천시 해룡면,경상사고,0,0,1,0,차대차 - 측면충돌,안전운전불이행,건조,맑음,교차로 - 교차로부근,승용,남,33세,상해없음,승용,남,51세,경상
2016082500100496,2016년 8월 25일 19시,목요일,전라남도 완도군 청산면,중상사고,0,2,0,0,차대차 - 정면충돌,안전운전불이행,건조,맑음,교차로 - 교차로안,이륜,남,71세,중상,승용,남,52세,상해없음
2016082500100540,2016년 8월 25일 20시,목요일,전라남도 목포시 상동,경상사고,0,0,3,0,차대차 - 정면충돌,교차로운행방법위반,건조,맑음,교차로 - 교차로안,승용,남,41세,상해없음,승용,여,43세,경상
2016082500100541,2016년 8월 25일 20시,목요일,전라남도 여수시 여서동,중상사고,0,1,0,0,차대차 - 측면직각충돌,안전운전불이행,건조,맑음,교차로 - 교차로부근,화물,남,43세,상해없음,이륜,남,22세,중상
2016082500100608,2016년 8월 25일 22시,목요일,전라남도 강진군 강진읍,중상사고,0,1,2,0,차대차 - 측면충돌,신호위반,건조,맑음,교차로 - 교차로안,승용,여,28세,경상,승용,남,20세,상해없음
2016082600100115,2016년 8월 26일 05시,금요일,전라남도 목포시 산정동,중상사고,0,1,0,0,차대사람 - 횡단중,신호위반,건조,맑음,단일로 - 횡단보도상,화물,남,61세,상해없음,보행자,여,60세,중상
2016082600100116,2016년 8월 26일 05시,금요일,전라남도 순천시 조례동,중상사고,0,1,0,0,차대사람 - 횡단중,안전운전불이행,건조,맑음,단일로 - 기타,승용,남,61세,상해없음,보행자,여,71세,중상
2016082600100134,2016년 8월 26일 06시,금요일,전라남도 순천시 해룡면,경상사고,0,0,2,0,차대차 - 측면충돌,직진우회전진행방해,건조,맑음,교차로 - 교차로안,승용,남,48세,경상,승용,여,54세,경상
2016082600100135,2016년 8월 26일 06시,금요일,전라남도 순천시 조례동,경상사고,0,0,2,0,차대차 - 측면충돌,안전운전불이행,건조,맑음,기타 - 기타,화물,남,50세,경상,승용,남,70세,상해없음
2016082600100136,2016년 8월 26일 06시,금요일,전라남도 장흥군 장흥읍,경상사고,0,0,1,0,차대사람 - 기타,안전운전불이행,건조,맑음,단일로 - 기타,승용,남,41세,상해없음,보행자,남,17세,경상
2016082600100190,2016년 8월 26일 08시,금요일,전라남도 목포시 상동,경상사고,0,0,3,0,차대차 - 측면충돌,직진우회전진행방해,건조,맑음,교차로 - 교차로안,승용,여,43세,경상,승용,남,49세,경상
2016082600100191,2016년 8월 26일 08시,금요일,전라남도 영광군 군서면,경상사고,0,0,1,0,차량단독 - 공작물충돌,안전운전불이행,습기,비,단일로 - 기타,승용,여,43세,경상,,,,
2016082600100192,2016년 8월 26일 08시,금요일,전라남도 진도군 진도읍,중상사고,0,1,0,0,차대차 - 기타,과속,건조,맑음,단일로 - 기타,승용,여,46세,상해없음,농기계,남,75세,중상
2016082600100227,2016년 8월 26일 09시,금요일,전라남도 목포시 용당동,중상사고,0,1,0,1,차대사람 - 횡단중,안전운전불이행,건조,맑음,기타 - 기타,승용,남,38세,상해없음,보행자,여,57세,부상신고
2016082600100258,2016년 8월 26일 10시,금요일,전라남도 고흥군 도화면,중상사고,0,1,0,0,차대차 - 측면충돌,중앙선침범,건조,맑음,단일로 - 기타,이륜,남,72세,중상,건설기계,남,54세,상해없음
2016082600100287,2016년 8월 26일 11시,금요일,전라남도 목포시 용당동,경상사고,0,0,1,0,차대차 - 측면충돌,안전운전불이행,건조,맑음,교차로 - 교차로안,자전거,남,89세,경상,승용,남,64세,상해없음
2016082600100288,2016년 8월 26일 11시,금요일,전라남도 해남군 삼산면,경상사고,0,0,5,0,차대차 - 정면충돌,중앙선침범,건조,맑음,단일로 - 기타,승용,여,61세,경상,승용,남,55세,경상
2016082600100340,2016년 8월 26일 13시,금요일,전라남도 영암군 미암면,중상사고,0,1,0,0,차대차 - 측면직각충돌,중앙선침범,건조,맑음,단일로 - 기타,승용,남,71세,상해없음,이륜,남,67세,중상
2016082600100381,2016년 8월 26일 14시,금요일,전라남도 해남군 옥천면,경상사고,0,0,3,0,차대차 - 추돌,안전운전불이행,습기,비,교차로 - 교차로부근,화물,남,37세,상해없음,승용,남,22세,경상
2016082600100382,2016년 8월 26일 14시,금요일,전라남도 담양군 금성면,중상사고,0,1,0,0,차대차 - 정면충돌,직진우회전진행방해,습기,비,교차로 - 교차로안,승용,여,52세,중상,승용,남,48세,상해없음
2016082600100383,2016년 8월 26일 14시,금요일,전라남도 구례군 토지면,중상사고,0,2,0,0,차대차 - 추돌,안전거리미확보,습기,비,단일로 - 기타,건설기계,남,63세,상해없음,화물,남,76세,중상
2016082600100418,2016년 8월 26일 15시,금요일,전라남도 구례군 구례읍,경상사고,0,0,5,0,차대차 - 측면직각충돌,안전운전불이행,습기,비,교차로 - 교차로부근,원동기,남,61세,경상,승용,여,34세,경상
2016082600100419,2016년 8월 26일 15시,금요일,전라남도 보성군 벌교읍,중상사고,0,1,0,0,차량단독 - 기타,안전운전불이행,습기,비,단일로 - 기타,승용,남,28세,중상,,,,
2016082600100466,2016년 8월 26일 16시,금요일,전라남도 영광군 군서면,중상사고,0,1,2,0,차대차 - 측면직각충돌,안전운전불이행,건조,맑음,단일로 - 기타,화물,남,68세,상해없음,승용,남,32세,경상
2016082600100467,2016년 8월 26일 16시,금요일,전라남도 무안군 현경면,부상신고사고,0,0,0,1,차량단독 - 전도전복,안전운전불이행,건조,맑음,단일로 - 기타,화물,남,19세,부상신고,,,,
2016082600100468,2016년 8월 26일 16시,금요일,전라남도 진도군 진도읍,중상사고,0,1,0,0,차대차 - 추돌,안전운전불이행,습기,비,단일로 - 기타,이륜,남,72세,상해없음,농기계,남,75세,중상
2016082600100509,2016년 8월 26일 17시,금요일,전라남도 화순군 화순읍,중상사고,0,1,0,0,차대차 - 기타,직진우회전진행방해,습기,비,교차로 - 교차로안,이륜,남,57세,중상,승용,남,70세,상해없음
2016082600100510,2016년 8월 26일 17시,금요일,전라남도 구례군 구례읍,중상사고,0,1,1,0,차대차 - 측면직각충돌,교차로운행방법위반,습기,비,교차로 - 교차로안,승용,남,26세,상해없음,원동기,남,80세,중상
2016082600100620,2016년 8월 26일 19시,금요일,전라남도 해남군 현산면,사망사고,1,0,0,0,차대사람 - 차도통행중,안전운전불이행,습기,맑음,단일로 - 기타,승용,남,46세,상해없음,보행자,남,37세,사망
2016082600100662,2016년 8월 26일 20시,금요일,전라남도 여수시 학동,경상사고,0,0,1,0,차대차 - 추돌,안전운전불이행,습기,비,단일로 - 기타,승용,남,61세,상해없음,승용,남,49세,경상
2016082600100663,2016년 8월 26일 20시,금요일,전라남도 영암군 삼호읍,중상사고,0,1,0,0,차대차 - 추돌,안전운전불이행,건조,맑음,교차로 - 교차로안,승용,남,39세,상해없음,승용,남,35세,중상
2016082600100664,2016년 8월 26일 20시,금요일,전라남도 영암군 덕진면,경상사고,0,0,2,0,차대차 - 측면직각충돌,안전운전불이행,건조,맑음,교차로 - 교차로안,승용,여,51세,상해없음,승용,여,41세,경상
2016082600100665,2016년 8월 26일 20시,금요일,전라남도 광양시 중동,경상사고,0,0,2,0,차대차 - 측면직각충돌,직진우회전진행방해,습기,맑음,교차로 - 교차로안,승용,남,53세,상해없음,승용,여,38세,경상
2016082600100700,2016년 8월 26일 21시,금요일,전라남도 나주시 송월동,경상사고,0,0,9,0,차대차 - 추돌,안전운전불이행,습기,비,교차로 - 교차로부근,승합,남,53세,상해없음,승용,남,41세,경상
2016082600100701,2016년 8월 26일 21시,금요일,전라남도 광양시 중동,경상사고,0,0,3,0,차대차 - 측면직각충돌,신호위반,습기,비,교차로 - 교차로안,승용,남,30세,상해없음,승용,남,30세,경상
2016082600100771,2016년 8월 26일 23시,금요일,전라남도 목포시 옥암동,사망사고,1,0,0,0,차대차 - 기타,안전운전불이행,건조,맑음,단일로 - 기타,화물,남,50세,사망,승합,남,47세,기타불명
2016082600100772,2016년 8월 26일 23시,금요일,전라남도 여수시 신기동,경상사고,0,0,1,0,차대사람 - 길가장자리구역통행중,기타,습기,비,단일로 - 기타,승용,남,50세,상해없음,보행자,남,44세,경상
2016082600100773,2016년 8월 26일 23시,금요일,전라남도 광양시 마동,경상사고,0,0,3,0,차대차 - 측면충돌,신호위반,습기,비,교차로 - 교차로안,승용,남,57세,상해없음,승용,여,36세,상해없음
2016082700100055,2016년 8월 27일 02시,토요일,전라남도 무안군 삼향읍,중상사고,0,1,1,0,차대차 - 추돌,안전운전불이행,건조,맑음,교차로 - 교차로안,승용,남,36세,경상,승용,여,50세,중상
2016082700100069,2016년 8월 27일 03시,토요일,전라남도 목포시 산정동,경상사고,0,0,1,0,차대차 - 추돌,안전운전불이행,건조,맑음,단일로 - 횡단보도부근,승용,남,41세,상해없음,승용,남,34세,경상
2016082700100118,2016년 8월 27일 06시,토요일,전라남도 무안군 무안읍,중상사고,0,1,0,0,차대사람 - 차도통행중,안전운전불이행,건조,흐림,교차로 - 교차로안,화물,남,52세,상해없음,보행자,여,58세,중상
2016082700100157,2016년 8월 27일 08시,토요일,전라남도 목포시 상동,경상사고,0,0,1,0,차대차 - 측면충돌,신호위반,건조,맑음,교차로 - 교차로안,승용,남,55세,기타불명,승용,여,48세,경상
2016082700100195,2016년 8월 27일 09시,토요일,전라남도 영광군 백수읍,경상사고,0,0,3,1,차대차 - 추돌,안전운전불이행,습기,비,단일로 - 기타,승용,남,34세,경상,승용,남,68세,경상
2016082700100235,2016년 8월 27일 10시,토요일,전라남도 영광군 영광읍,부상신고사고,0,0,0,1,차대차 - 측면충돌,안전운전불이행,습기,비,단일로 - 기타,이륜,남,35세,부상신고,승용,여,48세,상해없음
2016082700100271,2016년 8월 27일 11시,토요일,전라남도 광양시 광양읍,중상사고,0,1,0,0,차대차 - 측면직각충돌,안전운전불이행,건조,맑음,단일로 - 기타,승용,남,62세,상해없음,원동기,남,75세,중상
2016082700100313,2016년 8월 27일 12시,토요일,전라남도 목포시 대양동,경상사고,0,0,1,0,차대차 - 추돌,안전운전불이행,건조,맑음,교차로 - 교차로안,자전거,남,71세,경상,승용,남,41세,상해없음
2016082700100314,2016년 8월 27일 12시,토요일,전라남도 여수시 여서동,경상사고,0,0,1,0,차대차 - 측면충돌,교차로운행방법위반,건조,맑음,교차로 - 교차로부근,승용,남,75세,상해없음,승용,남,43세,경상
2016082700100354,2016년 8월 27일 13시,토요일,전라남도 목포시 상동,경상사고,0,0,1,0,차대차 - 측면충돌,안전운전불이행,건조,맑음,단일로 - 기타,승용,남,26세,상해없음,승용,남,55세,상해없음
2016082700100386,2016년 8월 27일 14시,토요일,전라남도 담양군 담양읍,경상사고,0,0,4,0,차대차 - 측면충돌,안전운전불이행,건조,맑음,교차로 - 교차로안,승용,남,73세,경상,승용,남,25세,경상
2016082700100422,2016년 8월 27일 15시,토요일,전라남도 나주시 성북동,중상사고,0,1,0,1,차대차 - 측면직각충돌,안전운전불이행,건조,맑음,단일로 - 기타,승용,남,62세,부상신고,원동기,남,18세,중상
2016082700100423,2016년 8월 27일 15시,토요일,전라남도 나주시 빛가람동,경상사고,0,0,2,0,차대차 - 추돌,안전운전불이행,건조,맑음,단일로 - 기타,승용,남,54세,상해없음,승용,여,33세,상해없음
2016082700100424,2016년 8월 27일 15시,토요일,전라남도 무안군 현경면,중상사고,0,1,0,0,차대사람 - 횡단중,보행자보호의무위반,건조,맑음,단일로 - 기타,화물,남,49세,상해없음,보행자,남,75세,중상
2016082700100425,2016년 8월 27일 15시,토요일,전라남도 순천시 서면,경상사고,0,0,1,0,차대차 - 추돌,안전거리미확보,건조,맑음,단일로 - 기타,승용,여,54세,상해없음,승용,남,60세,경상
2016082700100456,2016년 8월 27일 16시,토요일,전라남도 여수시 소라면,경상사고,0,0,1,0,차대차 - 정면충돌,안전운전불이행,건조,맑음,단일로 - 기타,승용,여,54세,경상,승용,남,45세,기타불명
2016082700100457,2016년 8월 27일 16시,토요일,전라남도 순천시 승주읍,경상사고,0,0,1,0,차대차 - 측면직각충돌,중앙선침범,건조,맑음,단일로 - 기타,화물,남,64세,상해없음,승용,여,55세,경상
2016082700100458,2016년 8월 27일 16시,토요일,전라남도 장흥군 용산면,경상사고,0,0,1,0,차대차 - 정면충돌,중앙선침범,건조,흐림,단일로 - 기타,승용,남,54세,상해없음,화물,남,56세,경상
2016082700100606,2016년 8월 27일 20시,토요일,전라남도 목포시 측후동,경상사고,0,0,1,0,차대차 - 측면충돌,안전운전불이행,건조,맑음,단일로 - 기타,승용,여,56세,상해없음,승용,남,24세,경상
2016082700100631,2016년 8월 27일 21시,토요일,전라남도 순천시 장천동,경상사고,0,0,4,1,차대차 - 측면직각충돌,안전운전불이행,건조,맑음,단일로 - 기타,승용,남,46세,부상신고,승용,여,40세,경상
2016082700100632,2016년 8월 27일 21시,토요일,전라남도 영암군 삼호읍,중상사고,0,1,0,0,차대사람 - 횡단중,보행자보호의무위반,건조,맑음,단일로 - 횡단보도상,승용,여,56세,상해없음,보행자,남,42세,중상
2016082800100017,2016년 8월 28일 00시,일요일,전라남도 목포시 상동,경상사고,0,0,1,0,차대차 - 측면충돌,신호위반,습기,비,교차로 - 교차로안,화물,남,64세,상해없음,승용,남,18세,경상
2016082800100018,2016년 8월 28일 00시,일요일,전라남도 순천시 조례동,경상사고,0,0,1,0,차대차 - 측면충돌,안전운전불이행,습기,비,교차로 - 교차로안,승용,남,31세,상해없음,승용,남,41세,경상
2016082800100040,2016년 8월 28일 01시,일요일,전라남도 목포시 옥암동,중상사고,0,1,0,0,차대차 - 기타,안전운전불이행,습기,비,단일로 - 기타,승용,남,49세,상해없음,원동기,남,56세,중상
2016082800100047,2016년 8월 28일 02시,일요일,전라남도 목포시 옥암동,경상사고,0,0,4,0,차대차 - 추돌,안전운전불이행,습기,비,단일로 - 기타,승용,여,36세,상해없음,승용,남,25세,경상
2016082800100061,2016년 8월 28일 03시,일요일,전라남도 순천시 서면,부상신고사고,0,0,0,1,차량단독 - 도로외이탈 - 추락,안전운전불이행,습기,비,단일로 - 기타,승용,남,35세,부상신고,,,,
2016082800100098,2016년 8월 28일 06시,일요일,전라남도 순천시 월등면,경상사고,0,0,1,0,차량단독 - 전도전복,안전운전불이행,습기,비,단일로 - 기타,승용,남,34세,경상,,,,
2016082800100122,2016년 8월 28일 08시,일요일,전라남도 곡성군 곡성읍,중상사고,0,1,0,0,차대차 - 측면충돌,안전운전불이행,습기,비,교차로 - 교차로안,승용,여,45세,상해없음,원동기,여,70세,중상
2016082800100138,2016년 8월 28일 09시,일요일,전라남도 여수시 미평동,중상사고,0,1,0,0,차대차 - 측면충돌,안전운전불이행,습기,비,교차로 - 교차로부근,승용,여,48세,상해없음,원동기,남,37세,중상
2016082800100157,2016년 8월 28일 10시,일요일,전라남도 고흥군 금산면,경상사고,0,0,5,0,차대차 - 추돌,안전운전불이행,습기,흐림,교차로 - 교차로안,승용,여,43세,상해없음,승용,남,46세,경상
2016082800100178,2016년 8월 28일 11시,일요일,전라남도 순천시 승주읍,경상사고,0,0,7,0,차대차 - 측면직각충돌,안전운전불이행,습기,비,교차로 - 교차로안,화물,남,62세,상해없음,승합,여,28세,경상
2016082800100179,2016년 8월 28일 11시,일요일,전라남도 광양시 광양읍,경상사고,0,0,3,0,차대차 - 추돌,안전운전불이행,습기,맑음,단일로 - 기타,승용,남,47세,상해없음,승용,남,58세,경상
2016082800100200,2016년 8월 28일 12시,일요일,전라남도 순천시 외서면,경상사고,0,0,1,0,차대차 - 기타,안전운전불이행,습기,맑음,교차로 - 교차로부근,이륜,남,45세,경상,승합,남,52세,상해없음
2016082800100223,2016년 8월 28일 13시,일요일,전라남도 광양시 봉강면,중상사고,0,2,1,0,차대차 - 정면충돌,중앙선침범,습기,비,단일로 - 기타,승용,남,39세,경상,승용,남,43세,중상