사고번호,사고일시,요일,시군구,사고내용,사망자수,중상자수,경상자수,부상신고자수,사고유형,법규위반,노면상태,기상상태,도로형태,가해운전자 차종,가해운전자 성별,가해운전자 연령,가해운전자 상해정도,피해운전자 차종,피해운전자 성별,피해운전자 연령,피해운전자 상해정도
2016090100100272,2016년 9월 1일 13시,목요일,전라남도 순천시 조례동,중상사고,0,1,0,0,차대사람 - 횡단중,안전운전불이행,건조,맑음,단일로 - 기타,승용,남,50세,상해없음,보행자,남,9세,중상
2016090100100273,2016년 9월 1일 13시,목요일,전라남도 광양시 광영동,경상사고,0,0,1,0,차대차 - 측면직각충돌,차로위반,건조,맑음,교차로 - 교차로부근,화물,남,55세,상해없음,승용,여,28세,경상
2016090100100300,2016년 9월 1일 14시,목요일,전라남도 나주시 세지면,경상사고,0,0,1,0,차대차 - 정면충돌,중앙선침범,건조,맑음,단일로 - 기타,승합,남,75세,상해없음,화물,남,58세,경상
2016090100100301,2016년 9월 1일 14시,목요일,전라남도 영암군 시종면,중상사고,0,1,0,0,차량단독 - 전도전복,안전운전불이행,건조,맑음,단일로 - 기타,이륜,여,74세,중상,,,,
2016090100100340,2016년 9월 1일 15시,목요일,전라남도 여수시 학동,경상사고,0,0,1,0,차대사람 - 횡단중,신호위반,건조,맑음,교차로 - 교차로부근,승용,여,38세,기타불명,보행자,여,38세,경상
2016090100100341,2016년 9월 1일 15시,목요일,전라남도 강진군 대구면,경상사고,0,0,1,0,차대차 - 정면충돌,안전운전불이행,건조,맑음,단일로 - 기타,화물,남,54세,상해없음,승용,여,45세,경상
2016090100100456,2016년 9월 1일 18시,목요일,전라남도 여수시 중흥동,경상사고,0,0,1,0,차대차 - 측면충돌,중앙선침범,습기,비,단일로 - 기타,승용,남,45세,상해없음,승용,남,23세,경상
2016090100100457,2016년 9월 1일 18시,목요일,전라남도 화순군 동면,경상사고,0,0,3,0,차대차 - 측면충돌,안전운전불이행,건조,맑음,교차로 - 교차로안,승용,여,52세,상해없음,승용,여,34세,경상
2016090100100458,2016년 9월 1일 18시,목요일,전라남도 강진군 군동면,경상사고,0,0,1,0,차대차 - 기타,안전운전불이행,건조,맑음,단일로 - 기타,승용,여,30세,상해없음,자전거,남,35세,경상
2016090100100501,2016년 9월 1일 19시,목요일,전라남도 나주시 대호동,경상사고,0,0,2,0,차대차 - 기타,직진우회전진행방해,건조,맑음,교차로 - 교차로안,이륜,남,51세,경상,승합,남,66세,경상
2016090100100502,2016년 9월 1일 19시,목요일,전라남도 보성군 벌교읍,경상사고,0,0,1,0,차대차 - 측면충돌,안전운전불이행,건조,맑음,단일로 - 기타,승용,남,54세,상해없음,원동기,남,77세,경상
2016090100100525,2016년 9월 1일 20시,목요일,전라남도 목포시 산정동,중상사고,0,1,0,0,차대사람 - 횡단중,안전운전불이행,건조,맑음,단일로 - 기타,기타불명,기타불명,기타불명,기타불명,보행자,남,67세,중상
2016090100100563,2016년 9월 1일 21시,목요일,전라남도 순천시 서면,경상사고,0,0,1,0,차량단독 - 전도전복,안전운전불이행,습기,비,단일로 - 기타,승용,여,73세,경상,,,,
2016090100100564,2016년 9월 1일 21시,목요일,전라남도 해남군 옥천면,경상사고,0,0,4,0,차대차 - 정면충돌,중앙선침범,건조,맑음,단일로 - 기타,승용,여,44세,경상,화물,남,51세,경상
2016090100100599,2016년 9월 1일 22시,목요일,전라남도 목포시 상동,경상사고,0,0,3,0,차대차 - 측면충돌,교차로운행방법위반,건조,맑음,교차로 - 교차로안,승용,남,51세,경상,승용,남,55세,경상
2016090200100016,2016년 9월 2일 00시,금요일,전라남도 광양시 중동,경상사고,0,0,1,0,차량단독 - 공작물충돌,안전운전불이행,습기,비,교차로 - 교차로부근,승용,남,26세,상해없음,,,,
2016090200100030,2016년 9월 2일 01시,금요일,전라남도 여수시 여서동,경상사고,0,0,1,0,차대사람 - 횡단중,안전운전불이행,습기,비,단일로 - 기타,승용,남,20세,상해없음,보행자,남,37세,경상
2016090200100064,2016년 9월 2일 04시,금요일,전라남도 영암군 삼호읍,중상사고,0,1,1,0,차대차 - 측면직각충돌,안전운전불이행,습기,비,단일로 - 기타,승용,남,26세,경상,승용,여,56세,중상
2016090200100076,2016년 9월 2일 05시,금요일,전라남도 여수시 미평동,중상사고,0,1,0,0,차대차 - 측면직각충돌,신호위반,습기,비,교차로 - 교차로부근,승용,남,66세,상해없음,원동기,남,74세,중상
2016090200100157,2016년 9월 2일 08시,금요일,전라남도 여수시 봉계동,중상사고,0,1,0,0,차대차 - 추돌,안전운전불이행,습기,비,단일로 - 기타,화물,남,39세,중상,화물,남,21세,상해없음
2016090200100158,2016년 9월 2일 08시,금요일,전라남도 보성군 득량면,경상사고,0,0,1,0,차대차 - 측면충돌,안전운전불이행,습기,비,단일로 - 기타,승용,남,72세,상해없음,화물,남,55세,상해없음
2016090200100159,2016년 9월 2일 08시,금요일,전라남도 함평군 학교면,경상사고,0,0,1,0,차대차 - 측면충돌,직진우회전진행방해,건조,맑음,교차로 - 교차로안,승용,남,26세,경상,화물,남,53세,상해없음
2016090200100160,2016년 9월 2일 08시,금요일,전라남도 담양군 수북면,중상사고,0,1,1,0,차대차 - 측면직각충돌,안전운전불이행,건조,흐림,교차로 - 교차로안,승용,남,43세,경상,화물,남,62세,중상
2016090200100196,2016년 9월 2일 09시,금요일,전라남도 목포시 상동,경상사고,0,0,3,0,차대차 - 측면충돌,중앙선침범,건조,맑음,단일로 - 기타,승용,남,56세,상해없음,승용,남,33세,경상
2016090200100197,2016년 9월 2일 09시,금요일,전라남도 보성군 보성읍,중상사고,0,1,0,0,차대사람 - 횡단중,안전운전불이행,습기,비,단일로 - 기타,승합,남,60세,상해없음,보행자,여,76세,중상
2016090200100242,2016년 9월 2일 11시,금요일,전라남도 해남군 해남읍,중상사고,0,1,0,0,차대차 - 정면충돌,직진우회전진행방해,습기,비,교차로 - 교차로안,원동기,여,68세,중상,승용,여,66세,상해없음
2016090200100276,2016년 9월 2일 12시,금요일,전라남도 목포시 죽교동,경상사고,0,0,1,0,차대차 - 측면충돌,중앙선침범,건조,맑음,단일로 - 기타,승용,남,25세,기타불명,승용,남,35세,경상
2016090200100277,2016년 9월 2일 12시,금요일,전라남도 무안군 일로읍,경상사고,0,0,2,0,차대차 - 측면직각충돌,중앙선침범,건조,맑음,교차로 - 교차로안,승용,남,36세,상해없음,승용,남,30세,경상
2016090200100334,2016년 9월 2일 14시,금요일,전라남도 장흥군 장흥읍,중상사고,0,1,2,0,차대차 - 추돌,안전운전불이행,습기,비,교차로 - 교차로부근,화물,남,50세,상해없음,승용,남,58세,경상
2016090200100335,2016년 9월 2일 14시,금요일,전라남도 영암군 도포면,중상사고,0,1,2,0,차대차 - 추돌,안전운전불이행,건조,맑음,단일로 - 기타,승용,여,53세,경상,화물,여,66세,중상
2016090200100443,2016년 9월 2일 17시,금요일,전라남도 목포시 산정동,경상사고,0,0,1,0,차량단독 - 기타,안전운전불이행,건조,맑음,단일로 - 기타,자전거,남,69세,경상,,,,
2016090200100444,2016년 9월 2일 17시,금요일,전라남도 여수시 여서동,경상사고,0,0,1,0,차대차 - 측면충돌,안전운전불이행,습기,비,교차로 - 교차로부근,승용,남,59세,상해없음,승용,여,45세,상해없음
2016090200100445,2016년 9월 2일 17시,금요일,전라남도 영광군 군남면,경상사고,0,0,1,0,차대차 - 추돌,안전운전불이행,건조,맑음,단일로 - 기타,화물,남,55세,상해없음,승용,남,60세,경상
2016090200100490,2016년 9월 2일 18시,금요일,전라남도 순천시 장천동,경상사고,0,0,1,0,차대차 - 추돌,안전운전불이행,습기,비,교차로 - 교차로부근,승용,여,55세,상해없음,승용,남,56세,경상
2016090200100491,2016년 9월 2일 18시,금요일,전라남도 광양시 금호동,중상사고,0,1,0,0,차대사람 - 횡단중,안전운전불이행,습기,비,단일로 - 횡단보도상,승용,남,54세,상해없음,보행자,여,71세,중상
2016090200100531,2016년 9월 2일 19시,금요일,전라남도 영암군 영암읍,중상사고,0,1,0,0,차대차 - 측면충돌,안전운전불이행,건조,맑음,교차로 - 교차로안,승용,여,45세,상해없음,이륜,남,51세,중상
2016090200100532,2016년 9월 2일 19시,금요일,전라남도 광양시 중동,중상사고,0,1,0,0,차대사람 - 횡단중,안전운전불이행,습기,비,단일로 - 기타,승용,남,47세,상해없음,보행자,남,35세,중상
2016090200100533,2016년 9월 2일 19시,금요일,전라남도 광양시 중동,중상사고,0,1,0,0,차대차 - 측면충돌,중앙선침범,습기,비,단일로 - 기타,승용,남,46세,상해없음,이륜,남,35세,중상
2016090200100534,2016년 9월 2일 19시,금요일,전라남도 광양시 중동,경상사고,0,0,2,0,차대차 - 기타,안전거리미확보,습기,비,단일로 - 기타,승용,남,36세,경상,승용,남,43세,경상
2016090200100611,2016년 9월 2일 21시,금요일,전라남도 여수시 선원동,경상사고,0,0,1,0,차대사람 - 횡단중,안전운전불이행,건조,맑음,교차로 - 교차로안,승용,남,46세,상해없음,보행자,여,47세,경상
2016090200100612,2016년 9월 2일 21시,금요일,전라남도 여수시 봉계동,사망사고,1,0,0,0,차대사람 - 기타,안전운전불이행,습기,흐림,단일로 - 기타,승용,남,29세,상해없음,승용,남,47세,상해없음
2016090200100613,2016년 9월 2일 21시,금요일,전라남도 함평군 학교면,경상사고,0,0,3,0,차대차 - 추돌,안전운전불이행,건조,맑음,단일로 - 기타,승용,남,39세,경상,승용,남,50세,경상
2016090200100658,2016년 9월 2일 22시,금요일,전라남도 목포시 옥암동,경상사고,0,0,3,0,차대차 - 추돌,안전운전불이행,건조,맑음,단일로 - 기타,승용,기타불명,기타불명,기타불명,승용,남,48세,경상
2016090200100659,2016년 9월 2일 22시,금요일,전라남도 광양시 광양읍,경상사고,0,0,2,0,차대차 - 측면충돌,안전운전불이행,습기,비,단일로 - 기타,승용,남,40세,상해없음,승용,남,49세,경상
2016090200100697,2016년 9월 2일 23시,금요일,전라남도 순천시 덕암동,경상사고,0,0,2,0,차대차 - 측면직각충돌,안전거리미확보,습기,비,단일로 - 기타,승용,여,55세,상해없음,승용,남,24세,경상
2016090200100698,2016년 9월 2일 23시,금요일,전라남도 화순군 화순읍,경상사고,0,0,1,0,차대사람 - 횡단중,안전운전불이행,건조,맑음,교차로 - 교차로안,승용,남,43세,상해없음,보행자,남,51세,경상
2016090300100042,2016년 9월 3일 01시,토요일,전라남도 순천시 풍덕동,경상사고,0,0,1,0,차대차 - 측면직각충돌,직진우회전진행방해,습기,비,교차로 - 교차로안,승용,남,26세,상해없음,승용,남,63세,경상
2016090300100080,2016년 9월 3일 03시,토요일,전라남도 목포시 옥암동,중상사고,0,2,0,0,차량단독 - 도로외이탈 - 기타,안전운전불이행,건조,맑음,단일로 - 기타,이륜,남,16세,중상,,,,
2016090300100081,2016년 9월 3일 03시,토요일,전라남도 여수시 학동,경상사고,0,0,1,0,차대차 - 측면충돌,신호위반,습기,흐림,교차로 - 교차로안,승용,남,34세,상해없음,승용,남,66세,경상
2016090300100094,2016년 9월 3일 04시,토요일,전라남도 순천시 조례동,중상사고,0,1,0,0,차대사람 - 횡단중,보행자보호의무위반,건조,맑음,교차로 - 교차로부근,승용,남,57세,상해없음,보행자,남,71세,중상
2016090300100113,2016년 9월 3일 05시,토요일,전라남도 목포시 산정동,중상사고,0,1,0,0,차대사람 - 횡단중,안전운전불이행,건조,맑음,단일로 - 횡단보도상,승용,여,50세,상해없음,보행자,여,67세,중상
2016090300100129,2016년 9월 3일 06시,토요일,전라남도 완도군 군외면,경상사고,0,0,1,0,차대차 - 측면직각충돌,안전운전불이행,건조,맑음,단일로 - 기타,승용,남,35세,상해없음,승합,남,45세,상해없음
2016090300100142,2016년 9월 3일 07시,토요일,전라남도 나주시 다시면,사망사고,1,0,0,1,차량단독 - 도로외이탈 - 기타,안전운전불이행,건조,맑음,단일로 - 기타,원동기,남,20세,사망,,,,
2016090300100168,2016년 9월 3일 08시,토요일,전라남도 순천시 해룡면,경상사고,0,0,1,0,차대사람 - 횡단중,안전운전불이행,건조,맑음,교차로 - 교차로부근,승용,남,33세,상해없음,보행자,여,16세,경상
2016090300100194,2016년 9월 3일 09시,토요일,전라남도 강진군 강진읍,경상사고,0,0,1,0,차대차 - 측면직각충돌,교차로운행방법위반,건조,맑음,교차로 - 교차로안,화물,남,58세,상해없음,이륜,남,73세,경상
2016090300100195,2016년 9월 3일 09시,토요일,전라남도 광양시 금호동,경상사고,0,0,2,0,차대차 - 측면충돌,신호위반,건조,맑음,교차로 - 교차로안,승용,남,51세,상해없음,승용,여,40세,경상
2016090300100220,2016년 9월 3일 10시,토요일,전라남도 장성군 황룡면,중상사고,0,1,0,0,차대차 - 측면직각충돌,안전운전불이행,건조,맑음,교차로 - 교차로안,승용,남,43세,상해없음,자전거,남,82세,중상
2016090300100255,2016년 9월 3일 11시,토요일,전라남도 목포시 용해동,경상사고,0,0,1,0,차대차 - 측면충돌,교차로운행방법위반,건조,맑음,교차로 - 교차로안,승용,여,61세,경상,화물,남,29세,상해없음
2016090300100256,2016년 9월 3일 11시,토요일,전라남도 광양시 광양읍,경상사고,0,0,1,0,차대차 - 추돌,차로위반,건조,맑음,단일로 - 기타,승용,남,76세,상해없음,승용,남,40세,경상
2016090300100297,2016년 9월 3일 12시,토요일,전라남도 여수시 미평동,경상사고,0,0,1,0,차대차 - 추돌,안전운전불이행,건조,맑음,교차로 - 교차로부근,승용,여,50세,상해없음,승용,남,66세,상해없음
2016090300100298,2016년 9월 3일 12시,토요일,전라남도 무안군 무안읍,경상사고,0,0,1,0,차대차 - 추돌,안전거리미확보,건조,맑음,단일로 - 기타,건설기계,남,58세,상해없음,화물,남,54세,경상
2016090300100329,2016년 9월 3일 13시,토요일,전라남도 해남군 송지면,중상사고,0,2,0,0,차대차 - 측면직각충돌,직진우회전진행방해,건조,맑음,교차로 - 교차로안,화물,남,64세,중상,승합,남,58세,중상
2016090300100330,2016년 9월 3일 13시,토요일,전라남도 곡성군 옥과면,중상사고,0,2,0,0,차대차 - 정면충돌,중앙선침범,건조,맑음,단일로 - 기타,승용,남,79세,상해없음,승용,여,32세,중상
2016090300100372,2016년 9월 3일 14시,토요일,전라남도 순천시 해룡면,경상사고,0,0,1,0,차대차 - 측면충돌,안전운전불이행,건조,맑음,교차로 - 교차로안,승용,남,27세,상해없음,승용,남,57세,경상
2016090300100373,2016년 9월 3일 14시,토요일,전라남도 영암군 삼호읍,중상사고,0,1,1,0,차대차 - 측면직각충돌,안전운전불이행,건조,맑음,교차로 - 교차로안,이륜,남,31세,중상,승용,남,52세,상해없음
2016090300100416,2016년 9월 3일 15시,토요일,전라남도 나주시 다도면,사망사고,1,0,0,0,차량단독 - 전도전복,안전운전불이행,건조,맑음,단일로 - 기타,농기계,남,46세,사망,,,,
2016090300100417,2016년 9월 3일 15시,토요일,전라남도 영암군 학산면,중상사고,0,3,0,0,차대차 - 추돌,안전운전불이행,건조,맑음,단일로 - 기타,화물,남,56세,중상,화물,남,46세,중상
2016090300100418,2016년 9월 3일 15시,토요일,전라남도 구례군 구례읍,중상사고,0,1,0,0,차대차 - 측면직각충돌,교차로운행방법위반,건조,맑음,교차로 - 교차로안,화물,남,66세,상해없음,원동기,남,73세,중상
2016090300100453,2016년 9월 3일 16시,토요일,전라남도 여수시 여서동,경상사고,0,0,1,0,차대차 - 측면충돌,안전운전불이행,건조,맑음,단일로 - 기타,승용,남,28세,상해없음,승용,남,52세,경상
2016090300100454,2016년 9월 3일 16시,토요일,전라남도 화순군 화순읍,경상사고,0,0,3,1,차대차 - 추돌,안전운전불이행,건조,맑음,단일로 - 기타,원동기,남,17세,부상신고,승용,여,37세,경상
2016090300100498,2016년 9월 3일 17시,토요일,전라남도 신안군 신의면,중상사고,0,2,0,0,차대사람 - 기타,안전운전불이행,건조,맑음,단일로 - 기타,승합,남,37세,상해없음,보행자,남,59세,중상
2016090300100568,2016년 9월 3일 19시,토요일,전라남도 여수시 덕충동,중상사고,0,2,0,0,차대사람 - 횡단중,보행자보호의무위반,습기,비,단일로 - 기타,승용,남,25세,상해없음,보행자,남,57세,중상
2016090300100636,2016년 9월 3일 21시,토요일,전라남도 목포시 상동,경상사고,0,0,1,0,차대차 - 추돌,안전운전불이행,건조,맑음,교차로 - 교차로부근,이륜,남,19세,상해없음,승용,남,38세,경상
2016090300100658,2016년 9월 3일 22시,토요일,전라남도 영암군 삼호읍,중상사고,0,1,1,0,차대차 - 측면직각충돌,안전운전불이행,건조,맑음,교차로 - 교차로안,기타불명,기타불명,기타불명,기타불명,원동기,남,27세,경상
2016090400100050,2016년 9월 4일 04시,일요일,전라남도 담양군 담양읍,중상사고,0,1,0,0,차량단독 - 기타,안전운전불이행,건조,맑음,단일로 - 기타,승용,남,30세,중상,,,,
2016090400100056,2016년 9월 4일 05시,일요일,전라남도 순천시 조례동,중상사고,0,1,0,0,차대사람 - 기타,안전운전불이행,건조,맑음,단일로 - 기타,승용,남,33세,상해없음,보행자,여,83세,중상
2016090400100069,2016년 9월 4일 06시,일요일,전라남도 목포시 대양동,중상사고,0,1,0,0,차량단독 - 전도전복,안전운전불이행,건조,맑음,단일로 - 기타,화물,남,47세,중상,,,,
2016090400100101,2016년 9월 4일 08시,일요일,전라남도 강진군 마량면,경상사고,0,0,2,0,차대차 - 기타,중앙선침범,건조,맑음,단일로 - 기타,화물,남,51세,상해없음,승용,여,50세,경상
2016090400100115,2016년 9월 4일 09시,일요일,전라남도 강진군 도암면,중상사고,0,2,0,0,차량단독 - 도로외이탈 - 기타,안전운전불이행,건조,맑음,단일로 - 기타,승용,남,76세,중상,,,,
2016090400100165,2016년 9월 4일 11시,일요일,전라남도 목포시 상동,경상사고,0,0,1,0,차대사람 - 횡단중,안전운전불이행,건조,맑음,단일로 - 기타,승용,남,53세,상해없음,보행자,여,12세,경상
2016090400100166,2016년 9월 4일 11시,일요일,전라남도 순천시 서면,경상사고,0,0,3,0,차대차 - 추돌,안전거리미확보,건조,맑음,단일로 - 기타,승용,여,49세,상해없음,승용,남,55세,경상
2016090400100167,2016년 9월 4일 11시,일요일,전라남도 순천시 서면,경상사고,0,0,2,0,차대차 - 추돌,안전거리미확보,건조,맑음,단일로 - 기타,승용,여,63세,상해없음,승용,여,49세,경상
2016090400100168,2016년 9월 4일 11시,일요일,전라남도 나주시 삼영동,중상사고,0,1,0,0,차대사람 - 기타,기타,건조,맑음,단일로 - 기타,승합,남,58세,상해없음,보행자,여,47세,중상
2016090400100169,2016년 9월 4일 11시,일요일,전라남도 구례군 토지면,경상사고,0,0,1,0,차대차 - 측면직각충돌,교차로운행방법위반,건조,맑음,교차로 - 교차로부근,원동기,남,80세,경상,승용,여,40세,상해없음
2016090400100192,2016년 9월 4일 12시,일요일,전라남도 목포시 상동,중상사고,0,1,0,0,차대사람 - 횡단중,안전운전불이행,건조,맑음,단일로 - 기타,승용,여,56세,상해없음,보행자,남,17세,중상
2016090400100193,2016년 9월 4일 12시,일요일,전라남도 목포시 상동,경상사고,0,0,2,0,차대차 - 측면충돌,안전운전불이행,건조,맑음,교차로 - 교차로부근,승용,여,59세,경상,승용,남,43세,경상
2016090400100219,2016년 9월 4일 13시,일요일,전라남도 순천시 조례동,경상사고,0,0,2,0,차대차 - 측면직각충돌,차로위반,건조,맑음,교차로 - 교차로안,화물,남,32세,상해없음,승용,남,61세,경상
2016090400100220,2016년 9월 4일 13시,일요일,전라남도 영광군 군서면,경상사고,0,0,6,0,차대차 - 측면직각충돌,교차로운행방법위반,건조,맑음,교차로 - 교차로안,승용,남,68세,경상,승용,여,45세,경상
2016090400100221,2016년 9월 4일 13시,일요일,전라남도 담양군 월산면,중상사고,0,1,0,0,차량단독 - 기타,안전운전불이행,건조,맑음,단일로 - 기타,자전거,남,61세,중상,,,,
2016090400100285,2016년 9월 4일 15시,일요일,전라남도 무안군 해제면,경상사고,0,0,2,0,차대차 - 측면충돌,교차로운행방법위반,건조,맑음,교차로 - 교차로안,승용,남,39세,상해없음,이륜,남,80세,경상
2016090400100312,2016년 9월 4일 16시,일요일,전라남도 고흥군 포두면,사망사고,1,0,0,0,차대차 - 정면충돌,안전운전불이행,건조,맑음,단일로 - 기타,농기계,남,20세,상해없음,이륜,남,69세,사망
2016090400100337,2016년 9월 4일 17시,일요일,전라남도 목포시 상동,경상사고,0,0,1,0,차대사람 - 횡단중,안전운전불이행,건조,맑음,단일로 - 기타,승용,남,53세,상해없음,보행자,남,14세,경상
2016090400100359,2016년 9월 4일 18시,일요일,전라남도 여수시 서교동,경상사고,0,0,2,0,차대차 - 측면직각충돌,안전운전불이행,건조,맑음,단일로 - 기타,자전거,남,73세,경상,이륜,남,23세,경상
2016090400100360,2016년 9월 4일 18시,일요일,전라남도 순천시 조곡동,경상사고,0,0,1,0,차대차 - 측면충돌,안전운전불이행,건조,맑음,단일로 - 기타,승용,남,43세,상해없음,승용,여,36세,경상
2016090400100361,2016년 9월 4일 18시,일요일,전라남도 순천시 연향동,경상사고,0,0,1,0,차대차 - 정면충돌,안전운전불이행,건조,맑음,단일로 - 기타,승용,남,58세,상해없음,승용,남,50세,경상
2016090400100362,2016년 9월 4일 18시,일요일,전라남도 화순군 화순읍,경상사고,0,0,2,0,차대차 - 추돌,안전운전불이행,건조,맑음,단일로 - 기타,승합,남,57세,상해없음,화물,남,49세,경상
2016090400100398,2016년 9월 4일 19시,일요일,전라남도 목포시 산정동,경상사고,0,0,1,0,차대차 - 추돌,안전운전불이행,건조,맑음,단일로 - 기타,승용,남,68세,상해없음,승용,남,29세,상해없음
2016090400100430,2016년 9월 4일 20시,일요일,전라남도 순천시 해룡면,경상사고,0,0,1,0,차대차 - 측면충돌,안전운전불이행,건조,맑음,교차로 - 교차로부근,승용,남,44세,상해없음,원동기,남,22세,경상
2016090400100431,2016년 9월 4일 20시,일요일,전라남도 무안군 무안읍,경상사고,0,0,6,0,차대차 - 추돌,안전운전불이행,건조,맑음,단일로 - 기타,승용,여,65세,경상,승용,남,57세,경상
2016090400100457,2016년 9월 4일 21시,일요일,전라남도 목포시 상동,중상사고,0,1,0,0,차대차 - 측면직각충돌,직진우회전진행방해,습기,비,교차로 - 교차로안,승용,남,18세,상해없음,이륜,남,39세,중상
2016090400100458,2016년 9월 4일 21시,일요일,전라남도 해남군 해남읍,중상사고,0,1,0,0,차대사람 - 차도통행중,안전운전불이행,건조,맑음,교차로 - 교차로안,승용,남,43세,상해없음,보행자,여,4세,중상
2016090500100021,2016년 9월 5일 03시,월요일,전라남도 담양군 담양읍,경상사고,0,0,1,0,차량단독 - 공작물충돌,안전운전불이행,건조,맑음,단일로 - 기타,승용,여,27세,경상,,,,
2016090500100109,2016년 9월 5일 08시,월요일,전라남도 여수시 소라면,경상사고,0,0,2,0,차대차 - 측면직각충돌,신호위반,건조,맑음,교차로 - 교차로안,승용,남,65세,상해없음,승용,여,45세,경상
2016090500100110,2016년 9월 5일 08시,월요일,전라남도 광양시 마동,경상사고,0,0,1,0,차대차 - 기타,안전운전불이행,건조,맑음,단일로 - 기타,자전거,남,13세,경상,승용,남,49세,상해없음
2016090500100111,2016년 9월 5일 08시,월요일,전라남도 구례군 구례읍,사망사고,1,0,0,0,차대차 - 측면충돌,신호위반,건조,맑음,교차로 - 교차로안,자전거,남,87세,사망,화물,남,60세,상해없음
2016090500100149,2016년 9월 5일 09시,월요일,전라남도 여수시 국동,경상사고,0,0,1,0,차대사람 - 횡단중,신호위반,건조,맑음,교차로 - 교차로안,승용,여,41세,상해없음,보행자,여,64세,경상
2016090500100150,2016년 9월 5일 09시,월요일,전라남도 순천시 서면,경상사고,0,0,2,0,차대차 - 측면충돌,직진우회전진행방해,건조,맑음,교차로 - 교차로안,승용,여,53세,경상,승용,남,73세,경상
2016090500100183,2016년 9월 5일 10시,월요일,전라남도 여수시 웅천동,경상사고,0,0,1,0,차대차 - 측면충돌,안전운전불이행,건조,맑음,교차로 - 교차로안,기타불명,기타불명,기타불명,기타불명,승용,남,53세,경상
2016090500100184,2016년 9월 5일 10시,월요일,전라남도 장흥군 장흥읍,경상사고,0,0,2,0,차대차 - 측면직각충돌,신호위반,건조,맑음,교차로 - 교차로안,이륜,남,77세,경상,화물,남,63세,상해없음
2016090500100260,2016년 9월 5일 13시,월요일,전라남도 무안군 일로읍,경상사고,0,0,1,0,차대차 - 추돌,안전운전불이행,건조,맑음,단일로 - 기타,화물,남,40세,상해없음,화물,남,28세,경상
2016090500100261,2016년 9월 5일 13시,월요일,전라남도 목포시 용해동,경상사고,0,0,1,0,차대사람 - 횡단중,안전운전불이행,건조,맑음,단일로 - 기타,승용,남,20세,상해없음,보행자,남,51세,경상
2016090500100262,2016년 9월 5일 13시,월요일,전라남도 고흥군 금산면,중상사고,0,1,0,0,차량단독 - 공작물충돌,안전운전불이행,건조,맑음,교차로 - 교차로부근,화물,남,74세,중상,,,,
2016090500100294,2016년 9월 5일 14시,월요일,전라남도 목포시 석현동,경상사고,0,0,1,0,차대차 - 측면충돌,안전운전불이행,건조,맑음,단일로 - 기타,승용,남,66세,상해없음,승용,여,45세,경상
2016090500100364,2016년 9월 5일 16시,월요일,전라남도 목포시 용해동,경상사고,0,0,1,0,차대차 - 추돌,안전운전불이행,건조,맑음,단일로 - 기타,승합,여,43세,상해없음,승용,여,63세,경상
2016090500100365,2016년 9월 5일 16시,월요일,전라남도 광양시 광양읍,경상사고,0,0,1,0,차대차 - 추돌,안전운전불이행,건조,맑음,교차로 - 교차로부근,승용,남,59세,상해없음,승용,여,54세,경상
2016090500100402,2016년 9월 5일 17시,월요일,전라남도 목포시 연산동,경상사고,0,0,2,0,차대차 - 측면충돌,직진우회전진행방해,건조,맑음,교차로 - 교차로안,승용,여,41세,경상,승용,여,32세,경상
2016090500100403,2016년 9월 5일 17시,월요일,전라남도 순천시 연향동,경상사고,0,0,1,0,차대차 - 측면충돌,안전운전불이행,건조,맑음,단일로 - 기타,승용,남,48세,상해없음,이륜,남,56세,경상
2016090500100404,2016년 9월 5일 17시,월요일,전라남도 영광군 백수읍,중상사고,0,1,0,0,차대차 - 측면직각충돌,교차로운행방법위반,건조,맑음,교차로 - 교차로안,이륜,남,82세,중상,승용,남,29세,상해없음
2016090500100451,2016년 9월 5일 18시,월요일,전라남도 장흥군 대덕읍,중상사고,0,1,0,0,차대차 - 측면직각충돌,교차로운행방법위반,건조,맑음,교차로 - 교차로안,화물,남,68세,상해없음,승용,여,48세,중상
2016090500100486,2016년 9월 5일 19시,월요일,전라남도 여수시 중앙동,경상사고,0,0,2,0,차대사람 - 기타,안전운전불이행,건조,맑음,단일로 - 기타,이륜,남,45세,상해없음,보행자,남,7세,경상
2016090500100487,2016년 9월 5일 19시,월요일,전라남도 여수시 해산동,중상사고,0,1,0,0,차대차 - 측면충돌,안전거리미확보,건조,맑음,단일로 - 기타,화물,남,58세,상해없음,승용,여,49세,중상
2016090500100488,2016년 9월 5일 19시,월요일,전라남도 순천시 장천동,중상사고,0,1,0,0,차대사람 - 횡단중,안전운전불이행,건조,맑음,단일로 - 기타,승용,남,51세,상해없음,보행자,남,55세,중상
2016090500100489,2016년 9월 5일 19시,월요일,전라남도 순천시 조곡동,부상신고사고,0,0,0,1,차대차 - 측면충돌,안전운전불이행,건조,맑음,단일로 - 횡단보도상,자전거,여,90세 이상,부상신고,승용,남,53세,상해없음
2016090500100536,2016년 9월 5일 20시,월요일,전라남도 목포시 용당동,경상사고,0,0,5,0,차대차 - 측면충돌,안전운전불이행,건조,맑음,교차로 - 교차로부근,승용,남,60세,상해없음,승용,여,45세,경상
2016090500100619,2016년 9월 5일 23시,월요일,전라남도 순천시 연향동,경상사고,0,0,1,0,차대차 - 추돌,안전운전불이행,건조,맑음,단일로 - 기타,승용,남,47세,상해없음,승용,여,32세,경상