사고번호,사고일시,요일,시군구,사고내용,사망자수,중상자수,경상자수,부상신고자수,사고유형,법규위반,노면상태,기상상태,도로형태,가해운전자 차종,가해운전자 성별,가해운전자 연령,가해운전자 상해정도,피해운전자 차종,피해운전자 성별,피해운전자 연령,피해운전자 상해정도
2016091000100231,2016년 9월 10일 11시,토요일,전라남도 여수시 봉강동,중상사고,0,1,0,0,차량단독 - 기타,안전운전불이행,건조,맑음,단일로 - 기타,승합,남,38세,상해없음,,,,
2016091000100232,2016년 9월 10일 11시,토요일,전라남도 순천시 인제동,중상사고,0,1,0,0,차대사람 - 횡단중,안전운전불이행,건조,맑음,단일로 - 기타,화물,남,30세,상해없음,보행자,남,72세,중상
2016091000100233,2016년 9월 10일 11시,토요일,전라남도 담양군 봉산면,부상신고사고,0,0,0,1,차대차 - 기타,차로위반,건조,맑음,단일로 - 기타,이륜,남,81세,부상신고,승용,남,44세,상해없음
2016091000100269,2016년 9월 10일 12시,토요일,전라남도 목포시 산정동,경상사고,0,0,1,0,차대차 - 기타,안전운전불이행,건조,맑음,단일로 - 기타,승용,남,59세,상해없음,이륜,남,50세,경상
2016091000100270,2016년 9월 10일 12시,토요일,전라남도 목포시 산정동,경상사고,0,0,1,0,차대차 - 측면충돌,안전거리미확보,건조,맑음,교차로 - 교차로안,승용,남,27세,상해없음,화물,남,42세,상해없음
2016091000100271,2016년 9월 10일 12시,토요일,전라남도 순천시 연향동,경상사고,0,0,3,0,차대차 - 측면충돌,교차로운행방법위반,건조,맑음,교차로 - 교차로안,승용,남,37세,상해없음,승용,여,37세,경상
2016091000100306,2016년 9월 10일 13시,토요일,전라남도 여수시 돌산읍,중상사고,0,1,0,0,차량단독 - 전도전복,안전운전불이행,건조,맑음,단일로 - 기타,이륜,남,60세,상해없음,,,,
2016091000100307,2016년 9월 10일 13시,토요일,전라남도 고흥군 두원면,사망사고,1,1,0,0,차대차 - 측면충돌,안전운전불이행,건조,맑음,단일로 - 기타,화물,남,69세,사망,화물,남,50세,중상
2016091000100338,2016년 9월 10일 14시,토요일,전라남도 완도군 완도읍,경상사고,0,0,1,0,차대사람 - 횡단중,보행자보호의무위반,건조,맑음,단일로 - 횡단보도상,승용,남,47세,상해없음,보행자,여,8세,경상
2016091000100339,2016년 9월 10일 14시,토요일,전라남도 광양시 광양읍,경상사고,0,0,1,0,차대차 - 측면직각충돌,중앙선침범,건조,맑음,교차로 - 교차로안,원동기,남,75세,경상,승용,남,56세,상해없음
2016091000100375,2016년 9월 10일 15시,토요일,전라남도 신안군 도초면,경상사고,0,0,2,0,차량단독 - 전도전복,안전운전불이행,건조,맑음,단일로 - 기타,이륜,남,15세,경상,,,,
2016091000100376,2016년 9월 10일 15시,토요일,전라남도 장흥군 장동면,중상사고,0,2,0,0,차량단독 - 공작물충돌,안전운전불이행,건조,맑음,단일로 - 기타,화물,남,64세,중상,,,,
2016091000100377,2016년 9월 10일 15시,토요일,전라남도 화순군 화순읍,경상사고,0,0,1,0,차대차 - 측면충돌,교차로운행방법위반,건조,맑음,교차로 - 교차로안,화물,남,68세,경상,승용,남,60세,상해없음
2016091000100416,2016년 9월 10일 16시,토요일,전라남도 보성군 복내면,경상사고,0,0,1,0,차대사람 - 기타,안전운전불이행,건조,맑음,단일로 - 기타,화물,남,47세,상해없음,보행자,여,76세,경상
2016091000100417,2016년 9월 10일 16시,토요일,전라남도 함평군 함평읍,경상사고,0,0,1,0,차대사람 - 길가장자리구역통행중,안전운전불이행,건조,맑음,단일로 - 기타,승합,남,59세,상해없음,보행자,여,74세,경상
2016091000100418,2016년 9월 10일 16시,토요일,전라남도 담양군 고서면,경상사고,0,0,2,0,차대차 - 추돌,안전운전불이행,건조,맑음,교차로 - 교차로안,승용,남,43세,상해없음,승용,남,37세,경상
2016091000100419,2016년 9월 10일 16시,토요일,전라남도 광양시 광양읍,경상사고,0,0,2,0,차대차 - 측면충돌,교차로운행방법위반,건조,맑음,교차로 - 교차로안,화물,여,56세,경상,승용,여,38세,경상
2016091000100461,2016년 9월 10일 17시,토요일,전라남도 여수시 교동,경상사고,0,0,2,0,차대차 - 정면충돌,중앙선침범,건조,맑음,단일로 - 기타,승용,남,27세,상해없음,승용,남,18세,경상
2016091000100462,2016년 9월 10일 17시,토요일,전라남도 순천시 영동,경상사고,0,0,1,0,차대차 - 측면충돌,안전운전불이행,건조,맑음,단일로 - 기타,승용,남,61세,기타불명,자전거,남,46세,경상
2016091000100496,2016년 9월 10일 18시,토요일,전라남도 강진군 강진읍,부상신고사고,0,0,0,1,차대차 - 기타,교차로운행방법위반,건조,맑음,교차로 - 교차로안,화물,남,74세,기타불명,원동기,남,26세,부상신고
2016091000100536,2016년 9월 10일 19시,토요일,전라남도 광양시 마동,경상사고,0,0,1,0,차대차 - 추돌,안전운전불이행,습기,비,교차로 - 교차로부근,승용,남,38세,상해없음,승용,여,57세,경상
2016091000100571,2016년 9월 10일 20시,토요일,전라남도 여수시 국동,경상사고,0,0,1,0,차대차 - 측면직각충돌,신호위반,건조,맑음,교차로 - 교차로부근,승용,여,42세,상해없음,승용,여,61세,경상
2016091000100572,2016년 9월 10일 20시,토요일,전라남도 여수시 문수동,경상사고,0,0,1,0,차대사람 - 횡단중,안전운전불이행,건조,맑음,단일로 - 기타,승용,남,30세,상해없음,보행자,남,45세,경상
2016091000100573,2016년 9월 10일 20시,토요일,전라남도 순천시 인제동,경상사고,0,0,4,0,차대차 - 측면충돌,직진우회전진행방해,건조,맑음,교차로 - 교차로안,승용,남,29세,상해없음,승용,남,34세,경상
2016091000100604,2016년 9월 10일 21시,토요일,전라남도 여수시 돌산읍,경상사고,0,0,3,0,차대차 - 추돌,안전운전불이행,건조,맑음,단일로 - 교량,승용,남,20세,상해없음,승용,남,65세,경상
2016091000100631,2016년 9월 10일 22시,토요일,전라남도 목포시 연산동,중상사고,0,1,0,0,차대사람 - 횡단중,안전운전불이행,건조,맑음,교차로 - 교차로부근,이륜,남,19세,상해없음,보행자,남,58세,중상
2016091000100632,2016년 9월 10일 22시,토요일,전라남도 해남군 해남읍,경상사고,0,0,1,0,차대차 - 정면충돌,안전운전불이행,건조,맑음,단일로 - 기타,승용,남,41세,경상,화물,남,42세,기타불명
2016091000100672,2016년 9월 10일 23시,토요일,전라남도 여수시 호명동,중상사고,0,1,0,0,차량단독 - 공작물충돌,안전운전불이행,건조,맑음,단일로 - 기타,화물,여,54세,중상,,,,
2016091000100673,2016년 9월 10일 23시,토요일,전라남도 순천시 조례동,부상신고사고,0,0,0,1,차대사람 - 길가장자리구역통행중,안전운전불이행,건조,맑음,단일로 - 기타,승용,남,45세,상해없음,보행자,남,24세,부상신고
2016091000100674,2016년 9월 10일 23시,토요일,전라남도 고흥군 고흥읍,경상사고,0,0,1,0,차대사람 - 기타,안전운전불이행,건조,맑음,단일로 - 기타,승용,남,33세,상해없음,보행자,남,42세,경상
2016091100100052,2016년 9월 11일 03시,일요일,전라남도 순천시 풍덕동,경상사고,0,0,1,0,차대차 - 측면충돌,직진우회전진행방해,건조,맑음,교차로 - 교차로안,승용,남,22세,상해없음,승용,남,58세,경상
2016091100100081,2016년 9월 11일 06시,일요일,전라남도 여수시 돌산읍,경상사고,0,0,1,0,차대차 - 측면충돌,안전거리미확보,건조,맑음,단일로 - 기타,화물,남,64세,상해없음,승용,남,70세,상해없음
2016091100100132,2016년 9월 11일 09시,일요일,전라남도 해남군 북평면,경상사고,0,0,3,0,차대차 - 기타,교차로운행방법위반,건조,맑음,교차로 - 교차로안,승용,남,55세,상해없음,승합,남,46세,경상
2016091100100133,2016년 9월 11일 09시,일요일,전라남도 장성군 장성읍,경상사고,0,0,1,0,차대차 - 측면충돌,직진우회전진행방해,건조,맑음,교차로 - 교차로안,승용,남,57세,상해없음,이륜,남,56세,경상
2016091100100134,2016년 9월 11일 09시,일요일,전라남도 담양군 수북면,중상사고,0,1,5,0,차대차 - 측면충돌,직진우회전진행방해,건조,맑음,교차로 - 교차로안,승합,남,52세,경상,화물,남,52세,상해없음
2016091100100159,2016년 9월 11일 10시,일요일,전라남도 목포시 용당동,경상사고,0,0,1,0,차대차 - 측면충돌,교차로운행방법위반,건조,맑음,교차로 - 교차로안,승용,여,37세,상해없음,이륜,남,64세,경상
2016091100100160,2016년 9월 11일 10시,일요일,전라남도 광양시 광양읍,중상사고,0,1,0,0,차대차 - 측면직각충돌,안전운전불이행,건조,맑음,단일로 - 기타,화물,남,59세,상해없음,승용,남,39세,중상
2016091100100179,2016년 9월 11일 11시,일요일,전라남도 여수시 학동,경상사고,0,0,1,0,차대사람 - 횡단중,신호위반,건조,맑음,교차로 - 교차로부근,승용,여,35세,상해없음,보행자,남,12세,경상
2016091100100251,2016년 9월 11일 14시,일요일,전라남도 목포시 용해동,경상사고,0,0,1,0,차대차 - 추돌,안전운전불이행,건조,맑음,단일로 - 기타,화물,여,49세,상해없음,승용,여,56세,경상
2016091100100252,2016년 9월 11일 14시,일요일,전라남도 목포시 상동,중상사고,0,1,0,0,차대차 - 정면충돌,불법유턴,건조,맑음,단일로 - 횡단보도부근,자전거,남,64세,중상,승용,남,66세,상해없음
2016091100100253,2016년 9월 11일 14시,일요일,전라남도 나주시 금천면,경상사고,0,0,2,0,차대차 - 추돌,안전운전불이행,건조,맑음,교차로 - 교차로부근,화물,남,49세,상해없음,승용,남,57세,경상
2016091100100282,2016년 9월 11일 15시,일요일,전라남도 나주시 남평읍,경상사고,0,0,2,0,차대차 - 추돌,안전운전불이행,건조,맑음,교차로 - 교차로부근,화물,남,59세,상해없음,승용,남,56세,경상
2016091100100307,2016년 9월 11일 16시,일요일,전라남도 나주시 봉황면,경상사고,0,0,2,0,차대차 - 측면충돌,신호위반,건조,맑음,교차로 - 교차로안,승용,남,67세,상해없음,승용,여,49세,경상
2016091100100360,2016년 9월 11일 18시,일요일,전라남도 목포시 상동,중상사고,0,3,0,0,차대차 - 추돌,안전운전불이행,건조,맑음,단일로 - 기타,승용,남,28세,상해없음,승용,남,29세,중상
2016091100100386,2016년 9월 11일 19시,일요일,전라남도 여수시 선원동,중상사고,0,1,0,0,차대사람 - 횡단중,보행자보호의무위반,건조,맑음,교차로 - 교차로부근,승용,남,28세,상해없음,보행자,여,18세,중상
2016091100100387,2016년 9월 11일 19시,일요일,전라남도 순천시 동외동,중상사고,0,1,0,0,차대사람 - 횡단중,안전운전불이행,건조,맑음,교차로 - 교차로부근,승용,여,44세,상해없음,보행자,여,60세,중상
2016091100100388,2016년 9월 11일 19시,일요일,전라남도 나주시 이창동,경상사고,0,0,1,0,차대차 - 추돌,안전운전불이행,건조,맑음,교차로 - 교차로부근,화물,남,71세,상해없음,승용,여,42세,경상
2016091100100389,2016년 9월 11일 19시,일요일,전라남도 영암군 삼호읍,중상사고,0,1,0,0,차량단독 - 전도전복,안전운전불이행,건조,맑음,단일로 - 기타,이륜,남,50세,중상,,,,
2016091100100418,2016년 9월 11일 20시,일요일,전라남도 여수시 율촌면,사망사고,1,0,0,0,차대사람 - 횡단중,안전운전불이행,습기,비,단일로 - 기타,승용,남,49세,상해없음,보행자,남,48세,사망
2016091100100451,2016년 9월 11일 21시,일요일,전라남도 고흥군 도양읍,경상사고,0,0,1,0,차대차 - 기타,안전운전불이행,습기,비,단일로 - 기타,승용,남,50세,상해없음,이륜,여,39세,경상
2016091100100452,2016년 9월 11일 21시,일요일,전라남도 화순군 화순읍,경상사고,0,0,1,0,차대사람 - 횡단중,안전운전불이행,건조,맑음,단일로 - 기타,승용,남,38세,상해없음,보행자,여,37세,경상
2016091100100468,2016년 9월 11일 22시,일요일,전라남도 목포시 용당동,중상사고,0,1,0,0,차대사람 - 횡단중,보행자보호의무위반,건조,맑음,교차로 - 교차로부근,승합,남,37세,상해없음,보행자,남,77세,중상
2016091100100469,2016년 9월 11일 22시,일요일,전라남도 영암군 삼호읍,경상사고,0,0,1,0,차대차 - 측면직각충돌,신호위반,건조,맑음,교차로 - 교차로안,승용,남,35세,상해없음,승용,남,68세,경상
2016091100100483,2016년 9월 11일 23시,일요일,전라남도 순천시 덕암동,경상사고,0,0,2,0,차대차 - 기타,교차로운행방법위반,습기,비,교차로 - 교차로안,승용,남,29세,상해없음,승용,남,56세,경상
2016091200100044,2016년 9월 12일 04시,월요일,전라남도 보성군 벌교읍,경상사고,0,0,1,0,차대차 - 추돌,안전운전불이행,습기,비,교차로 - 교차로부근,화물,남,70세,기타불명,승용,남,72세,경상
2016091200100060,2016년 9월 12일 05시,월요일,전라남도 여수시 학동,경상사고,0,0,1,0,차대차 - 정면충돌,안전운전불이행,습기,비,교차로 - 교차로부근,승용,남,38세,상해없음,승용,여,49세,경상
2016091200100072,2016년 9월 12일 06시,월요일,전라남도 보성군 보성읍,경상사고,0,0,1,0,차대사람 - 기타,안전운전불이행,건조,맑음,기타 - 기타,기타불명,여,81세,상해없음,보행자,여,55세,경상
2016091200100101,2016년 9월 12일 07시,월요일,전라남도 해남군 황산면,중상사고,0,1,1,0,차대차 - 측면직각충돌,직진우회전진행방해,건조,맑음,교차로 - 교차로안,화물,남,63세,상해없음,화물,남,72세,경상
2016091200100102,2016년 9월 12일 07시,월요일,전라남도 화순군 화순읍,경상사고,0,0,1,0,차대사람 - 기타,안전운전불이행,건조,맑음,기타 - 기타,승용,남,25세,상해없음,보행자,남,57세,경상
2016091200100125,2016년 9월 12일 08시,월요일,전라남도 여수시 학동,경상사고,0,0,4,0,차대차 - 추돌,안전운전불이행,습기,비,단일로 - 기타,승용,남,40세,상해없음,화물,남,58세,경상
2016091200100161,2016년 9월 12일 09시,월요일,전라남도 목포시 석현동,경상사고,0,0,2,0,차대차 - 측면충돌,안전운전불이행,건조,맑음,교차로 - 교차로안,승용,남,32세,경상,화물,남,35세,경상
2016091200100162,2016년 9월 12일 09시,월요일,전라남도 순천시 풍덕동,경상사고,0,0,1,0,차대차 - 추돌,안전운전불이행,습기,비,단일로 - 기타,승용,남,64세,상해없음,승용,남,62세,경상
2016091200100163,2016년 9월 12일 09시,월요일,전라남도 화순군 화순읍,경상사고,0,0,2,0,차대차 - 측면충돌,안전운전불이행,건조,맑음,단일로 - 기타,승합,남,50세,상해없음,승용,남,51세,경상
2016091200100164,2016년 9월 12일 09시,월요일,전라남도 함평군 엄다면,경상사고,0,0,2,1,차대차 - 측면충돌,직진우회전진행방해,건조,맑음,교차로 - 교차로안,승용,남,33세,부상신고,승용,남,69세,경상
2016091200100198,2016년 9월 12일 10시,월요일,전라남도 목포시 동명동,경상사고,0,0,2,0,차대차 - 추돌,안전거리미확보,건조,맑음,단일로 - 기타,화물,남,58세,상해없음,승용,남,63세,경상
2016091200100199,2016년 9월 12일 10시,월요일,전라남도 영광군 대마면,사망사고,1,0,0,0,차량단독 - 전도전복,안전운전불이행,건조,맑음,단일로 - 기타,이륜,남,75세,사망,,,,
2016091200100200,2016년 9월 12일 10시,월요일,전라남도 완도군 군외면,경상사고,0,0,4,0,차대차 - 측면충돌,직진우회전진행방해,건조,흐림,교차로 - 교차로안,승용,여,62세,상해없음,화물,여,55세,경상
2016091200100201,2016년 9월 12일 10시,월요일,전라남도 무안군 무안읍,부상신고사고,0,0,0,1,차대차 - 측면직각충돌,안전운전불이행,건조,맑음,교차로 - 교차로안,화물,남,74세,부상신고,화물,남,64세,상해없음
2016091200100249,2016년 9월 12일 11시,월요일,전라남도 순천시 연향동,부상신고사고,0,0,0,1,차량단독 - 기타,신호위반,건조,맑음,교차로 - 교차로안,원동기,남,18세,부상신고,,,,
2016091200100282,2016년 9월 12일 12시,월요일,전라남도 순천시 황전면,경상사고,0,0,3,0,차대차 - 측면직각충돌,직진우회전진행방해,건조,맑음,교차로 - 교차로안,승용,남,83세,상해없음,화물,남,44세,상해없음
2016091200100283,2016년 9월 12일 12시,월요일,전라남도 영암군 삼호읍,중상사고,0,1,1,0,차대사람 - 기타,안전운전불이행,건조,맑음,기타 - 기타,건설기계,남,42세,상해없음,보행자,남,46세,중상
2016091200100284,2016년 9월 12일 12시,월요일,전라남도 광양시 중동,중상사고,0,1,2,0,차량단독 - 전도전복,안전운전불이행,건조,맑음,단일로 - 기타,승용,남,19세,경상,,,,
2016091200100312,2016년 9월 12일 13시,월요일,전라남도 목포시 산정동,경상사고,0,0,1,0,차대차 - 추돌,안전운전불이행,건조,맑음,교차로 - 교차로부근,승용,남,41세,상해없음,승용,여,30세,경상
2016091200100313,2016년 9월 12일 13시,월요일,전라남도 해남군 해남읍,경상사고,0,0,1,0,차대차 - 정면충돌,안전운전불이행,건조,맑음,단일로 - 기타,건설기계,남,49세,상해없음,승용,여,28세,경상
2016091200100365,2016년 9월 12일 14시,월요일,전라남도 장성군 장성읍,경상사고,0,0,1,0,차대차 - 측면직각충돌,안전운전불이행,건조,맑음,교차로 - 교차로안,승용,여,43세,상해없음,승용,여,41세,경상
2016091200100404,2016년 9월 12일 15시,월요일,전라남도 나주시 산포면,경상사고,0,0,3,0,차대차 - 추돌,안전거리미확보,건조,맑음,단일로 - 기타,화물,남,24세,경상,승용,남,32세,경상
2016091200100405,2016년 9월 12일 15시,월요일,전라남도 영암군 삼호읍,경상사고,0,0,2,0,차대차 - 측면직각충돌,안전운전불이행,건조,맑음,교차로 - 교차로안,화물,남,42세,상해없음,원동기,남,56세,경상
2016091200100446,2016년 9월 12일 16시,월요일,전라남도 나주시 용산동,경상사고,0,0,1,0,차대차 - 측면직각충돌,직진우회전진행방해,건조,맑음,교차로 - 교차로안,승용,남,75세,경상,승합,남,57세,상해없음
2016091200100491,2016년 9월 12일 17시,월요일,전라남도 신안군 지도읍,경상사고,0,0,1,0,차대차 - 추돌,안전운전불이행,건조,맑음,단일로 - 기타,화물,남,70세,상해없음,이륜,남,75세,경상
2016091200100492,2016년 9월 12일 17시,월요일,전라남도 무안군 청계면,부상신고사고,0,0,0,1,차대차 - 측면직각충돌,안전운전불이행,건조,맑음,교차로 - 교차로안,이륜,남,83세,부상신고,승합,여,36세,상해없음
2016091200100533,2016년 9월 12일 18시,월요일,전라남도 목포시 상동,중상사고,0,1,1,0,차대차 - 측면충돌,안전운전불이행,건조,맑음,교차로 - 교차로부근,자전거,여,48세,중상,승합,남,32세,상해없음
2016091200100659,2016년 9월 12일 21시,월요일,전라남도 목포시 산정동,부상신고사고,0,0,0,1,차대차 - 측면직각충돌,안전운전불이행,건조,기타,교차로 - 교차로부근,기타불명,기타불명,기타불명,기타불명,승용,여,38세,부상신고
2016091200100660,2016년 9월 12일 21시,월요일,전라남도 순천시 조례동,경상사고,0,0,1,0,차대차 - 추돌,안전운전불이행,건조,맑음,단일로 - 기타,승용,남,62세,상해없음,승용,남,59세,경상
2016091200100661,2016년 9월 12일 21시,월요일,전라남도 광양시 태인동,경상사고,0,0,1,0,차량단독 - 공작물충돌,안전운전불이행,건조,맑음,단일로 - 기타,화물,남,49세,경상,,,,
2016091200100691,2016년 9월 12일 22시,월요일,전라남도 장흥군 관산읍,경상사고,0,0,1,0,차대차 - 측면충돌,안전운전불이행,건조,맑음,단일로 - 기타,화물,남,60세,경상,승용,남,41세,기타불명
2016091200100692,2016년 9월 12일 22시,월요일,전라남도 광양시 중동,경상사고,0,0,1,0,차대사람 - 횡단중,안전운전불이행,건조,맑음,단일로 - 기타,승용,여,52세,상해없음,보행자,여,21세,경상
2016091200100728,2016년 9월 12일 23시,월요일,전라남도 순천시 중앙동,중상사고,0,1,0,0,차대차 - 추돌,안전운전불이행,건조,맑음,단일로 - 기타,승용,남,50세,상해없음,화물,남,47세,기타불명
2016091200100729,2016년 9월 12일 23시,월요일,전라남도 완도군 완도읍,경상사고,0,0,2,0,차대차 - 추돌,안전운전불이행,건조,맑음,단일로 - 기타,승용,여,40세,경상,승용,여,29세,경상
2016091300100078,2016년 9월 13일 06시,화요일,전라남도 함평군 손불면,부상신고사고,0,0,0,1,차량단독 - 전도전복,안전운전불이행,건조,맑음,단일로 - 기타,승용,남,73세,부상신고,,,,
2016091300100092,2016년 9월 13일 07시,화요일,전라남도 무안군 삼향읍,중상사고,0,1,0,0,차대사람 - 횡단중,기타,건조,맑음,단일로 - 횡단보도부근,승용,여,41세,상해없음,보행자,여,8세,중상
2016091300100126,2016년 9월 13일 08시,화요일,전라남도 순천시 생목동,경상사고,0,0,1,0,차대사람 - 횡단중,안전운전불이행,건조,맑음,교차로 - 교차로부근,승용,남,23세,상해없음,보행자,여,18세,경상
2016091300100127,2016년 9월 13일 08시,화요일,전라남도 순천시 해룡면,경상사고,0,0,2,0,차대차 - 측면충돌,안전운전불이행,건조,맑음,교차로 - 교차로부근,승용,남,64세,기타불명,원동기,남,22세,경상
2016091300100128,2016년 9월 13일 08시,화요일,전라남도 화순군 화순읍,경상사고,0,0,1,0,차대차 - 기타,안전운전불이행,건조,맑음,교차로 - 교차로부근,승용,여,51세,상해없음,화물,남,38세,경상
2016091300100129,2016년 9월 13일 08시,화요일,전라남도 광양시 황길동,경상사고,0,0,1,0,차대차 - 측면충돌,불법유턴,건조,맑음,교차로 - 교차로안,승용,여,43세,상해없음,승용,남,38세,경상
2016091300100175,2016년 9월 13일 09시,화요일,전라남도 강진군 칠량면,사망사고,1,0,0,0,차대차 - 측면직각충돌,과속,건조,맑음,교차로 - 교차로안,화물,남,44세,상해없음,원동기,남,84세,사망
2016091300100215,2016년 9월 13일 10시,화요일,전라남도 목포시 산정동,경상사고,0,0,1,0,차대차 - 측면충돌,신호위반,건조,맑음,단일로 - 기타,승용,여,69세,상해없음,자전거,남,73세,경상
2016091300100250,2016년 9월 13일 11시,화요일,전라남도 여수시 신기동,경상사고,0,0,1,0,차대차 - 정면충돌,안전거리미확보,건조,맑음,단일로 - 기타,승용,여,38세,상해없음,승용,남,44세,경상
2016091300100251,2016년 9월 13일 11시,화요일,전라남도 여수시 학동,중상사고,0,1,0,0,차대차 - 측면충돌,기타,건조,맑음,단일로 - 기타,승용,남,39세,상해없음,이륜,남,34세,중상
2016091300100252,2016년 9월 13일 11시,화요일,전라남도 화순군 화순읍,경상사고,0,0,2,0,차대차 - 기타,안전운전불이행,건조,맑음,단일로 - 기타,화물,남,58세,상해없음,승용,남,52세,경상
2016091300100253,2016년 9월 13일 11시,화요일,전라남도 강진군 성전면,경상사고,0,0,3,0,차대차 - 추돌,안전운전불이행,건조,맑음,교차로 - 교차로부근,승용,남,54세,상해없음,승용,남,45세,경상
2016091300100286,2016년 9월 13일 12시,화요일,전라남도 영암군 신북면,경상사고,0,0,2,0,차대차 - 추돌,안전운전불이행,건조,맑음,교차로 - 교차로부근,화물,남,61세,경상,승용,남,56세,경상
2016091300100319,2016년 9월 13일 13시,화요일,전라남도 영암군 삼호읍,중상사고,0,1,2,1,차대차 - 추돌,안전운전불이행,건조,맑음,교차로 - 교차로부근,화물,여,66세,중상,승용,남,48세,경상
2016091300100320,2016년 9월 13일 13시,화요일,전라남도 영암군 시종면,중상사고,0,1,2,0,차대차 - 정면충돌,안전운전불이행,건조,맑음,단일로 - 기타,화물,남,57세,경상,화물,여,57세,경상
2016091300100321,2016년 9월 13일 13시,화요일,전라남도 광양시 광양읍,중상사고,0,1,3,0,차대차 - 추돌,안전운전불이행,건조,맑음,단일로 - 기타,화물,남,31세,상해없음,화물,남,61세,경상
2016091300100322,2016년 9월 13일 13시,화요일,전라남도 구례군 구례읍,경상사고,0,0,3,0,차대차 - 측면직각충돌,직진우회전진행방해,건조,맑음,교차로 - 교차로안,승용,남,76세,상해없음,승용,남,50세,경상
2016091300100361,2016년 9월 13일 14시,화요일,전라남도 여수시 돌산읍,경상사고,0,0,2,0,차대차 - 정면충돌,안전운전불이행,건조,맑음,교차로 - 교차로부근,승용,남,63세,상해없음,승용,남,35세,상해없음
2016091300100362,2016년 9월 13일 14시,화요일,전라남도 영암군 미암면,중상사고,0,1,2,0,차대차 - 측면직각충돌,신호위반,건조,맑음,교차로 - 교차로안,이륜,남,80세,중상,승용,남,67세,경상
2016091300100410,2016년 9월 13일 15시,화요일,전라남도 무안군 청계면,부상신고사고,0,0,0,1,차대차 - 측면직각충돌,중앙선침범,건조,맑음,단일로 - 기타,승용,여,53세,부상신고,화물,남,44세,상해없음
2016091300100516,2016년 9월 13일 17시,화요일,전라남도 순천시 조곡동,경상사고,0,0,1,0,차대차 - 추돌,안전운전불이행,건조,맑음,단일로 - 터널,승용,남,66세,상해없음,승합,여,55세,경상
2016091300100517,2016년 9월 13일 17시,화요일,전라남도 보성군 보성읍,부상신고사고,0,0,0,1,차대차 - 측면충돌,중앙선침범,건조,맑음,단일로 - 기타,자전거,남,13세,부상신고,승용,여,34세,상해없음
2016091300100518,2016년 9월 13일 17시,화요일,전라남도 보성군 율어면,중상사고,0,1,0,0,차대차 - 측면직각충돌,기타,건조,맑음,교차로 - 교차로안,화물,남,43세,상해없음,자전거,남,8세,중상
2016091300100519,2016년 9월 13일 17시,화요일,전라남도 화순군 화순읍,경상사고,0,0,1,0,차대사람 - 횡단중,보행자보호의무위반,건조,맑음,단일로 - 횡단보도상,승용,남,44세,상해없음,보행자,남,9세,경상
2016091300100560,2016년 9월 13일 18시,화요일,전라남도 여수시 여서동,경상사고,0,0,1,0,차대차 - 측면충돌,신호위반,건조,맑음,교차로 - 교차로안,승용,여,50세,상해없음,승용,남,32세,경상
2016091300100561,2016년 9월 13일 18시,화요일,전라남도 구례군 간전면,중상사고,0,2,0,0,차량단독 - 전도전복,안전운전불이행,건조,맑음,단일로 - 기타,화물,남,59세,상해없음,,,,
2016091300100603,2016년 9월 13일 19시,화요일,전라남도 목포시 석현동,경상사고,0,0,5,0,차대차 - 추돌,안전운전불이행,건조,맑음,단일로 - 기타,승용,남,53세,상해없음,승용,남,41세,경상
2016091300100604,2016년 9월 13일 19시,화요일,전라남도 여수시 소라면,중상사고,0,1,0,0,차대차 - 정면충돌,신호위반,건조,맑음,단일로 - 기타,원동기,남,26세,중상,승용,남,33세,상해없음
2016091300100605,2016년 9월 13일 19시,화요일,전라남도 순천시 연향동,경상사고,0,0,1,0,차대차 - 추돌,안전운전불이행,건조,맑음,단일로 - 기타,승용,여,52세,상해없음,승용,여,51세,경상
2016091300100653,2016년 9월 13일 20시,화요일,전라남도 목포시 산정동,경상사고,0,0,1,0,차대사람 - 횡단중,안전운전불이행,건조,맑음,단일로 - 기타,승용,남,33세,상해없음,보행자,남,32세,경상
2016091300100654,2016년 9월 13일 20시,화요일,전라남도 목포시 상동,경상사고,0,0,4,0,차대차 - 측면직각충돌,직진우회전진행방해,건조,맑음,교차로 - 교차로안,승용,남,41세,경상,승용,남,50세,경상
2016091300100655,2016년 9월 13일 20시,화요일,전라남도 나주시 노안면,경상사고,0,0,3,0,차대차 - 추돌,안전거리미확보,습기,비,단일로 - 기타,승용,남,27세,경상,승용,여,48세,경상
2016091300100656,2016년 9월 13일 20시,화요일,전라남도 나주시 노안면,경상사고,0,0,2,0,차대차 - 추돌,안전거리미확보,습기,비,단일로 - 기타,승용,남,25세,경상,승용,남,27세,경상
2016091300100657,2016년 9월 13일 20시,화요일,전라남도 해남군 현산면,경상사고,0,0,1,0,차대차 - 추돌,안전운전불이행,건조,맑음,단일로 - 기타,승용,여,57세,상해없음,자전거,남,8세,경상
2016091300100721,2016년 9월 13일 22시,화요일,전라남도 여수시 둔덕동,경상사고,0,0,1,0,차대차 - 측면충돌,안전거리미확보,건조,맑음,교차로 - 교차로안,승합,남,49세,상해없음,승용,여,48세,경상