사고번호,사고일시,요일,시군구,사고내용,사망자수,중상자수,경상자수,부상신고자수,사고유형,법규위반,노면상태,기상상태,도로형태,가해운전자 차종,가해운전자 성별,가해운전자 연령,가해운전자 상해정도,피해운전자 차종,피해운전자 성별,피해운전자 연령,피해운전자 상해정도
2016091900100313,2016년 9월 19일 15시,월요일,전라남도 여수시 충무동,경상사고,0,0,1,0,차대차 - 정면충돌,교차로운행방법위반,건조,맑음,교차로 - 교차로안,승용,여,36세,경상,승용,남,56세,상해없음
2016091900100314,2016년 9월 19일 15시,월요일,전라남도 순천시 왕지동,경상사고,0,0,2,0,차대차 - 측면직각충돌,안전운전불이행,건조,맑음,단일로 - 기타,승용,남,56세,상해없음,승용,여,36세,경상
2016091900100336,2016년 9월 19일 16시,월요일,전라남도 장성군 장성읍,경상사고,0,0,1,0,차대차 - 측면직각충돌,안전운전불이행,건조,맑음,교차로 - 교차로안,원동기,남,62세,경상,승용,여,36세,상해없음
2016091900100337,2016년 9월 19일 16시,월요일,전라남도 강진군 군동면,경상사고,0,0,2,0,차대차 - 측면직각충돌,교차로운행방법위반,건조,맑음,교차로 - 교차로안,화물,남,44세,경상,화물,남,58세,경상
2016091900100380,2016년 9월 19일 17시,월요일,전라남도 구례군 구례읍,경상사고,0,0,1,0,차대차 - 측면직각충돌,안전운전불이행,건조,맑음,단일로 - 기타,승용,남,75세,상해없음,승용,여,46세,경상
2016091900100416,2016년 9월 19일 18시,월요일,전라남도 목포시 상동,경상사고,0,0,5,0,차대차 - 측면직각충돌,직진우회전진행방해,건조,맑음,교차로 - 교차로안,승용,여,48세,경상,승합,남,62세,경상
2016091900100500,2016년 9월 19일 20시,월요일,전라남도 여수시 율촌면,경상사고,0,0,1,0,차대차 - 측면충돌,안전거리미확보,건조,맑음,단일로 - 기타,승용,여,52세,상해없음,승용,남,48세,경상
2016091900100544,2016년 9월 19일 22시,월요일,전라남도 순천시 연향동,경상사고,0,0,1,0,차대사람 - 횡단중,안전운전불이행,건조,맑음,단일로 - 기타,승용,남,18세,상해없음,보행자,여,31세,경상
2016092000100018,2016년 9월 20일 01시,화요일,전라남도 고흥군 풍양면,중상사고,0,1,0,0,차량단독 - 전도전복,안전운전불이행,건조,맑음,교차로 - 교차로안,화물,남,43세,중상,,,,
2016092000100032,2016년 9월 20일 03시,화요일,전라남도 강진군 신전면,경상사고,0,0,1,0,차량단독 - 공작물충돌,안전운전불이행,습기,흐림,단일로 - 기타,화물,남,56세,경상,,,,
2016092000100093,2016년 9월 20일 07시,화요일,전라남도 장성군 장성읍,사망사고,1,0,0,0,차대차 - 측면충돌,신호위반,건조,맑음,교차로 - 교차로안,화물,남,54세,상해없음,승용,남,64세,사망
2016092000100094,2016년 9월 20일 07시,화요일,전라남도 담양군 고서면,중상사고,0,1,0,0,차량단독 - 전도전복,안전운전불이행,건조,맑음,단일로 - 기타,농기계,남,56세,중상,,,,
2016092000100136,2016년 9월 20일 08시,화요일,전라남도 목포시 용당동,경상사고,0,0,1,0,차대차 - 측면충돌,중앙선침범,건조,맑음,교차로 - 교차로부근,승용,남,66세,상해없음,화물,남,47세,경상
2016092000100137,2016년 9월 20일 08시,화요일,전라남도 순천시 조례동,중상사고,0,1,0,0,차대사람 - 횡단중,보행자보호의무위반,건조,맑음,교차로 - 교차로부근,승용,남,27세,상해없음,보행자,여,77세,중상
2016092000100138,2016년 9월 20일 08시,화요일,전라남도 순천시 남정동,경상사고,0,0,1,0,차대사람 - 횡단중,기타,건조,맑음,교차로 - 교차로부근,화물,남,45세,상해없음,보행자,남,12세,경상
2016092000100139,2016년 9월 20일 08시,화요일,전라남도 순천시 서면,경상사고,0,0,1,0,차대사람 - 길가장자리구역통행중,안전운전불이행,건조,맑음,단일로 - 기타,승용,여,44세,상해없음,보행자,여,17세,경상
2016092000100140,2016년 9월 20일 08시,화요일,전라남도 순천시 조례동,경상사고,0,0,1,0,차대차 - 측면충돌,안전운전불이행,건조,맑음,단일로 - 기타,승용,여,30세,상해없음,자전거,남,12세,경상
2016092000100180,2016년 9월 20일 09시,화요일,전라남도 순천시 상사면,경상사고,0,0,1,0,차대차 - 기타,중앙선침범,건조,맑음,단일로 - 기타,승용,여,57세,상해없음,승용,여,37세,경상
2016092000100181,2016년 9월 20일 09시,화요일,전라남도 순천시 가곡동,경상사고,0,0,1,0,차대차 - 측면충돌,안전운전불이행,건조,맑음,단일로 - 기타,승용,남,80세,상해없음,승합,남,37세,경상
2016092000100182,2016년 9월 20일 09시,화요일,전라남도 영암군 신북면,경상사고,0,0,3,0,차대차 - 추돌,안전운전불이행,건조,맑음,교차로 - 교차로부근,승용,남,53세,경상,화물,남,34세,경상
2016092000100254,2016년 9월 20일 11시,화요일,전라남도 강진군 강진읍,경상사고,0,0,1,0,차대차 - 측면직각충돌,직진우회전진행방해,건조,맑음,교차로 - 교차로안,화물,남,65세,경상,특수,남,49세,상해없음
2016092000100275,2016년 9월 20일 12시,화요일,전라남도 목포시 상동,경상사고,0,0,1,0,차대사람 - 기타,안전운전불이행,건조,기타,단일로 - 기타,기타불명,기타불명,기타불명,기타불명,보행자,남,55세,경상
2016092000100276,2016년 9월 20일 12시,화요일,전라남도 영암군 영암읍,경상사고,0,0,1,0,차대차 - 측면충돌,신호위반,건조,맑음,교차로 - 교차로안,승용,남,58세,상해없음,이륜,남,84세,경상
2016092000100302,2016년 9월 20일 13시,화요일,전라남도 영광군 영광읍,경상사고,0,0,1,0,차대차 - 추돌,안전운전불이행,건조,맑음,교차로 - 교차로부근,승용,여,45세,상해없음,원동기,남,78세,경상
2016092000100303,2016년 9월 20일 13시,화요일,전라남도 강진군 신전면,경상사고,0,0,1,0,차대차 - 추돌,안전거리미확보,건조,맑음,교차로 - 교차로부근,승용,남,60세,상해없음,승용,여,37세,경상
2016092000100304,2016년 9월 20일 13시,화요일,전라남도 광양시 중동,경상사고,0,0,3,0,차대차 - 기타,기타,건조,맑음,단일로 - 기타,특수,남,47세,상해없음,승용,남,23세,경상
2016092000100336,2016년 9월 20일 14시,화요일,전라남도 목포시 상동,경상사고,0,0,2,0,차대차 - 추돌,안전운전불이행,건조,맑음,교차로 - 교차로부근,승용,여,50세,상해없음,승용,여,45세,경상
2016092000100358,2016년 9월 20일 15시,화요일,전라남도 해남군 화원면,중상사고,0,1,0,0,차량단독 - 전도전복,안전운전불이행,건조,맑음,단일로 - 기타,농기계,남,84세,중상,,,,
2016092000100359,2016년 9월 20일 15시,화요일,전라남도 화순군 화순읍,중상사고,0,1,2,0,차대차 - 측면충돌,신호위반,건조,맑음,교차로 - 교차로안,승용,여,57세,중상,승합,남,53세,경상
2016092000100386,2016년 9월 20일 16시,화요일,전라남도 목포시 용해동,경상사고,0,0,4,0,차대차 - 기타,안전운전불이행,건조,맑음,단일로 - 기타,승용,남,34세,상해없음,승용,남,25세,경상
2016092000100387,2016년 9월 20일 16시,화요일,전라남도 나주시 죽림동,경상사고,0,0,1,0,차대차 - 정면충돌,교차로운행방법위반,건조,맑음,교차로 - 교차로부근,승용,여,65세,상해없음,원동기,남,77세,경상
2016092000100422,2016년 9월 20일 17시,화요일,전라남도 담양군 수북면,경상사고,0,0,1,0,차대차 - 기타,안전운전불이행,건조,맑음,교차로 - 교차로안,원동기,남,70세,경상,승용,여,44세,상해없음
2016092000100471,2016년 9월 20일 18시,화요일,전라남도 여수시 학동,경상사고,0,0,2,0,차대차 - 추돌,중앙선침범,건조,맑음,단일로 - 기타,원동기,남,42세,경상,원동기,남,19세,경상
2016092000100472,2016년 9월 20일 18시,화요일,전라남도 여수시 선원동,중상사고,0,1,1,0,차대차 - 측면직각충돌,신호위반,건조,맑음,교차로 - 교차로안,승용,남,48세,상해없음,승용,남,28세,상해없음
2016092000100522,2016년 9월 20일 19시,화요일,전라남도 목포시 연산동,경상사고,0,0,1,0,차대차 - 기타,안전운전불이행,건조,맑음,단일로 - 횡단보도상,자전거,남,12세,경상,승용,남,47세,상해없음
2016092000100523,2016년 9월 20일 19시,화요일,전라남도 나주시 문평면,경상사고,0,0,1,0,차대차 - 측면충돌,안전운전불이행,건조,맑음,교차로 - 교차로부근,승용,남,53세,상해없음,이륜,남,42세,경상
2016092000100524,2016년 9월 20일 19시,화요일,전라남도 해남군 해남읍,경상사고,0,0,2,0,차대사람 - 횡단중,안전운전불이행,건조,맑음,교차로 - 교차로안,화물,남,47세,상해없음,보행자,남,28세,경상
2016092000100555,2016년 9월 20일 20시,화요일,전라남도 순천시 해룡면,경상사고,0,0,4,0,차대차 - 추돌,안전운전불이행,건조,맑음,단일로 - 기타,승용,여,46세,경상,승용,여,33세,경상
2016092100100064,2016년 9월 21일 06시,수요일,전라남도 순천시 생목동,중상사고,0,1,0,0,차대차 - 정면충돌,신호위반,건조,맑음,교차로 - 교차로안,승용,남,44세,상해없음,승용,여,25세,중상
2016092100100085,2016년 9월 21일 07시,수요일,전라남도 해남군 문내면,중상사고,0,1,2,0,차대차 - 정면충돌,직진우회전진행방해,건조,맑음,교차로 - 교차로안,화물,남,61세,경상,승용,여,62세,중상
2016092100100120,2016년 9월 21일 08시,수요일,전라남도 여수시 문수동,경상사고,0,0,1,0,차대사람 - 횡단중,안전운전불이행,건조,맑음,단일로 - 기타,승용,여,36세,상해없음,보행자,남,5세,경상
2016092100100152,2016년 9월 21일 09시,수요일,전라남도 담양군 담양읍,중상사고,0,1,0,0,차대차 - 추돌,안전운전불이행,건조,맑음,단일로 - 기타,원동기,남,72세,중상,승용,남,33세,상해없음
2016092100100195,2016년 9월 21일 11시,수요일,전라남도 순천시 장천동,중상사고,0,1,0,0,차대차 - 측면충돌,중앙선침범,건조,맑음,교차로 - 교차로부근,승용,여,54세,상해없음,이륜,남,36세,중상
2016092100100196,2016년 9월 21일 11시,수요일,전라남도 해남군 해남읍,경상사고,0,0,4,0,차대차 - 정면충돌,중앙선침범,건조,맑음,단일로 - 기타,화물,남,47세,경상,화물,남,55세,경상
2016092100100197,2016년 9월 21일 11시,수요일,전라남도 해남군 옥천면,사망사고,1,0,0,0,차대차 - 측면직각충돌,중앙선침범,건조,맑음,교차로 - 교차로부근,승용,남,66세,상해없음,이륜,남,78세,사망
2016092100100198,2016년 9월 21일 11시,수요일,전라남도 해남군 현산면,경상사고,0,0,4,0,차대차 - 추돌,안전거리미확보,건조,맑음,교차로 - 교차로부근,승용,남,67세,경상,승용,남,72세,경상
2016092100100226,2016년 9월 21일 12시,수요일,전라남도 영광군 영광읍,경상사고,0,0,1,0,차대차 - 추돌,안전운전불이행,건조,맑음,단일로 - 기타,승용,여,56세,상해없음,승용,남,46세,경상
2016092100100246,2016년 9월 21일 13시,수요일,전라남도 여수시 율촌면,경상사고,0,0,1,0,차량단독 - 전도전복,안전운전불이행,건조,맑음,단일로 - 기타,화물,남,22세,상해없음,,,,
2016092100100247,2016년 9월 21일 13시,수요일,전라남도 무안군 현경면,중상사고,0,1,0,0,차대차 - 기타,중앙선침범,건조,맑음,단일로 - 기타,화물,남,37세,상해없음,화물,남,48세,중상
2016092100100276,2016년 9월 21일 14시,수요일,전라남도 목포시 상동,경상사고,0,0,1,0,차대차 - 추돌,안전운전불이행,건조,맑음,단일로 - 기타,승용,남,22세,상해없음,승용,여,28세,경상
2016092100100338,2016년 9월 21일 16시,수요일,전라남도 나주시 산정동,중상사고,0,1,1,0,차대차 - 측면충돌,교차로운행방법위반,건조,맑음,교차로 - 교차로안,승용,여,57세,경상,승용,여,67세,중상
2016092100100364,2016년 9월 21일 17시,수요일,전라남도 여수시 선원동,경상사고,0,0,1,0,차대차 - 측면직각충돌,교차로운행방법위반,건조,맑음,교차로 - 교차로안,화물,남,40세,상해없음,이륜,남,57세,경상
2016092100100365,2016년 9월 21일 17시,수요일,전라남도 여수시 봉산동,경상사고,0,0,1,0,차대차 - 추돌,안전운전불이행,건조,맑음,단일로 - 기타,원동기,남,67세,경상,화물,남,43세,상해없음
2016092100100366,2016년 9월 21일 17시,수요일,전라남도 해남군 문내면,경상사고,0,0,3,0,차대차 - 측면직각충돌,신호위반,건조,맑음,교차로 - 교차로안,승용,남,29세,경상,화물,남,34세,경상
2016092100100395,2016년 9월 21일 18시,수요일,전라남도 목포시 산정동,경상사고,0,0,1,0,차대사람 - 기타,안전운전불이행,건조,맑음,교차로 - 교차로안,승용,남,47세,상해없음,보행자,여,41세,경상
2016092100100396,2016년 9월 21일 18시,수요일,전라남도 순천시 동외동,경상사고,0,0,2,0,차대차 - 측면직각충돌,직진우회전진행방해,건조,맑음,교차로 - 교차로안,승용,남,71세,경상,승용,여,59세,경상
2016092100100397,2016년 9월 21일 18시,수요일,전라남도 고흥군 풍양면,사망사고,1,0,0,0,차대사람 - 횡단중,안전운전불이행,건조,맑음,교차로 - 교차로안,승용,여,58세,상해없음,보행자,여,79세,사망
2016092100100441,2016년 9월 21일 19시,수요일,전라남도 목포시 상동,경상사고,0,0,1,0,차대차 - 측면직각충돌,직진우회전진행방해,건조,맑음,교차로 - 교차로안,이륜,남,35세,경상,승용,남,38세,상해없음
2016092100100442,2016년 9월 21일 19시,수요일,전라남도 곡성군 오산면,경상사고,0,0,1,0,차대차 - 추돌,안전운전불이행,건조,맑음,기타 - 기타,승용,여,61세,상해없음,승용,남,47세,경상
2016092100100443,2016년 9월 21일 19시,수요일,전라남도 광양시 마동,중상사고,0,1,0,0,차대사람 - 횡단중,보행자보호의무위반,건조,맑음,단일로 - 횡단보도상,승용,여,48세,상해없음,보행자,여,52세,중상
2016092100100474,2016년 9월 21일 20시,수요일,전라남도 나주시 공산면,경상사고,0,0,1,0,차대차 - 추돌,안전운전불이행,건조,맑음,단일로 - 기타,화물,남,38세,상해없음,화물,남,57세,경상
2016092100100475,2016년 9월 21일 20시,수요일,전라남도 강진군 강진읍,경상사고,0,0,1,0,차대차 - 측면직각충돌,교차로운행방법위반,건조,맑음,교차로 - 교차로안,승용,남,53세,상해없음,화물,여,59세,경상
2016092100100476,2016년 9월 21일 20시,수요일,전라남도 담양군 담양읍,중상사고,0,1,0,0,차대사람 - 횡단중,안전운전불이행,건조,맑음,단일로 - 기타,승용,남,48세,상해없음,보행자,남,37세,중상
2016092100100502,2016년 9월 21일 21시,수요일,전라남도 순천시 해룡면,경상사고,0,0,1,0,차대차 - 추돌,교차로운행방법위반,건조,맑음,교차로 - 교차로부근,승용,남,54세,상해없음,승용,남,25세,경상
2016092100100540,2016년 9월 21일 23시,수요일,전라남도 순천시 해룡면,중상사고,0,1,0,0,차대차 - 측면충돌,안전운전불이행,건조,맑음,단일로 - 기타,승용,남,45세,상해없음,이륜,남,19세,중상
2016092200100028,2016년 9월 22일 02시,목요일,전라남도 담양군 금성면,중상사고,0,1,0,0,차량단독 - 공작물충돌,안전운전불이행,건조,맑음,교차로 - 교차로안,승용,여,43세,중상,,,,
2016092200100054,2016년 9월 22일 06시,목요일,전라남도 목포시 상동,경상사고,0,0,1,0,차대사람 - 기타,안전운전불이행,건조,맑음,기타 - 기타,승용,여,35세,상해없음,보행자,남,16세,경상
2016092200100055,2016년 9월 22일 06시,목요일,전라남도 순천시 풍덕동,경상사고,0,0,1,0,차대차 - 측면충돌,중앙선침범,건조,맑음,단일로 - 기타,승용,남,70세,상해없음,승용,남,83세,경상
2016092200100067,2016년 9월 22일 07시,목요일,전라남도 광양시 옥곡면,중상사고,0,1,0,0,차대사람 - 차도통행중,안전운전불이행,건조,맑음,단일로 - 터널,승용,남,33세,상해없음,보행자,여,90세 이상,중상
2016092200100068,2016년 9월 22일 07시,목요일,전라남도 광양시 광양읍,중상사고,0,1,0,0,차대차 - 추돌,안전운전불이행,건조,맑음,단일로 - 기타,승용,여,60세,상해없음,승용,여,46세,중상
2016092200100105,2016년 9월 22일 08시,목요일,전라남도 순천시 연향동,중상사고,0,1,1,0,차대차 - 측면직각충돌,교차로운행방법위반,건조,맑음,교차로 - 교차로안,승용,여,40세,상해없음,이륜,여,48세,중상
2016092200100166,2016년 9월 22일 10시,목요일,전라남도 장흥군 관산읍,중상사고,0,1,0,0,차량단독 - 전도전복,안전운전불이행,건조,맑음,교차로 - 교차로부근,이륜,남,75세,중상,,,,
2016092200100167,2016년 9월 22일 10시,목요일,전라남도 해남군 해남읍,경상사고,0,0,1,0,차대차 - 정면충돌,신호위반,건조,맑음,교차로 - 교차로안,승용,남,71세,상해없음,승용,여,44세,상해없음
2016092200100193,2016년 9월 22일 11시,목요일,전라남도 해남군 북평면,중상사고,0,1,0,0,차량단독 - 전도전복,안전운전불이행,건조,맑음,단일로 - 기타,원동기,남,74세,중상,,,,
2016092200100194,2016년 9월 22일 11시,목요일,전라남도 영광군 군남면,사망사고,1,0,0,0,차대차 - 측면직각충돌,안전운전불이행,건조,맑음,교차로 - 교차로안,자전거,남,86세,사망,화물,남,45세,상해없음
2016092200100220,2016년 9월 22일 12시,목요일,전라남도 목포시 용당동,중상사고,0,1,1,0,차대차 - 측면충돌,안전운전불이행,건조,맑음,단일로 - 기타,승용,여,30세,경상,이륜,여,52세,중상
2016092200100237,2016년 9월 22일 13시,목요일,전라남도 목포시 산정동,중상사고,0,1,0,0,차대차 - 측면충돌,교차로운행방법위반,건조,맑음,교차로 - 교차로안,승용,남,56세,상해없음,이륜,남,33세,중상
2016092200100286,2016년 9월 22일 15시,목요일,전라남도 여수시 여천동,경상사고,0,0,1,0,차대차 - 추돌,안전거리미확보,건조,흐림,교차로 - 교차로부근,승용,남,54세,상해없음,승용,남,50세,경상
2016092200100316,2016년 9월 22일 16시,목요일,전라남도 광양시 도이동,중상사고,0,1,0,0,차대차 - 기타,교차로운행방법위반,건조,맑음,교차로 - 교차로안,특수,남,58세,상해없음,특수,남,55세,중상
2016092200100352,2016년 9월 22일 17시,목요일,전라남도 목포시 산정동,경상사고,0,0,1,0,차대차 - 측면충돌,안전운전불이행,건조,맑음,단일로 - 기타,승용,남,65세,상해없음,이륜,남,25세,경상
2016092200100353,2016년 9월 22일 17시,목요일,전라남도 신안군 비금면,중상사고,0,1,1,0,차대차 - 측면충돌,중앙선침범,건조,맑음,단일로 - 기타,화물,남,53세,중상,승용,여,34세,경상
2016092200100431,2016년 9월 22일 19시,목요일,전라남도 목포시 상동,중상사고,0,1,0,0,차대사람 - 횡단중,안전운전불이행,건조,맑음,교차로 - 교차로부근,승용,남,69세,상해없음,보행자,여,13세,중상
2016092200100466,2016년 9월 22일 20시,목요일,전라남도 여수시 남산동,중상사고,0,1,0,0,차대사람 - 횡단중,신호위반,건조,맑음,단일로 - 기타,승용,남,61세,상해없음,보행자,여,24세,중상
2016092200100502,2016년 9월 22일 21시,목요일,전라남도 장성군 장성읍,경상사고,0,0,2,0,차대차 - 추돌,안전운전불이행,건조,맑음,단일로 - 기타,승용,남,40세,상해없음,승용,여,31세,경상
2016092300100019,2016년 9월 23일 00시,금요일,전라남도 담양군 담양읍,경상사고,0,0,1,0,차량단독 - 공작물충돌,안전운전불이행,건조,맑음,단일로 - 기타,승용,남,24세,경상,,,,
2016092300100065,2016년 9월 23일 04시,금요일,전라남도 무안군 청계면,경상사고,0,0,3,0,차대차 - 추돌,안전운전불이행,건조,맑음,단일로 - 기타,화물,남,28세,상해없음,승합,남,49세,경상
2016092300100105,2016년 9월 23일 07시,금요일,전라남도 광양시 광양읍,경상사고,0,0,1,0,차대차 - 측면충돌,신호위반,건조,맑음,교차로 - 교차로안,승용,남,22세,상해없음,승용,남,59세,경상
2016092300100186,2016년 9월 23일 09시,금요일,전라남도 여수시 둔덕동,중상사고,0,1,1,0,차량단독 - 전도전복,안전운전불이행,건조,맑음,단일로 - 기타,승용,남,34세,경상,,,,
2016092300100221,2016년 9월 23일 10시,금요일,전라남도 순천시 조곡동,경상사고,0,0,1,0,차대차 - 기타,안전운전불이행,건조,맑음,단일로 - 기타,자전거,남,70세,경상,화물,남,58세,상해없음
2016092300100288,2016년 9월 23일 12시,금요일,전라남도 목포시 산정동,경상사고,0,0,1,0,차대차 - 기타,안전운전불이행,건조,맑음,기타 - 기타,기타불명,기타불명,기타불명,기타불명,자전거,남,7세,경상
2016092300100289,2016년 9월 23일 12시,금요일,전라남도 여수시 소라면,경상사고,0,0,1,0,차대차 - 정면충돌,안전운전불이행,건조,맑음,단일로 - 기타,승용,남,60세,상해없음,승용,여,36세,경상
2016092300100290,2016년 9월 23일 12시,금요일,전라남도 완도군 완도읍,경상사고,0,0,1,0,차대차 - 측면충돌,직진우회전진행방해,건조,맑음,교차로 - 교차로안,승용,남,52세,상해없음,승용,남,40세,경상
2016092300100342,2016년 9월 23일 14시,금요일,전라남도 함평군 해보면,경상사고,0,0,4,0,차대차 - 추돌,과속,건조,맑음,단일로 - 터널,승용,남,29세,상해없음,승용,여,44세,경상
2016092300100343,2016년 9월 23일 14시,금요일,전라남도 담양군 담양읍,경상사고,0,0,1,0,차대차 - 정면충돌,직진우회전진행방해,건조,맑음,교차로 - 교차로안,승용,남,43세,상해없음,승용,남,26세,상해없음
2016092300100406,2016년 9월 23일 16시,금요일,전라남도 목포시 상동,부상신고사고,0,0,0,1,차대차 - 측면직각충돌,안전운전불이행,건조,맑음,기타 - 기타,이륜,남,18세,부상신고,승용,남,35세,상해없음
2016092300100407,2016년 9월 23일 16시,금요일,전라남도 순천시 조례동,경상사고,0,0,1,0,차대차 - 측면충돌,신호위반,건조,맑음,교차로 - 교차로부근,승용,남,65세,상해없음,승용,여,46세,경상
2016092300100445,2016년 9월 23일 17시,금요일,전라남도 목포시 옥암동,경상사고,0,0,1,0,차대차 - 측면충돌,안전운전불이행,건조,맑음,단일로 - 기타,승용,여,58세,상해없음,이륜,남,36세,경상
2016092300100446,2016년 9월 23일 17시,금요일,전라남도 여수시 학동,중상사고,0,1,0,0,차대사람 - 횡단중,신호위반,건조,맑음,단일로 - 횡단보도상,승용,여,63세,상해없음,보행자,남,10세,중상
2016092300100447,2016년 9월 23일 17시,금요일,전라남도 고흥군 금산면,경상사고,0,0,1,0,차대차 - 기타,안전운전불이행,건조,맑음,단일로 - 기타,승용,남,74세,상해없음,승용,여,43세,경상
2016092300100484,2016년 9월 23일 18시,금요일,전라남도 광양시 황길동,중상사고,0,1,1,0,차대차 - 측면직각충돌,교차로운행방법위반,건조,맑음,교차로 - 교차로안,화물,남,40세,경상,화물,남,45세,중상
2016092300100565,2016년 9월 23일 20시,금요일,전라남도 여수시 공화동,경상사고,0,0,1,0,차대차 - 측면충돌,신호위반,건조,맑음,교차로 - 교차로안,이륜,남,63세,경상,승용,남,37세,상해없음
2016092300100609,2016년 9월 23일 21시,금요일,전라남도 여수시 봉계동,중상사고,0,1,0,0,차대사람 - 횡단중,안전운전불이행,건조,맑음,교차로 - 교차로안,승용,남,61세,상해없음,보행자,남,45세,중상
2016092300100610,2016년 9월 23일 21시,금요일,전라남도 순천시 조례동,경상사고,0,0,3,0,차대차 - 측면충돌,안전운전불이행,건조,맑음,교차로 - 교차로안,승용,여,56세,경상,승용,남,25세,경상
2016092300100611,2016년 9월 23일 21시,금요일,전라남도 순천시 연향동,경상사고,0,0,1,0,차대사람 - 횡단중,보행자보호의무위반,습기,맑음,교차로 - 교차로부근,승용,여,51세,상해없음,보행자,여,51세,경상
2016092300100612,2016년 9월 23일 21시,금요일,전라남도 광양시 금호동,경상사고,0,0,1,0,차대사람 - 기타,안전운전불이행,건조,맑음,단일로 - 기타,승용,남,45세,상해없음,보행자,남,11세,경상
2016092300100642,2016년 9월 23일 22시,금요일,전라남도 여수시 미평동,경상사고,0,0,2,0,차대차 - 추돌,안전운전불이행,건조,맑음,단일로 - 기타,승용,남,27세,상해없음,승용,남,33세,경상
2016092300100643,2016년 9월 23일 22시,금요일,전라남도 보성군 득량면,경상사고,0,0,4,0,차대차 - 측면직각충돌,안전운전불이행,건조,맑음,교차로 - 교차로안,승용,여,50세,상해없음,승용,남,59세,경상
2016092300100644,2016년 9월 23일 22시,금요일,전라남도 곡성군 석곡면,경상사고,0,0,2,0,차대차 - 측면직각충돌,안전운전불이행,건조,맑음,교차로 - 교차로안,승용,남,56세,상해없음,이륜,남,17세,경상
2016092400100081,2016년 9월 24일 06시,토요일,전라남도 강진군 병영면,경상사고,0,0,1,0,차대차 - 측면충돌,안전운전불이행,습기,안개,교차로 - 교차로안,이륜,남,73세,경상,승용,여,30세,기타불명
2016092400100104,2016년 9월 24일 07시,토요일,전라남도 여수시 봉계동,중상사고,0,1,1,0,차대차 - 추돌,안전운전불이행,건조,맑음,교차로 - 교차로안,화물,여,48세,중상,승용,남,43세,경상
2016092400100118,2016년 9월 24일 08시,토요일,전라남도 화순군 화순읍,경상사고,0,0,1,0,차대차 - 기타,교차로운행방법위반,건조,맑음,교차로 - 교차로안,승용,남,31세,상해없음,승용,여,47세,경상
2016092400100178,2016년 9월 24일 10시,토요일,전라남도 영광군 법성면,경상사고,0,0,1,0,차대차 - 측면직각충돌,안전운전불이행,건조,맑음,단일로 - 기타,승용,여,44세,상해없음,화물,남,37세,경상
2016092400100179,2016년 9월 24일 10시,토요일,전라남도 무안군 청계면,경상사고,0,0,1,0,차대사람 - 횡단중,안전운전불이행,건조,맑음,단일로 - 기타,화물,남,59세,상해없음,보행자,여,8세,경상
2016092400100213,2016년 9월 24일 11시,토요일,전라남도 장성군 장성읍,경상사고,0,0,3,1,차대차 - 측면충돌,안전운전불이행,건조,맑음,교차로 - 교차로안,승용,여,22세,부상신고,화물,남,53세,경상
2016092400100244,2016년 9월 24일 12시,토요일,전라남도 순천시 송광면,경상사고,0,0,1,0,차량단독 - 공작물충돌,안전운전불이행,기타,맑음,기타 - 기타,승용,남,64세,경상,,,,
2016092400100245,2016년 9월 24일 12시,토요일,전라남도 나주시 봉황면,중상사고,0,2,1,0,차대차 - 기타,안전운전불이행,건조,맑음,교차로 - 교차로안,승용,남,51세,상해없음,승용,여,53세,중상
2016092400100246,2016년 9월 24일 12시,토요일,전라남도 보성군 문덕면,부상신고사고,0,0,0,1,차대차 - 측면직각충돌,교차로운행방법위반,건조,맑음,단일로 - 기타,농기계,남,73세,상해없음,건설기계,남,59세,부상신고
2016092400100286,2016년 9월 24일 13시,토요일,전라남도 순천시 별량면,중상사고,0,1,0,0,차대차 - 측면충돌,안전운전불이행,건조,맑음,교차로 - 교차로안,원동기,남,81세,중상,승용,남,54세,상해없음
2016092400100326,2016년 9월 24일 14시,토요일,전라남도 여수시 소라면,경상사고,0,0,1,0,차대차 - 정면충돌,교차로운행방법위반,건조,맑음,교차로 - 교차로안,승용,남,61세,상해없음,승용,여,54세,경상
2016092400100327,2016년 9월 24일 14시,토요일,전라남도 나주시 금천면,경상사고,0,0,1,0,차대차 - 추돌,안전운전불이행,건조,맑음,교차로 - 교차로부근,승용,여,44세,상해없음,승용,남,42세,경상
2016092400100328,2016년 9월 24일 14시,토요일,전라남도 영암군 삼호읍,경상사고,0,0,1,0,차대차 - 측면직각충돌,직진우회전진행방해,건조,맑음,교차로 - 교차로안,화물,남,56세,상해없음,건설기계,남,54세,경상
2016092400100329,2016년 9월 24일 14시,토요일,전라남도 구례군 마산면,중상사고,0,1,1,0,차대차 - 기타,직진우회전진행방해,건조,맑음,교차로 - 교차로안,승용,남,35세,상해없음,원동기,남,82세,경상
2016092400100406,2016년 9월 24일 16시,토요일,전라남도 무안군 무안읍,경상사고,0,0,1,0,차대차 - 측면직각충돌,안전운전불이행,건조,맑음,교차로 - 교차로부근,승용,여,27세,상해없음,승합,남,57세,경상