사고번호,사고일시,요일,시군구,사고내용,사망자수,중상자수,경상자수,부상신고자수,사고유형,법규위반,노면상태,기상상태,도로형태,가해운전자 차종,가해운전자 성별,가해운전자 연령,가해운전자 상해정도,피해운전자 차종,피해운전자 성별,피해운전자 연령,피해운전자 상해정도
2016092900100007,2016년 9월 29일 00시,목요일,전라남도 순천시 조례동,경상사고,0,0,1,0,차대사람 - 기타,안전운전불이행,건조,맑음,교차로 - 교차로안,승용,남,44세,상해없음,보행자,남,27세,경상
2016092900100046,2016년 9월 29일 03시,목요일,전라남도 순천시 조곡동,경상사고,0,0,1,0,차량단독 - 공작물충돌,안전운전불이행,습기,비,미분류 - 미분류,승용,남,39세,경상,,,,
2016092900100061,2016년 9월 29일 04시,목요일,전라남도 여수시 서교동,경상사고,0,0,1,0,차대사람 - 횡단중,안전운전불이행,습기,비,단일로 - 기타,승용,여,46세,상해없음,보행자,남,53세,경상
2016092900100062,2016년 9월 29일 04시,목요일,전라남도 무안군 해제면,경상사고,0,0,1,0,차량단독 - 전도전복,안전운전불이행,건조,맑음,교차로 - 교차로부근,승용,남,74세,상해없음,,,,
2016092900100074,2016년 9월 29일 05시,목요일,전라남도 영암군 영암읍,중상사고,0,1,1,0,차대차 - 측면직각충돌,안전운전불이행,건조,맑음,교차로 - 교차로안,승용,여,59세,중상,승용,남,29세,경상
2016092900100089,2016년 9월 29일 06시,목요일,전라남도 나주시 문평면,중상사고,0,2,0,0,차대차 - 측면직각충돌,신호위반,건조,맑음,교차로 - 교차로안,승용,남,33세,중상,화물,남,48세,중상
2016092900100110,2016년 9월 29일 07시,목요일,전라남도 신안군 지도읍,중상사고,0,2,0,0,차량단독 - 전도전복,안전운전불이행,건조,맑음,단일로 - 기타,승용,남,55세,상해없음,,,,
2016092900100150,2016년 9월 29일 08시,목요일,전라남도 목포시 연산동,경상사고,0,0,1,0,차대차 - 추돌,안전운전불이행,건조,맑음,단일로 - 기타,승용,여,51세,상해없음,승용,여,35세,경상
2016092900100187,2016년 9월 29일 09시,목요일,전라남도 목포시 산정동,경상사고,0,0,2,0,차대차 - 측면충돌,교차로운행방법위반,기타,기타,교차로 - 교차로안,승용,남,59세,상해없음,승용,여,27세,경상
2016092900100188,2016년 9월 29일 09시,목요일,전라남도 담양군 담양읍,경상사고,0,0,1,0,차량단독 - 전도전복,안전운전불이행,습기,비,단일로 - 기타,이륜,남,17세,상해없음,,,,
2016092900100189,2016년 9월 29일 09시,목요일,전라남도 완도군 완도읍,중상사고,0,1,1,0,차대차 - 측면직각충돌,안전운전불이행,습기,비,교차로 - 교차로부근,승용,남,62세,경상,승용,여,70세,중상
2016092900100220,2016년 9월 29일 10시,목요일,전라남도 목포시 상동,중상사고,0,1,0,0,차대차 - 추돌,안전운전불이행,습기,비,교차로 - 교차로안,승용,남,61세,상해없음,이륜,여,57세,중상
2016092900100221,2016년 9월 29일 10시,목요일,전라남도 나주시 동강면,중상사고,0,1,2,0,차대차 - 측면충돌,신호위반,건조,맑음,교차로 - 교차로안,원동기,남,64세,중상,승용,남,55세,경상
2016092900100252,2016년 9월 29일 11시,목요일,전라남도 순천시 별량면,중상사고,0,1,0,0,차대차 - 추돌,안전운전불이행,습기,흐림,단일로 - 기타,승용,남,36세,상해없음,승용,여,54세,중상
2016092900100253,2016년 9월 29일 11시,목요일,전라남도 고흥군 도양읍,중상사고,0,1,0,0,차대사람 - 기타,안전운전불이행,습기,흐림,단일로 - 기타,승용,남,66세,상해없음,보행자,남,48세,중상
2016092900100254,2016년 9월 29일 11시,목요일,전라남도 해남군 문내면,경상사고,0,0,1,0,차대차 - 추돌,안전운전불이행,건조,맑음,단일로 - 기타,승용,남,50세,상해없음,승용,남,74세,경상
2016092900100282,2016년 9월 29일 12시,목요일,전라남도 목포시 상동,경상사고,0,0,2,0,차대차 - 측면충돌,교차로운행방법위반,건조,맑음,교차로 - 교차로안,기타불명,기타불명,기타불명,기타불명,승용,여,29세,경상
2016092900100311,2016년 9월 29일 13시,목요일,전라남도 여수시 오림동,경상사고,0,0,1,0,차량단독 - 기타,기타,습기,비,단일로 - 기타,승용,여,52세,상해없음,,,,
2016092900100312,2016년 9월 29일 13시,목요일,전라남도 나주시 동수동,경상사고,0,0,1,0,차대차 - 정면충돌,중앙선침범,건조,맑음,단일로 - 기타,화물,남,67세,상해없음,승용,남,49세,경상
2016092900100388,2016년 9월 29일 15시,목요일,전라남도 순천시 조례동,중상사고,0,1,0,0,차대차 - 측면충돌,차로위반,건조,맑음,교차로 - 교차로부근,특수,남,26세,상해없음,원동기,남,49세,중상
2016092900100423,2016년 9월 29일 16시,목요일,전라남도 해남군 산이면,중상사고,0,3,3,0,차대차 - 정면충돌,과속,습기,비,교차로 - 교차로안,승용,여,25세,중상,승용,여,32세,경상
2016092900100424,2016년 9월 29일 16시,목요일,전라남도 무안군 무안읍,경상사고,0,0,1,0,차대사람 - 기타,안전운전불이행,건조,맑음,교차로 - 교차로안,승용,여,38세,상해없음,보행자,남,54세,경상
2016092900100486,2016년 9월 29일 18시,목요일,전라남도 화순군 화순읍,경상사고,0,0,2,0,차대차 - 측면직각충돌,안전운전불이행,건조,맑음,교차로 - 교차로안,승용,여,27세,경상,화물,남,49세,경상
2016092900100487,2016년 9월 29일 18시,목요일,전라남도 광양시 광영동,경상사고,0,0,3,0,차대차 - 측면충돌,안전운전불이행,습기,흐림,교차로 - 교차로안,승용,남,58세,상해없음,승용,남,29세,경상
2016092900100534,2016년 9월 29일 19시,목요일,전라남도 나주시 왕곡면,경상사고,0,0,1,0,차대차 - 기타,교차로운행방법위반,건조,맑음,교차로 - 교차로안,화물,여,56세,상해없음,승용,여,48세,경상
2016092900100563,2016년 9월 29일 20시,목요일,전라남도 목포시 산정동,경상사고,0,0,1,0,차대차 - 측면충돌,안전운전불이행,건조,맑음,교차로 - 교차로안,승용,남,48세,상해없음,승용,남,60세,경상
2016092900100564,2016년 9월 29일 20시,목요일,전라남도 순천시 연향동,경상사고,0,0,1,0,차대차 - 추돌,안전운전불이행,건조,맑음,단일로 - 기타,승용,남,63세,상해없음,승용,여,47세,경상
2016092900100597,2016년 9월 29일 21시,목요일,전라남도 여수시 화장동,중상사고,0,1,0,0,차대차 - 측면직각충돌,중앙선침범,건조,맑음,단일로 - 기타,승용,남,26세,상해없음,이륜,남,40세,중상
2016092900100623,2016년 9월 29일 22시,목요일,전라남도 순천시 행동,부상신고사고,0,0,0,1,차대차 - 측면충돌,안전운전불이행,습기,흐림,교차로 - 교차로부근,원동기,남,22세,부상신고,승용,남,26세,상해없음
2016092900100647,2016년 9월 29일 23시,목요일,전라남도 순천시 석현동,중상사고,0,1,0,0,차대사람 - 횡단중,안전운전불이행,건조,맑음,단일로 - 횡단보도상,승용,여,43세,상해없음,보행자,남,28세,중상
2016093000100038,2016년 9월 30일 02시,금요일,전라남도 영암군 학산면,부상신고사고,0,0,0,1,차량단독 - 전도전복,기타,습기,비,단일로 - 기타,이륜,남,20세,부상신고,,,,
2016093000100044,2016년 9월 30일 03시,금요일,전라남도 순천시 석현동,부상신고사고,0,0,0,1,차량단독 - 전도전복,안전운전불이행,습기,비,단일로 - 기타,원동기,남,26세,부상신고,,,,
2016093000100063,2016년 9월 30일 05시,금요일,전라남도 순천시 매곡동,중상사고,0,1,0,0,차대사람 - 횡단중,안전운전불이행,습기,비,교차로 - 교차로부근,승용,남,60세,상해없음,보행자,여,70세,중상
2016093000100080,2016년 9월 30일 06시,금요일,전라남도 강진군 칠량면,경상사고,0,0,1,0,차대차 - 기타,중앙선침범,습기,비,단일로 - 기타,승용,남,36세,상해없음,승용,남,58세,경상
2016093000100109,2016년 9월 30일 07시,금요일,전라남도 여수시 서교동,경상사고,0,0,1,0,차대사람 - 횡단중,신호위반,습기,비,단일로 - 횡단보도상,이륜,남,51세,기타불명,보행자,남,39세,경상
2016093000100148,2016년 9월 30일 08시,금요일,전라남도 고흥군 과역면,중상사고,0,2,0,0,차량단독 - 전도전복,안전운전불이행,습기,비,단일로 - 기타,이륜,남,79세,중상,,,,
2016093000100149,2016년 9월 30일 08시,금요일,전라남도 장성군 삼계면,경상사고,0,0,1,0,차대차 - 측면직각충돌,교차로운행방법위반,습기,비,교차로 - 교차로안,승용,여,34세,경상,승용,남,56세,기타불명
2016093000100150,2016년 9월 30일 08시,금요일,전라남도 무안군 현경면,경상사고,0,0,2,0,차대차 - 측면충돌,교차로운행방법위반,습기,비,교차로 - 교차로안,화물,남,57세,경상,승용,여,22세,경상
2016093000100151,2016년 9월 30일 08시,금요일,전라남도 광양시 황길동,중상사고,0,1,2,0,차대차 - 기타,안전운전불이행,습기,비,교차로 - 교차로안,농기계,남,79세,중상,승용,여,57세,경상
2016093000100185,2016년 9월 30일 09시,금요일,전라남도 여수시 호명동,중상사고,0,1,0,0,차량단독 - 공작물충돌,안전운전불이행,습기,비,단일로 - 기타,승용,남,52세,상해없음,,,,
2016093000100186,2016년 9월 30일 09시,금요일,전라남도 해남군 해남읍,경상사고,0,0,1,0,차대차 - 정면충돌,안전운전불이행,습기,비,단일로 - 기타,화물,남,64세,상해없음,화물,남,54세,경상
2016093000100237,2016년 9월 30일 11시,금요일,전라남도 강진군 강진읍,중상사고,0,4,0,0,차량단독 - 기타,안전운전불이행,습기,비,단일로 - 기타,승합,남,30세,중상,,,,
2016093000100299,2016년 9월 30일 13시,금요일,전라남도 목포시 상동,경상사고,0,0,4,0,차대차 - 추돌,안전거리미확보,습기,비,교차로 - 교차로부근,승용,여,42세,경상,화물,남,37세,경상
2016093000100300,2016년 9월 30일 13시,금요일,전라남도 여수시 학동,경상사고,0,0,5,0,차대차 - 추돌,안전운전불이행,습기,비,단일로 - 기타,승용,남,26세,상해없음,승용,여,60세,경상
2016093000100301,2016년 9월 30일 13시,금요일,전라남도 보성군 벌교읍,경상사고,0,0,1,0,차대사람 - 기타,불법유턴,건조,맑음,단일로 - 기타,화물,남,30세,상해없음,보행자,여,84세,경상
2016093000100302,2016년 9월 30일 13시,금요일,전라남도 무안군 청계면,경상사고,0,0,1,0,차대차 - 추돌,안전운전불이행,습기,비,교차로 - 교차로안,승용,남,48세,상해없음,승용,여,57세,경상
2016093000100335,2016년 9월 30일 14시,금요일,전라남도 목포시 상동,중상사고,0,1,0,1,차대차 - 측면충돌,신호위반,습기,비,교차로 - 교차로안,승용,남,71세,상해없음,승용,여,44세,중상
2016093000100336,2016년 9월 30일 14시,금요일,전라남도 고흥군 도양읍,중상사고,0,1,0,0,차대차 - 측면충돌,교차로운행방법위반,습기,비,교차로 - 교차로안,승용,여,47세,상해없음,특수,남,46세,상해없음
2016093000100408,2016년 9월 30일 16시,금요일,전라남도 해남군 옥천면,경상사고,0,0,1,0,차대차 - 정면충돌,중앙선침범,습기,비,단일로 - 기타,승용,남,54세,상해없음,승용,여,42세,경상
2016093000100448,2016년 9월 30일 17시,금요일,전라남도 여수시 선원동,경상사고,0,0,4,0,차대차 - 추돌,안전운전불이행,습기,비,교차로 - 교차로부근,화물,남,30세,상해없음,승용,남,73세,경상
2016093000100449,2016년 9월 30일 17시,금요일,전라남도 순천시 조례동,부상신고사고,0,0,0,1,차대사람 - 기타,보행자보호의무위반,건조,맑음,단일로 - 기타,승용,남,30세,기타불명,보행자,여,14세,부상신고
2016093000100488,2016년 9월 30일 18시,금요일,전라남도 목포시 용당동,중상사고,0,1,0,0,차대사람 - 횡단중,보행자보호의무위반,건조,맑음,단일로 - 횡단보도상,승용,남,43세,상해없음,보행자,여,50세,중상
2016093000100489,2016년 9월 30일 18시,금요일,전라남도 목포시 상동,경상사고,0,0,2,0,차대차 - 추돌,안전거리미확보,습기,비,단일로 - 기타,화물,남,39세,경상,승용,남,37세,경상
2016093000100490,2016년 9월 30일 18시,금요일,전라남도 광양시 중동,경상사고,0,0,1,0,차대차 - 추돌,안전운전불이행,습기,비,단일로 - 기타,화물,남,45세,상해없음,승용,여,33세,경상
2016093000100491,2016년 9월 30일 18시,금요일,전라남도 광양시 성황동,중상사고,0,1,1,0,차대차 - 측면충돌,안전운전불이행,습기,비,교차로 - 교차로안,승용,여,50세,경상,승용,여,54세,중상
2016093000100554,2016년 9월 30일 19시,금요일,전라남도 순천시 조례동,경상사고,0,0,4,0,차대차 - 정면충돌,안전운전불이행,건조,맑음,단일로 - 기타,승용,여,44세,경상,승용,남,26세,경상
2016093000100555,2016년 9월 30일 19시,금요일,전라남도 순천시 해룡면,중상사고,0,2,2,0,차대차 - 기타,교차로운행방법위반,습기,흐림,교차로 - 교차로안,승용,남,31세,경상,승용,여,31세,경상
2016093000100602,2016년 9월 30일 20시,금요일,전라남도 순천시 생목동,경상사고,0,0,2,0,차대차 - 추돌,안전운전불이행,습기,비,단일로 - 기타,화물,남,58세,상해없음,승용,남,23세,경상
2016093000100603,2016년 9월 30일 20시,금요일,전라남도 순천시 서면,경상사고,0,0,1,0,차대차 - 추돌,안전운전불이행,습기,비,단일로 - 기타,승합,남,57세,상해없음,승용,남,47세,경상
2016093000100646,2016년 9월 30일 21시,금요일,전라남도 여수시 신기동,경상사고,0,0,2,0,차대차 - 측면직각충돌,신호위반,습기,비,교차로 - 교차로안,승용,남,23세,상해없음,승용,남,34세,경상
2016093000100681,2016년 9월 30일 22시,금요일,전라남도 해남군 해남읍,경상사고,0,0,3,0,차대차 - 정면충돌,과속,습기,비,교차로 - 교차로안,승용,남,65세,경상,승용,남,31세,경상
2016093000100682,2016년 9월 30일 22시,금요일,전라남도 광양시 중동,경상사고,0,0,2,0,차대차 - 추돌,안전운전불이행,습기,비,교차로 - 교차로부근,승용,남,26세,상해없음,승용,남,64세,상해없음
2016093000100717,2016년 9월 30일 23시,금요일,전라남도 여수시 여서동,중상사고,0,1,0,0,차대사람 - 기타,안전운전불이행,습기,비,단일로 - 기타,승용,남,56세,상해없음,보행자,남,38세,중상
2016093000100718,2016년 9월 30일 23시,금요일,전라남도 광양시 중동,경상사고,0,0,1,0,차대사람 - 횡단중,보행자보호의무위반,습기,비,교차로 - 교차로안,화물,남,62세,상해없음,보행자,여,17세,경상
2016093000100719,2016년 9월 30일 23시,금요일,전라남도 광양시 중동,경상사고,0,0,3,0,차대차 - 추돌,안전거리미확보,습기,비,단일로 - 기타,승용,남,58세,상해없음,승용,남,29세,경상
2016100100100019,2016년 10월 1일 00시,토요일,전라남도 목포시 산정동,중상사고,0,1,1,0,차대차 - 측면충돌,직진우회전진행방해,습기,흐림,교차로 - 교차로안,승용,남,62세,상해없음,승용,남,34세,경상
2016100100100020,2016년 10월 1일 00시,토요일,전라남도 순천시 조례동,사망사고,1,1,0,0,차대사람 - 횡단중,보행자보호의무위반,습기,비,단일로 - 횡단보도상,승용,남,25세,상해없음,보행자,남,20세,사망
2016100100100021,2016년 10월 1일 00시,토요일,전라남도 무안군 삼향읍,중상사고,0,2,0,0,차대차 - 측면충돌,교차로운행방법위반,건조,맑음,교차로 - 교차로안,승용,남,32세,중상,승용,여,21세,중상
2016100100100061,2016년 10월 1일 02시,토요일,전라남도 여수시 학동,경상사고,0,0,2,0,차대차 - 추돌,안전운전불이행,습기,비,단일로 - 기타,승용,여,54세,상해없음,승용,남,31세,상해없음
2016100100100113,2016년 10월 1일 05시,토요일,전라남도 순천시 연향동,경상사고,0,0,2,0,차대차 - 추돌,안전운전불이행,습기,비,교차로 - 교차로부근,승용,남,30세,상해없음,승용,남,33세,경상
2016100100100130,2016년 10월 1일 06시,토요일,전라남도 목포시 산정동,중상사고,0,1,0,0,차대차 - 측면충돌,신호위반,건조,맑음,교차로 - 교차로안,승용,남,49세,상해없음,승용,남,62세,중상
2016100100100131,2016년 10월 1일 06시,토요일,전라남도 광양시 금호동,경상사고,0,0,2,0,차대차 - 측면직각충돌,안전거리미확보,건조,맑음,단일로 - 교량,화물,남,42세,상해없음,승용,남,35세,경상
2016100100100144,2016년 10월 1일 07시,토요일,전라남도 여수시 소호동,경상사고,0,0,2,0,차대차 - 추돌,신호위반,습기,흐림,교차로 - 교차로안,승용,남,56세,상해없음,화물,남,52세,경상
2016100100100145,2016년 10월 1일 07시,토요일,전라남도 해남군 화산면,경상사고,0,0,2,0,차량단독 - 전도전복,안전운전불이행,습기,비,단일로 - 기타,승용,남,21세,경상,,,,
2016100100100146,2016년 10월 1일 07시,토요일,전라남도 장성군 남면,경상사고,0,0,1,0,차대차 - 측면충돌,안전운전불이행,습기,비,단일로 - 기타,승용,남,47세,상해없음,화물,남,63세,경상
2016100100100199,2016년 10월 1일 09시,토요일,전라남도 여수시 화양면,중상사고,0,1,0,0,차대차 - 측면직각충돌,안전운전불이행,습기,흐림,교차로 - 교차로안,농기계,남,51세,중상,승합,남,40세,상해없음
2016100100100225,2016년 10월 1일 10시,토요일,전라남도 순천시 해룡면,중상사고,0,2,0,0,차대차 - 측면직각충돌,교차로운행방법위반,건조,맑음,교차로 - 교차로안,승용,남,23세,상해없음,승용,남,48세,중상
2016100100100226,2016년 10월 1일 10시,토요일,전라남도 곡성군 겸면,중상사고,0,5,0,0,차대차 - 추돌,안전거리미확보,건조,맑음,단일로 - 기타,승용,남,25세,상해없음,승용,남,50세,중상
2016100100100313,2016년 10월 1일 13시,토요일,전라남도 목포시 옥암동,경상사고,0,0,3,0,차대차 - 추돌,안전운전불이행,건조,맑음,단일로 - 기타,승용,남,48세,상해없음,승용,남,35세,경상
2016100100100314,2016년 10월 1일 13시,토요일,전라남도 해남군 삼산면,경상사고,0,0,4,0,차대차 - 추돌,안전거리미확보,건조,맑음,단일로 - 기타,승합,남,42세,상해없음,승용,남,71세,경상
2016100100100420,2016년 10월 1일 16시,토요일,전라남도 보성군 겸백면,경상사고,0,0,1,0,차대차 - 정면충돌,안전운전불이행,습기,흐림,교차로 - 교차로부근,화물,남,55세,상해없음,승용,남,46세,경상
2016100100100421,2016년 10월 1일 16시,토요일,전라남도 완도군 보길면,경상사고,0,0,2,1,차대차 - 추돌,안전운전불이행,습기,비,교차로 - 교차로부근,화물,남,57세,상해없음,승용,남,34세,경상
2016100100100447,2016년 10월 1일 17시,토요일,전라남도 해남군 화원면,중상사고,0,1,0,0,차대차 - 측면직각충돌,불법유턴,건조,맑음,단일로 - 기타,화물,남,74세,상해없음,원동기,남,51세,중상
2016100100100448,2016년 10월 1일 17시,토요일,전라남도 영암군 삼호읍,중상사고,0,1,0,0,차대차 - 측면직각충돌,신호위반,건조,맑음,교차로 - 교차로안,승용,남,60세,상해없음,자전거,남,29세,중상
2016100100100449,2016년 10월 1일 17시,토요일,전라남도 광양시 광양읍,경상사고,0,0,1,0,차대차 - 측면직각충돌,안전운전불이행,습기,흐림,교차로 - 교차로안,화물,남,81세,상해없음,승용,남,37세,경상
2016100100100482,2016년 10월 1일 18시,토요일,전라남도 목포시 용해동,경상사고,0,0,1,0,차대차 - 추돌,안전거리미확보,습기,비,단일로 - 기타,승용,남,41세,상해없음,승용,남,51세,경상
2016100100100483,2016년 10월 1일 18시,토요일,전라남도 해남군 화원면,경상사고,0,0,1,0,차대차 - 기타,안전운전불이행,건조,맑음,교차로 - 교차로안,승용,여,31세,경상,화물,남,74세,상해없음
2016100100100484,2016년 10월 1일 18시,토요일,전라남도 무안군 청계면,중상사고,0,1,1,0,차대차 - 측면충돌,신호위반,습기,비,교차로 - 교차로안,화물,남,58세,중상,승용,남,70세,경상
2016100100100485,2016년 10월 1일 18시,토요일,전라남도 광양시 진월면,경상사고,0,0,1,0,차량단독 - 기타,안전운전불이행,습기,비,교차로 - 교차로안,이륜,남,76세,경상,,,,
2016100100100528,2016년 10월 1일 19시,토요일,전라남도 목포시 옥암동,경상사고,0,0,2,0,차대차 - 측면충돌,안전운전불이행,습기,비,단일로 - 기타,승용,남,29세,상해없음,승용,남,22세,경상
2016100100100529,2016년 10월 1일 19시,토요일,전라남도 순천시 용당동,중상사고,0,1,1,0,차대차 - 추돌,안전운전불이행,습기,비,교차로 - 교차로부근,승용,남,31세,상해없음,승용,남,53세,중상
2016100100100530,2016년 10월 1일 19시,토요일,전라남도 무안군 청계면,경상사고,0,0,1,0,차량단독 - 전도전복,안전운전불이행,습기,비,교차로 - 교차로부근,승용,남,51세,경상,,,,
2016100100100566,2016년 10월 1일 20시,토요일,전라남도 목포시 상동,중상사고,0,1,0,0,차대사람 - 횡단중,보행자보호의무위반,습기,비,단일로 - 횡단보도상,승용,남,43세,상해없음,보행자,남,47세,중상
2016100100100567,2016년 10월 1일 20시,토요일,전라남도 순천시 중앙동,중상사고,0,1,0,0,차대사람 - 횡단중,안전운전불이행,습기,비,교차로 - 교차로안,화물,남,56세,상해없음,보행자,남,45세,중상
2016100100100568,2016년 10월 1일 20시,토요일,전라남도 광양시 광양읍,경상사고,0,0,1,0,차량단독 - 공작물충돌,안전운전불이행,습기,비,단일로 - 기타,승용,여,58세,경상,,,,
2016100100100606,2016년 10월 1일 21시,토요일,전라남도 목포시 용당동,경상사고,0,0,1,0,차대사람 - 횡단중,안전운전불이행,습기,비,단일로 - 기타,승합,여,45세,상해없음,보행자,여,47세,경상
2016100100100635,2016년 10월 1일 22시,토요일,전라남도 순천시 연향동,중상사고,0,1,0,0,차대사람 - 횡단중,안전운전불이행,습기,비,단일로 - 기타,승용,남,41세,상해없음,보행자,남,58세,중상
2016100200100014,2016년 10월 2일 00시,일요일,전라남도 광양시 광양읍,경상사고,0,0,4,0,차대차 - 측면직각충돌,안전운전불이행,건조,맑음,단일로 - 기타,승용,남,55세,상해없음,승용,남,30세,경상
2016100200100059,2016년 10월 2일 03시,일요일,전라남도 완도군 신지면,경상사고,0,0,2,0,차대차 - 기타,중앙선침범,건조,맑음,단일로 - 기타,승용,남,28세,기타불명,승용,남,28세,경상
2016100200100077,2016년 10월 2일 05시,일요일,전라남도 여수시 학동,경상사고,0,0,1,0,차대사람 - 횡단중,안전운전불이행,건조,맑음,교차로 - 교차로안,승용,남,27세,상해없음,보행자,남,17세,경상
2016100200100098,2016년 10월 2일 07시,일요일,전라남도 담양군 고서면,중상사고,0,2,0,1,차대차 - 측면직각충돌,신호위반,습기,흐림,교차로 - 교차로안,승용,남,31세,부상신고,승용,남,63세,중상
2016100200100130,2016년 10월 2일 09시,일요일,전라남도 영암군 영암읍,경상사고,0,0,1,0,차대차 - 측면직각충돌,직진우회전진행방해,건조,맑음,교차로 - 교차로안,화물,남,27세,경상,승용,여,57세,상해없음
2016100200100131,2016년 10월 2일 09시,일요일,전라남도 곡성군 삼기면,경상사고,0,0,1,0,차대차 - 측면직각충돌,안전운전불이행,건조,흐림,교차로 - 교차로안,원동기,여,65세,경상,승용,남,36세,상해없음
2016100200100153,2016년 10월 2일 10시,일요일,전라남도 보성군 조성면,경상사고,0,0,1,0,차대차 - 측면직각충돌,기타,습기,비,교차로 - 교차로안,화물,남,43세,상해없음,승용,남,44세,경상
2016100200100178,2016년 10월 2일 11시,일요일,전라남도 여수시 수정동,중상사고,0,1,1,0,차대사람 - 횡단중,보행자보호의무위반,건조,맑음,단일로 - 횡단보도상,승용,남,66세,상해없음,보행자,남,6세,중상
2016100200100197,2016년 10월 2일 12시,일요일,전라남도 순천시 낙안면,중상사고,0,4,0,0,차대차 - 정면충돌,중앙선침범,건조,맑음,단일로 - 기타,화물,남,63세,중상,승용,여,51세,중상
2016100200100198,2016년 10월 2일 12시,일요일,전라남도 담양군 담양읍,중상사고,0,1,0,0,차대차 - 측면직각충돌,중앙선침범,건조,맑음,교차로 - 교차로부근,이륜,남,77세,중상,승용,남,31세,상해없음
2016100200100199,2016년 10월 2일 12시,일요일,전라남도 완도군 완도읍,경상사고,0,0,1,0,차대차 - 측면충돌,안전운전불이행,건조,맑음,단일로 - 기타,자전거,남,11세,경상,승용,남,28세,상해없음
2016100200100230,2016년 10월 2일 13시,일요일,전라남도 목포시 용당동,경상사고,0,0,1,0,차대차 - 측면충돌,중앙선침범,건조,맑음,단일로 - 기타,화물,남,56세,상해없음,승용,남,72세,경상
2016100200100291,2016년 10월 2일 15시,일요일,전라남도 순천시 동외동,경상사고,0,0,1,0,차대차 - 추돌,안전운전불이행,건조,흐림,교차로 - 교차로부근,화물,남,34세,상해없음,승용,남,58세,경상
2016100200100292,2016년 10월 2일 15시,일요일,전라남도 고흥군 동일면,경상사고,0,0,3,0,차량단독 - 공작물충돌,안전운전불이행,건조,맑음,단일로 - 기타,승용,여,39세,경상,,,,
2016100200100293,2016년 10월 2일 15시,일요일,전라남도 담양군 담양읍,경상사고,0,0,2,0,차대차 - 측면충돌,중앙선침범,건조,맑음,단일로 - 기타,승용,여,52세,상해없음,승용,남,77세,경상
2016100200100319,2016년 10월 2일 16시,일요일,전라남도 순천시 연향동,경상사고,0,0,1,0,차대차 - 측면직각충돌,안전운전불이행,건조,맑음,단일로 - 기타,승용,남,53세,상해없음,자전거,남,8세,경상
2016100200100341,2016년 10월 2일 17시,일요일,전라남도 장흥군 안양면,경상사고,0,0,2,0,차대차 - 측면직각충돌,신호위반,습기,비,교차로 - 교차로안,승용,남,42세,상해없음,승용,여,49세,경상
2016100200100377,2016년 10월 2일 18시,일요일,전라남도 여수시 돌산읍,중상사고,0,1,0,0,차량단독 - 도로외이탈 - 기타,안전운전불이행,건조,맑음,단일로 - 기타,농기계,남,62세,중상,,,,
2016100200100378,2016년 10월 2일 18시,일요일,전라남도 순천시 해룡면,경상사고,0,0,5,0,차대차 - 정면충돌,안전운전불이행,건조,흐림,교차로 - 교차로안,승용,남,51세,상해없음,승용,남,39세,경상
2016100200100379,2016년 10월 2일 18시,일요일,전라남도 담양군 대덕면,경상사고,0,0,1,0,차대차 - 측면충돌,중앙선침범,건조,맑음,단일로 - 기타,승용,남,49세,상해없음,승용,여,59세,경상
2016100200100417,2016년 10월 2일 19시,일요일,전라남도 완도군 완도읍,중상사고,0,1,0,0,차대사람 - 횡단중,안전운전불이행,건조,맑음,단일로 - 기타,승용,남,56세,상해없음,보행자,남,59세,중상
2016100300100104,2016년 10월 3일 06시,월요일,전라남도 여수시 신기동,경상사고,0,0,4,0,차량단독 - 전도전복,중앙선침범,건조,맑음,교차로 - 교차로부근,승용,남,26세,상해없음,,,,
2016100300100105,2016년 10월 3일 06시,월요일,전라남도 순천시 매곡동,경상사고,0,0,1,0,차량단독 - 공작물충돌,안전운전불이행,건조,맑음,단일로 - 기타,승용,여,46세,경상,,,,
2016100300100106,2016년 10월 3일 06시,월요일,전라남도 해남군 삼산면,경상사고,0,0,3,0,차대차 - 정면충돌,안전운전불이행,습기,맑음,단일로 - 기타,승용,남,34세,상해없음,농기계,남,71세,경상
2016100300100163,2016년 10월 3일 10시,월요일,전라남도 완도군 고금면,중상사고,0,1,0,0,차대차 - 정면충돌,안전운전불이행,건조,맑음,교차로 - 교차로안,농기계,남,71세,중상,화물,남,61세,상해없음
2016100300100188,2016년 10월 3일 11시,월요일,전라남도 순천시 연향동,중상사고,0,1,0,0,차대차 - 측면충돌,신호위반,건조,맑음,교차로 - 교차로안,승합,남,41세,상해없음,승용,남,48세,중상
2016100300100189,2016년 10월 3일 11시,월요일,전라남도 담양군 담양읍,경상사고,0,0,2,0,차대차 - 기타,직진우회전진행방해,습기,흐림,교차로 - 교차로안,승용,여,55세,경상,승용,남,74세,경상
2016100300100258,2016년 10월 3일 13시,월요일,전라남도 순천시 송광면,경상사고,0,0,1,0,차대차 - 기타,중앙선침범,건조,맑음,단일로 - 기타,승용,남,81세,상해없음,승용,여,27세,경상