사고번호,사고일시,요일,시군구,사고내용,사망자수,중상자수,경상자수,부상신고자수,사고유형,법규위반,노면상태,기상상태,도로형태,가해운전자 차종,가해운전자 성별,가해운전자 연령,가해운전자 상해정도,피해운전자 차종,피해운전자 성별,피해운전자 연령,피해운전자 상해정도
2016100300100259,2016년 10월 3일 13시,월요일,전라남도 무안군 삼향읍,경상사고,0,0,3,0,차대차 - 측면충돌,안전운전불이행,건조,맑음,단일로 - 기타,승용,남,50세,경상,승용,남,33세,경상
2016100300100294,2016년 10월 3일 14시,월요일,전라남도 나주시 빛가람동,경상사고,0,0,2,0,차대사람 - 횡단중,신호위반,건조,맑음,단일로 - 횡단보도상,승용,여,40세,상해없음,보행자,남,32세,경상
2016100300100319,2016년 10월 3일 15시,월요일,전라남도 광양시 광양읍,경상사고,0,0,2,0,차대차 - 기타,안전운전불이행,습기,흐림,단일로 - 기타,승용,여,25세,경상,승용,남,49세,경상
2016100300100351,2016년 10월 3일 16시,월요일,전라남도 목포시 옥암동,경상사고,0,0,1,0,차대사람 - 횡단중,신호위반,건조,맑음,단일로 - 횡단보도상,기타불명,기타불명,기타불명,기타불명,보행자,남,44세,경상
2016100300100352,2016년 10월 3일 16시,월요일,전라남도 해남군 북평면,경상사고,0,0,2,0,차대차 - 정면충돌,안전운전불이행,건조,맑음,단일로 - 기타,화물,남,22세,경상,화물,남,48세,경상
2016100300100388,2016년 10월 3일 17시,월요일,전라남도 순천시 별량면,사망사고,1,1,0,0,차대차 - 추돌,안전운전불이행,건조,맑음,단일로 - 기타,화물,남,50세,상해없음,원동기,남,69세,사망
2016100300100415,2016년 10월 3일 18시,월요일,전라남도 목포시 용당동,경상사고,0,0,1,0,차대차 - 측면직각충돌,중앙선침범,건조,맑음,교차로 - 교차로부근,승용,남,37세,상해없음,이륜,남,18세,경상
2016100300100416,2016년 10월 3일 18시,월요일,전라남도 여수시 소라면,경상사고,0,0,1,0,차대사람 - 기타,안전운전불이행,건조,맑음,단일로 - 기타,승용,남,48세,상해없음,보행자,남,55세,경상
2016100300100451,2016년 10월 3일 19시,월요일,전라남도 영광군 영광읍,경상사고,0,0,1,0,차대차 - 추돌,안전거리미확보,건조,맑음,교차로 - 교차로안,승용,남,23세,상해없음,승용,남,59세,경상
2016100300100493,2016년 10월 3일 20시,월요일,전라남도 순천시 생목동,사망사고,1,0,0,0,차대사람 - 횡단중,안전운전불이행,건조,맑음,교차로 - 교차로안,승용,남,67세,상해없음,보행자,여,52세,사망
2016100300100521,2016년 10월 3일 21시,월요일,전라남도 화순군 화순읍,경상사고,0,0,1,0,차대차 - 기타,안전운전불이행,건조,맑음,미분류 - 미분류,승용,남,82세,상해없음,승용,여,56세,경상
2016100300100550,2016년 10월 3일 22시,월요일,전라남도 신안군 임자면,중상사고,0,1,0,0,차량단독 - 전도전복,안전운전불이행,건조,맑음,단일로 - 기타,승용,여,49세,중상,,,,
2016100300100551,2016년 10월 3일 22시,월요일,전라남도 순천시 오천동,경상사고,0,0,2,0,차대차 - 정면충돌,안전운전불이행,건조,맑음,교차로 - 교차로부근,화물,남,46세,상해없음,승용,남,56세,경상
2016100300100563,2016년 10월 3일 23시,월요일,전라남도 영암군 삼호읍,중상사고,0,1,0,0,차량단독 - 공작물충돌,안전운전불이행,건조,맑음,단일로 - 기타,이륜,남,42세,중상,,,,
2016100400100020,2016년 10월 4일 01시,화요일,전라남도 영광군 법성면,중상사고,0,1,0,0,차대사람 - 기타,안전운전불이행,건조,맑음,단일로 - 기타,승용,남,41세,상해없음,보행자,여,81세,중상
2016100400100048,2016년 10월 4일 05시,화요일,전라남도 여수시 신기동,중상사고,0,1,0,0,차대사람 - 횡단중,안전운전불이행,건조,맑음,교차로 - 교차로부근,승용,여,45세,상해없음,보행자,남,32세,중상
2016100400100049,2016년 10월 4일 05시,화요일,전라남도 순천시 낙안면,중상사고,0,1,0,0,차대사람 - 기타,안전운전불이행,습기,안개,단일로 - 기타,원동기,여,73세,상해없음,보행자,여,64세,중상
2016100400100064,2016년 10월 4일 06시,화요일,전라남도 나주시 산포면,경상사고,0,0,1,0,차대차 - 정면충돌,안전운전불이행,건조,맑음,단일로 - 기타,화물,남,59세,상해없음,화물,남,52세,상해없음
2016100400100093,2016년 10월 4일 07시,화요일,전라남도 목포시 옥암동,경상사고,0,0,1,0,차대차 - 추돌,안전거리미확보,건조,맑음,단일로 - 기타,승용,남,24세,상해없음,승용,남,43세,경상
2016100400100094,2016년 10월 4일 07시,화요일,전라남도 여수시 둔덕동,중상사고,0,1,0,0,차대차 - 측면직각충돌,안전운전불이행,건조,맑음,단일로 - 기타,승용,여,65세,상해없음,이륜,여,61세,중상
2016100400100095,2016년 10월 4일 07시,화요일,전라남도 구례군 구례읍,중상사고,0,1,0,0,차대차 - 측면직각충돌,직진우회전진행방해,건조,맑음,교차로 - 교차로안,화물,남,79세,상해없음,이륜,여,67세,중상
2016100400100136,2016년 10월 4일 08시,화요일,전라남도 여수시 공화동,중상사고,0,1,0,0,차대사람 - 횡단중,안전운전불이행,건조,맑음,단일로 - 횡단보도부근,승용,여,46세,상해없음,보행자,여,71세,중상
2016100400100137,2016년 10월 4일 08시,화요일,전라남도 나주시 남평읍,중상사고,0,1,0,0,차대차 - 정면충돌,안전운전불이행,건조,맑음,단일로 - 기타,화물,남,40세,상해없음,원동기,남,75세,중상
2016100400100138,2016년 10월 4일 08시,화요일,전라남도 광양시 광양읍,경상사고,0,0,2,0,차대차 - 추돌,안전거리미확보,건조,맑음,단일로 - 기타,승용,남,67세,경상,승용,남,55세,경상
2016100400100185,2016년 10월 4일 09시,화요일,전라남도 광양시 옥곡면,경상사고,0,0,1,0,차대차 - 측면충돌,교차로운행방법위반,건조,맑음,교차로 - 교차로안,승용,남,56세,상해없음,승용,여,50세,경상
2016100400100215,2016년 10월 4일 10시,화요일,전라남도 여수시 남산동,경상사고,0,0,2,0,차대차 - 측면직각충돌,안전운전불이행,건조,맑음,교차로 - 교차로안,화물,남,69세,상해없음,승용,남,45세,경상
2016100400100246,2016년 10월 4일 11시,화요일,전라남도 장흥군 안양면,경상사고,0,0,2,0,차대차 - 추돌,안전거리미확보,건조,맑음,단일로 - 기타,화물,남,47세,경상,승용,남,44세,경상
2016100400100247,2016년 10월 4일 11시,화요일,전라남도 장흥군 안양면,중상사고,0,1,0,0,차대사람 - 길가장자리구역통행중,안전운전불이행,건조,맑음,단일로 - 기타,승용,여,55세,상해없음,보행자,여,83세,중상
2016100400100248,2016년 10월 4일 11시,화요일,전라남도 해남군 해남읍,경상사고,0,0,1,0,차대차 - 정면충돌,안전운전불이행,건조,맑음,교차로 - 교차로안,이륜,남,59세,경상,화물,남,37세,상해없음
2016100400100249,2016년 10월 4일 11시,화요일,전라남도 영광군 영광읍,경상사고,0,0,1,0,차대차 - 측면직각충돌,교차로운행방법위반,건조,맑음,교차로 - 교차로안,원동기,남,76세,경상,승용,남,44세,상해없음
2016100400100250,2016년 10월 4일 11시,화요일,전라남도 담양군 수북면,경상사고,0,0,1,0,차대차 - 측면직각충돌,직진우회전진행방해,건조,맑음,교차로 - 교차로안,화물,남,57세,상해없음,이륜,남,77세,경상
2016100400100311,2016년 10월 4일 13시,화요일,전라남도 신안군 암태면,경상사고,0,0,2,0,차대차 - 측면직각충돌,안전운전불이행,건조,맑음,단일로 - 기타,특수,남,47세,상해없음,화물,남,85세,경상
2016100400100312,2016년 10월 4일 13시,화요일,전라남도 목포시 산정동,경상사고,0,0,2,0,차대차 - 추돌,안전운전불이행,건조,맑음,교차로 - 교차로부근,승용,여,38세,상해없음,승용,남,24세,경상
2016100400100313,2016년 10월 4일 13시,화요일,전라남도 나주시 왕곡면,부상신고사고,0,0,0,1,차량단독 - 공작물충돌,안전운전불이행,건조,맑음,단일로 - 기타,화물,남,64세,부상신고,,,,
2016100400100314,2016년 10월 4일 13시,화요일,전라남도 해남군 북평면,경상사고,0,0,1,0,차대차 - 정면충돌,기타,건조,맑음,교차로 - 교차로안,화물,남,39세,상해없음,화물,남,60세,경상
2016100400100315,2016년 10월 4일 13시,화요일,전라남도 영암군 영암읍,중상사고,0,1,0,0,차대차 - 측면직각충돌,안전운전불이행,건조,맑음,단일로 - 기타,승용,여,61세,상해없음,이륜,남,74세,중상
2016100400100355,2016년 10월 4일 14시,화요일,전라남도 신안군 임자면,중상사고,0,2,0,0,차대차 - 측면충돌,안전운전불이행,건조,맑음,교차로 - 교차로안,원동기,남,71세,중상,화물,남,73세,상해없음
2016100400100388,2016년 10월 4일 15시,화요일,전라남도 진도군 고군면,경상사고,0,0,1,0,차대차 - 기타,안전운전불이행,건조,맑음,단일로 - 기타,이륜,남,73세,경상,이륜,남,49세,상해없음
2016100400100417,2016년 10월 4일 16시,화요일,전라남도 순천시 상사면,중상사고,0,1,0,0,차량단독 - 전도전복,안전운전불이행,건조,맑음,단일로 - 기타,화물,남,71세,중상,,,,
2016100400100418,2016년 10월 4일 16시,화요일,전라남도 해남군 해남읍,경상사고,0,0,1,0,차대차 - 정면충돌,중앙선침범,건조,맑음,단일로 - 기타,화물,여,63세,상해없음,승용,여,62세,경상
2016100400100419,2016년 10월 4일 16시,화요일,전라남도 장성군 장성읍,경상사고,0,0,1,0,차대차 - 기타,안전운전불이행,건조,맑음,교차로 - 교차로안,승용,남,35세,상해없음,자전거,남,12세,경상
2016100400100459,2016년 10월 4일 17시,화요일,전라남도 장성군 장성읍,경상사고,0,0,1,0,차대차 - 측면충돌,안전운전불이행,건조,맑음,교차로 - 교차로안,승용,여,36세,상해없음,승용,여,46세,경상
2016100400100511,2016년 10월 4일 18시,화요일,전라남도 장흥군 장흥읍,경상사고,0,0,1,0,차대차 - 측면직각충돌,안전운전불이행,건조,맑음,단일로 - 기타,이륜,남,79세,상해없음,승용,여,42세,경상
2016100400100512,2016년 10월 4일 18시,화요일,전라남도 해남군 해남읍,경상사고,0,0,1,0,차대차 - 정면충돌,안전운전불이행,건조,맑음,단일로 - 기타,승합,남,73세,상해없음,원동기,남,23세,경상
2016100400100513,2016년 10월 4일 18시,화요일,전라남도 영암군 삼호읍,경상사고,0,0,2,0,차대차 - 추돌,안전운전불이행,습기,비,교차로 - 교차로안,승용,여,47세,상해없음,승용,여,52세,경상
2016100400100568,2016년 10월 4일 19시,화요일,전라남도 나주시 대호동,경상사고,0,0,1,0,차대사람 - 기타,안전운전불이행,건조,흐림,단일로 - 기타,승합,남,58세,상해없음,보행자,여,49세,경상
2016100400100569,2016년 10월 4일 19시,화요일,전라남도 영암군 삼호읍,경상사고,0,0,2,0,차대차 - 측면직각충돌,신호위반,건조,맑음,교차로 - 교차로안,승용,남,48세,상해없음,승용,남,24세,경상
2016100400100606,2016년 10월 4일 20시,화요일,전라남도 목포시 상동,경상사고,0,0,1,0,차대차 - 측면직각충돌,신호위반,건조,맑음,교차로 - 교차로안,화물,남,45세,상해없음,승용,남,62세,경상
2016100400100607,2016년 10월 4일 20시,화요일,전라남도 목포시 용당동,경상사고,0,0,1,0,차대차 - 측면직각충돌,직진우회전진행방해,건조,맑음,교차로 - 교차로안,승용,남,43세,상해없음,화물,남,68세,경상
2016100400100608,2016년 10월 4일 20시,화요일,전라남도 완도군 청산면,사망사고,1,0,0,0,차량단독 - 전도전복,안전운전불이행,습기,비,단일로 - 기타,농기계,남,74세,사망,,,,
2016100400100630,2016년 10월 4일 21시,화요일,전라남도 여수시 신기동,경상사고,0,0,2,0,차대차 - 측면직각충돌,안전운전불이행,습기,비,교차로 - 교차로안,승용,남,58세,기타불명,승합,남,35세,경상
2016100400100631,2016년 10월 4일 21시,화요일,전라남도 순천시 조례동,경상사고,0,0,1,0,차대사람 - 횡단중,안전운전불이행,습기,흐림,교차로 - 교차로안,승용,남,49세,상해없음,보행자,남,55세,경상
2016100400100632,2016년 10월 4일 21시,화요일,전라남도 영광군 영광읍,경상사고,0,0,2,0,차대차 - 추돌,안전운전불이행,건조,맑음,교차로 - 교차로부근,승용,여,51세,상해없음,이륜,남,17세,경상
2016100400100661,2016년 10월 4일 22시,화요일,전라남도 나주시 산포면,경상사고,0,0,1,0,차대차 - 측면직각충돌,안전운전불이행,습기,비,단일로 - 기타,화물,남,56세,상해없음,승용,여,28세,경상
2016100400100676,2016년 10월 4일 23시,화요일,전라남도 광양시 광영동,경상사고,0,0,2,0,차대차 - 측면충돌,교차로운행방법위반,습기,비,교차로 - 교차로안,승용,남,31세,경상,화물,남,54세,경상
2016100500100024,2016년 10월 5일 01시,수요일,전라남도 순천시 장천동,중상사고,0,1,0,0,차대사람 - 차도통행중,중앙선침범,건조,맑음,단일로 - 기타,승용,남,63세,상해없음,보행자,남,68세,중상
2016100500100048,2016년 10월 5일 03시,수요일,전라남도 목포시 옥암동,중상사고,0,1,0,0,차대사람 - 횡단중,안전운전불이행,습기,비,단일로 - 기타,승용,남,23세,상해없음,보행자,남,63세,중상
2016100500100049,2016년 10월 5일 03시,수요일,전라남도 목포시 상동,경상사고,0,0,1,0,차대차 - 추돌,안전운전불이행,습기,비,단일로 - 기타,승용,남,25세,경상,승용,남,38세,기타불명
2016100500100050,2016년 10월 5일 03시,수요일,전라남도 해남군 해남읍,경상사고,0,0,1,0,차량단독 - 전도전복,안전운전불이행,습기,비,단일로 - 기타,승용,남,30세,경상,,,,
2016100500100062,2016년 10월 5일 04시,수요일,전라남도 목포시 대성동,경상사고,0,0,1,0,차대차 - 추돌,안전운전불이행,습기,비,단일로 - 기타,화물,남,72세,경상,승용,남,66세,기타불명
2016100500100081,2016년 10월 5일 05시,수요일,전라남도 목포시 대양동,경상사고,0,0,3,0,차대차 - 측면충돌,안전운전불이행,습기,비,단일로 - 기타,승용,남,35세,상해없음,승용,남,18세,경상
2016100500100082,2016년 10월 5일 05시,수요일,전라남도 순천시 연향동,경상사고,0,0,1,0,차대차 - 추돌,안전운전불이행,습기,흐림,교차로 - 교차로부근,승용,남,47세,경상,승용,남,47세,상해없음
2016100500100094,2016년 10월 5일 06시,수요일,전라남도 광양시 다압면,경상사고,0,0,1,0,차대차 - 측면충돌,중앙선침범,습기,비,단일로 - 기타,승용,남,31세,상해없음,승용,남,49세,경상
2016100500100113,2016년 10월 5일 07시,수요일,전라남도 목포시 옥암동,경상사고,0,0,1,0,차대차 - 정면충돌,교차로운행방법위반,습기,비,교차로 - 교차로안,화물,남,44세,상해없음,승용,남,34세,경상
2016100500100114,2016년 10월 5일 07시,수요일,전라남도 여수시 둔덕동,경상사고,0,0,1,0,차대차 - 추돌,안전운전불이행,습기,비,교차로 - 교차로부근,승용,남,33세,상해없음,승용,남,46세,경상
2016100500100115,2016년 10월 5일 07시,수요일,전라남도 곡성군 목사동면,중상사고,0,1,0,0,차대사람 - 길가장자리구역통행중,안전운전불이행,건조,맑음,단일로 - 기타,화물,남,50세,상해없음,보행자,여,84세,중상
2016100500100116,2016년 10월 5일 07시,수요일,전라남도 무안군 해제면,중상사고,0,1,0,0,차대차 - 정면충돌,중앙선침범,습기,비,단일로 - 기타,승용,남,30세,상해없음,화물,남,29세,중상
2016100500100157,2016년 10월 5일 08시,수요일,전라남도 담양군 담양읍,경상사고,0,0,3,0,차대차 - 측면충돌,직진우회전진행방해,습기,비,교차로 - 교차로안,승용,남,35세,경상,승용,남,58세,경상
2016100500100158,2016년 10월 5일 08시,수요일,전라남도 광양시 마동,경상사고,0,0,1,0,차대차 - 추돌,안전운전불이행,습기,비,단일로 - 기타,승용,여,39세,상해없음,승용,남,46세,경상
2016100500100187,2016년 10월 5일 09시,수요일,전라남도 담양군 담양읍,중상사고,0,1,6,0,차대차 - 정면충돌,중앙선침범,습기,비,단일로 - 기타,화물,남,74세,상해없음,승합,남,57세,경상
2016100500100218,2016년 10월 5일 10시,수요일,전라남도 장흥군 장흥읍,경상사고,0,0,2,0,차대차 - 정면충돌,안전운전불이행,습기,맑음,교차로 - 교차로부근,승용,남,69세,상해없음,승용,남,50세,경상
2016100500100219,2016년 10월 5일 10시,수요일,전라남도 광양시 중동,경상사고,0,0,1,0,차대사람 - 횡단중,보행자보호의무위반,습기,비,교차로 - 교차로안,승용,여,62세,상해없음,보행자,여,35세,경상
2016100500100270,2016년 10월 5일 12시,수요일,전라남도 목포시 상동,경상사고,0,0,1,0,차대사람 - 횡단중,중앙선침범,기타,기타,기타 - 기타,이륜,남,38세,상해없음,보행자,남,39세,경상
2016100500100271,2016년 10월 5일 12시,수요일,전라남도 나주시 용산동,경상사고,0,0,1,0,차량단독 - 공작물충돌,안전운전불이행,습기,흐림,단일로 - 기타,승용,여,54세,경상,,,,
2016100500100294,2016년 10월 5일 13시,수요일,전라남도 화순군 화순읍,경상사고,0,0,1,0,차대차 - 측면충돌,신호위반,건조,맑음,교차로 - 교차로안,이륜,남,77세,상해없음,승용,여,45세,경상
2016100500100295,2016년 10월 5일 13시,수요일,전라남도 강진군 강진읍,중상사고,0,2,0,0,차대차 - 측면직각충돌,교차로운행방법위반,건조,맑음,교차로 - 교차로안,화물,남,24세,상해없음,원동기,남,73세,중상
2016100500100333,2016년 10월 5일 14시,수요일,전라남도 여수시 문수동,경상사고,0,0,1,0,차대사람 - 횡단중,안전운전불이행,건조,맑음,교차로 - 교차로안,화물,남,46세,상해없음,보행자,남,40세,경상
2016100500100334,2016년 10월 5일 14시,수요일,전라남도 화순군 화순읍,경상사고,0,0,2,0,차대차 - 기타,안전거리미확보,건조,맑음,단일로 - 기타,화물,남,63세,상해없음,승용,여,51세,경상
2016100500100335,2016년 10월 5일 14시,수요일,전라남도 영암군 군서면,중상사고,0,1,0,0,차대차 - 측면직각충돌,안전운전불이행,건조,맑음,교차로 - 교차로안,이륜,여,61세,중상,화물,남,41세,상해없음
2016100500100373,2016년 10월 5일 15시,수요일,전라남도 순천시 장천동,중상사고,0,2,2,0,차대차 - 정면충돌,안전운전불이행,건조,맑음,교차로 - 교차로안,승용,남,47세,경상,승용,남,35세,경상
2016100500100417,2016년 10월 5일 16시,수요일,전라남도 목포시 상동,경상사고,0,0,1,0,차대차 - 측면충돌,안전운전불이행,건조,맑음,교차로 - 교차로안,화물,남,24세,상해없음,화물,남,43세,경상
2016100500100418,2016년 10월 5일 16시,수요일,전라남도 목포시 용당동,중상사고,0,1,0,0,차대차 - 측면충돌,안전운전불이행,건조,맑음,교차로 - 교차로부근,이륜,남,64세,중상,승용,여,58세,상해없음
2016100500100419,2016년 10월 5일 16시,수요일,전라남도 광양시 성황동,경상사고,0,0,2,0,차대차 - 추돌,안전운전불이행,건조,맑음,단일로 - 기타,화물,남,50세,상해없음,승합,남,53세,경상
2016100500100460,2016년 10월 5일 17시,수요일,전라남도 순천시 조례동,경상사고,0,0,1,0,차대사람 - 횡단중,안전운전불이행,건조,맑음,단일로 - 기타,승용,여,45세,상해없음,보행자,여,85세,경상
2016100500100510,2016년 10월 5일 18시,수요일,전라남도 목포시 상동,경상사고,0,0,1,0,차대차 - 정면충돌,안전운전불이행,건조,맑음,교차로 - 교차로안,승용,남,38세,상해없음,이륜,남,17세,경상
2016100500100596,2016년 10월 5일 20시,수요일,전라남도 여수시 국동,경상사고,0,0,3,0,차대차 - 추돌,안전거리미확보,습기,흐림,교차로 - 교차로안,승용,남,42세,상해없음,승용,남,25세,경상
2016100500100597,2016년 10월 5일 20시,수요일,전라남도 광양시 중동,경상사고,0,0,1,0,차대차 - 측면충돌,교차로운행방법위반,건조,맑음,교차로 - 교차로안,승용,여,44세,상해없음,이륜,남,17세,경상
2016100500100620,2016년 10월 5일 21시,수요일,전라남도 여수시 충무동,경상사고,0,0,2,0,차대차 - 측면직각충돌,교차로운행방법위반,건조,맑음,교차로 - 교차로안,승용,남,48세,상해없음,원동기,남,22세,경상
2016100500100621,2016년 10월 5일 21시,수요일,전라남도 완도군 완도읍,중상사고,0,1,0,0,차대차 - 기타,안전운전불이행,건조,맑음,단일로 - 기타,승용,남,47세,상해없음,승용,남,50세,기타불명
2016100500100622,2016년 10월 5일 21시,수요일,전라남도 구례군 토지면,중상사고,0,1,0,0,차량단독 - 도로외이탈 - 기타,안전운전불이행,건조,맑음,단일로 - 기타,화물,남,36세,상해없음,,,,
2016100500100651,2016년 10월 5일 22시,수요일,전라남도 보성군 벌교읍,부상신고사고,0,0,0,1,차대차 - 측면충돌,신호위반,건조,맑음,교차로 - 교차로안,승용,남,26세,상해없음,화물,남,69세,부상신고
2016100500100673,2016년 10월 5일 23시,수요일,전라남도 순천시 연향동,경상사고,0,0,2,0,차대차 - 측면충돌,안전운전불이행,건조,맑음,단일로 - 기타,승용,여,53세,상해없음,승용,남,40세,경상
2016100500100674,2016년 10월 5일 23시,수요일,전라남도 해남군 해남읍,경상사고,0,0,1,0,차대차 - 측면직각충돌,신호위반,건조,맑음,교차로 - 교차로안,원동기,남,21세,경상,승용,남,56세,상해없음
2016100600100040,2016년 10월 6일 02시,목요일,전라남도 목포시 대양동,중상사고,0,1,0,0,차대차 - 기타,안전운전불이행,건조,맑음,단일로 - 기타,승용,남,18세,상해없음,이륜,남,20세,중상
2016100600100079,2016년 10월 6일 06시,목요일,전라남도 무안군 현경면,사망사고,2,1,0,0,차대차 - 정면충돌,중앙선침범,건조,맑음,단일로 - 기타,승용,남,26세,사망,승용,남,66세,사망
2016100600100175,2016년 10월 6일 09시,목요일,전라남도 고흥군 고흥읍,중상사고,0,1,0,0,차대사람 - 횡단중,안전운전불이행,건조,맑음,교차로 - 교차로안,화물,남,69세,상해없음,보행자,여,75세,중상
2016100600100232,2016년 10월 6일 11시,목요일,전라남도 목포시 산정동,경상사고,0,0,4,0,차대차 - 추돌,안전운전불이행,건조,맑음,단일로 - 기타,승용,여,36세,경상,화물,남,57세,경상
2016100600100233,2016년 10월 6일 11시,목요일,전라남도 고흥군 풍양면,중상사고,0,1,0,0,차량단독 - 공작물충돌,안전운전불이행,건조,맑음,단일로 - 기타,이륜,여,64세,중상,,,,
2016100600100276,2016년 10월 6일 12시,목요일,전라남도 여수시 신기동,부상신고사고,0,0,0,1,차대차 - 추돌,안전운전불이행,건조,맑음,단일로 - 기타,승합,여,38세,상해없음,승용,여,42세,부상신고
2016100600100337,2016년 10월 6일 14시,목요일,전라남도 여수시 학동,경상사고,0,0,1,0,차대사람 - 횡단중,안전운전불이행,건조,맑음,교차로 - 교차로부근,승용,남,55세,기타불명,보행자,남,11세,경상
2016100600100377,2016년 10월 6일 15시,목요일,전라남도 여수시 만흥동,중상사고,0,1,2,0,차대차 - 추돌,안전운전불이행,건조,맑음,교차로 - 교차로부근,승용,남,57세,상해없음,승용,여,46세,경상
2016100600100378,2016년 10월 6일 15시,목요일,전라남도 강진군 마량면,경상사고,0,0,1,0,차대차 - 측면직각충돌,직진우회전진행방해,건조,맑음,교차로 - 교차로안,승용,남,69세,상해없음,승용,남,63세,경상
2016100600100379,2016년 10월 6일 15시,목요일,전라남도 진도군 진도읍,중상사고,0,1,0,0,차대차 - 기타,안전운전불이행,건조,맑음,단일로 - 기타,화물,남,53세,상해없음,승용,남,42세,상해없음
2016100600100503,2016년 10월 6일 18시,목요일,전라남도 여수시 화장동,경상사고,0,0,1,0,차대차 - 정면충돌,안전운전불이행,건조,맑음,교차로 - 교차로안,승용,남,51세,상해없음,이륜,여,46세,경상
2016100600100504,2016년 10월 6일 18시,목요일,전라남도 곡성군 옥과면,중상사고,0,1,2,0,차대차 - 정면충돌,중앙선침범,건조,맑음,교차로 - 교차로부근,승용,여,55세,중상,승용,여,26세,경상
2016100600100505,2016년 10월 6일 18시,목요일,전라남도 광양시 진월면,경상사고,0,0,2,0,차대차 - 측면직각충돌,안전운전불이행,건조,맑음,단일로 - 기타,화물,여,55세,경상,승용,남,56세,상해없음
2016100600100551,2016년 10월 6일 19시,목요일,전라남도 장흥군 용산면,사망사고,1,0,3,0,차대차 - 추돌,안전운전불이행,건조,맑음,단일로 - 기타,화물,남,74세,사망,화물,남,32세,경상
2016100600100552,2016년 10월 6일 19시,목요일,전라남도 보성군 미력면,중상사고,0,2,0,0,차대차 - 정면충돌,안전운전불이행,건조,맑음,교차로 - 교차로부근,승합,남,48세,상해없음,승용,남,62세,중상
2016100600100553,2016년 10월 6일 19시,목요일,전라남도 장성군 삼서면,경상사고,0,0,1,0,차대사람 - 횡단중,안전운전불이행,건조,맑음,단일로 - 기타,화물,남,54세,상해없음,보행자,남,89세,경상
2016100600100601,2016년 10월 6일 20시,목요일,전라남도 목포시 동명동,경상사고,0,0,1,0,차대차 - 기타,안전운전불이행,건조,맑음,단일로 - 기타,승용,남,52세,상해없음,자전거,남,14세,경상
2016100600100602,2016년 10월 6일 20시,목요일,전라남도 순천시 조례동,부상신고사고,0,0,0,1,차대차 - 기타,안전운전불이행,건조,맑음,교차로 - 교차로부근,이륜,남,17세,부상신고,승용,남,34세,상해없음
2016100600100633,2016년 10월 6일 21시,목요일,전라남도 목포시 산정동,경상사고,0,0,2,0,차대차 - 측면직각충돌,안전운전불이행,건조,맑음,단일로 - 기타,승용,여,44세,상해없음,승용,남,36세,경상
2016100700100050,2016년 10월 7일 04시,금요일,전라남도 장흥군 장흥읍,중상사고,0,1,0,0,차대차 - 측면직각충돌,안전운전불이행,건조,맑음,교차로 - 교차로안,화물,남,53세,상해없음,원동기,남,21세,중상
2016100700100051,2016년 10월 7일 04시,금요일,전라남도 장흥군 부산면,중상사고,0,1,0,0,차대차 - 측면직각충돌,안전운전불이행,건조,맑음,교차로 - 교차로부근,화물,남,52세,중상,승용,남,56세,상해없음
2016100700100064,2016년 10월 7일 05시,금요일,전라남도 광양시 금호동,경상사고,0,0,9,0,차대차 - 기타,안전운전불이행,건조,맑음,교차로 - 교차로부근,승용,남,59세,경상,승합,남,56세,경상
2016100700100106,2016년 10월 7일 07시,금요일,전라남도 순천시 덕월동,경상사고,0,0,2,0,차대차 - 추돌,안전거리미확보,건조,맑음,단일로 - 기타,승용,남,28세,경상,화물,남,60세,상해없음
2016100700100107,2016년 10월 7일 07시,금요일,전라남도 장흥군 안양면,경상사고,0,0,1,0,차대차 - 측면직각충돌,신호위반,건조,맑음,교차로 - 교차로안,원동기,남,61세,경상,화물,남,52세,상해없음
2016100700100108,2016년 10월 7일 07시,금요일,전라남도 구례군 구례읍,경상사고,0,0,1,0,차대차 - 추돌,안전운전불이행,건조,맑음,교차로 - 교차로안,승용,여,50세,상해없음,이륜,남,82세,경상
2016100700100148,2016년 10월 7일 08시,금요일,전라남도 해남군 해남읍,경상사고,0,0,2,0,차대차 - 측면직각충돌,직진우회전진행방해,건조,맑음,교차로 - 교차로안,승용,여,47세,경상,화물,남,25세,경상
2016100700100215,2016년 10월 7일 10시,금요일,전라남도 무안군 몽탄면,중상사고,0,1,0,0,차대차 - 추돌,안전거리미확보,건조,맑음,단일로 - 기타,화물,남,37세,상해없음,화물,남,62세,중상
2016100700100249,2016년 10월 7일 11시,금요일,전라남도 함평군 엄다면,경상사고,0,0,1,0,차대사람 - 횡단중,안전운전불이행,건조,맑음,단일로 - 기타,화물,남,53세,상해없음,보행자,여,59세,경상
2016100700100250,2016년 10월 7일 11시,금요일,전라남도 장성군 진원면,중상사고,0,1,1,0,차량단독 - 전도전복,안전운전불이행,건조,맑음,단일로 - 기타,화물,남,58세,중상,,,,
2016100700100251,2016년 10월 7일 11시,금요일,전라남도 무안군 삼향읍,경상사고,0,0,2,0,차대차 - 측면직각충돌,교차로운행방법위반,습기,비,교차로 - 교차로안,승용,여,43세,경상,승용,여,53세,경상