사고번호,사고일시,요일,시군구,사고내용,사망자수,중상자수,경상자수,부상신고자수,사고유형,법규위반,노면상태,기상상태,도로형태,가해운전자 차종,가해운전자 성별,가해운전자 연령,가해운전자 상해정도,피해운전자 차종,피해운전자 성별,피해운전자 연령,피해운전자 상해정도
2016100700100283,2016년 10월 7일 12시,금요일,전라남도 무안군 몽탄면,경상사고,0,0,1,0,차대차 - 측면충돌,안전운전불이행,습기,비,단일로 - 기타,승용,여,31세,경상,화물,남,51세,상해없음
2016100700100315,2016년 10월 7일 13시,금요일,전라남도 함평군 함평읍,중상사고,0,1,0,0,차대차 - 측면직각충돌,신호위반,습기,비,교차로 - 교차로안,화물,남,24세,상해없음,화물,남,56세,중상
2016100700100316,2016년 10월 7일 13시,금요일,전라남도 장성군 삼계면,경상사고,0,0,2,0,차대차 - 측면충돌,안전운전불이행,습기,비,교차로 - 교차로안,승용,남,36세,상해없음,기타불명,남,81세,경상
2016100700100341,2016년 10월 7일 14시,금요일,전라남도 여수시 소라면,중상사고,0,1,0,0,차량단독 - 전도전복,안전운전불이행,건조,흐림,교차로 - 교차로부근,원동기,남,76세,중상,,,,
2016100700100385,2016년 10월 7일 15시,금요일,전라남도 장흥군 장흥읍,경상사고,0,0,1,0,차대차 - 측면직각충돌,안전운전불이행,습기,비,단일로 - 기타,이륜,남,50세,경상,승용,남,55세,상해없음
2016100700100386,2016년 10월 7일 15시,금요일,전라남도 화순군 화순읍,중상사고,0,1,2,0,차대차 - 측면충돌,직진우회전진행방해,습기,맑음,교차로 - 교차로안,승용,여,36세,경상,승용,여,35세,중상
2016100700100387,2016년 10월 7일 15시,금요일,전라남도 곡성군 고달면,중상사고,0,1,0,0,차대사람 - 횡단중,안전운전불이행,습기,흐림,단일로 - 기타,승합,남,53세,상해없음,보행자,여,79세,중상
2016100700100388,2016년 10월 7일 15시,금요일,전라남도 광양시 중동,경상사고,0,0,1,0,차대차 - 추돌,안전운전불이행,건조,맑음,단일로 - 기타,승용,남,23세,상해없음,승용,남,41세,경상
2016100700100428,2016년 10월 7일 16시,금요일,전라남도 순천시 조례동,경상사고,0,0,2,0,차대차 - 정면충돌,안전운전불이행,습기,비,교차로 - 교차로안,승용,여,57세,상해없음,승용,여,37세,경상
2016100700100429,2016년 10월 7일 16시,금요일,전라남도 화순군 청풍면,중상사고,0,1,0,0,차대사람 - 길가장자리구역통행중,안전운전불이행,건조,흐림,단일로 - 기타,승용,남,26세,상해없음,보행자,여,83세,중상
2016100700100430,2016년 10월 7일 16시,금요일,전라남도 영암군 삼호읍,경상사고,0,0,3,0,차대차 - 측면충돌,안전운전불이행,습기,비,단일로 - 기타,특수,남,45세,경상,승용,남,36세,경상
2016100700100468,2016년 10월 7일 17시,금요일,전라남도 순천시 왕지동,경상사고,0,0,3,0,차대차 - 측면충돌,직진우회전진행방해,건조,맑음,교차로 - 교차로안,승용,여,34세,상해없음,승용,여,43세,경상
2016100700100469,2016년 10월 7일 17시,금요일,전라남도 영암군 삼호읍,중상사고,0,1,4,0,차대차 - 기타,안전운전불이행,습기,비,단일로 - 기타,승용,남,68세,경상,승합,남,46세,경상
2016100700100470,2016년 10월 7일 17시,금요일,전라남도 강진군 강진읍,중상사고,0,1,1,0,차량단독 - 전도전복,안전운전불이행,건조,맑음,단일로 - 기타,승용,남,59세,경상,,,,
2016100700100520,2016년 10월 7일 18시,금요일,전라남도 목포시 옥암동,경상사고,0,0,1,0,차대차 - 측면직각충돌,신호위반,습기,비,교차로 - 교차로안,승합,남,51세,상해없음,승용,남,35세,경상
2016100700100521,2016년 10월 7일 18시,금요일,전라남도 담양군 고서면,경상사고,0,0,2,0,차대차 - 측면직각충돌,안전운전불이행,습기,비,단일로 - 기타,승용,남,18세,상해없음,화물,남,61세,경상
2016100700100612,2016년 10월 7일 19시,금요일,전라남도 여수시 화장동,경상사고,0,0,1,0,차대차 - 정면충돌,중앙선침범,습기,비,교차로 - 교차로안,승용,남,58세,상해없음,승용,남,62세,경상
2016100700100613,2016년 10월 7일 19시,금요일,전라남도 순천시 연향동,중상사고,0,1,0,0,차대사람 - 횡단중,보행자보호의무위반,건조,맑음,교차로 - 교차로부근,승용,남,48세,상해없음,보행자,여,27세,중상
2016100700100614,2016년 10월 7일 19시,금요일,전라남도 순천시 연향동,경상사고,0,0,1,0,차대사람 - 횡단중,보행자보호의무위반,습기,비,단일로 - 횡단보도상,승용,남,52세,상해없음,보행자,남,27세,경상
2016100700100673,2016년 10월 7일 20시,금요일,전라남도 목포시 옥암동,경상사고,0,0,1,0,차대차 - 측면충돌,안전운전불이행,습기,흐림,교차로 - 교차로부근,이륜,남,24세,경상,승용,남,46세,상해없음
2016100700100776,2016년 10월 7일 22시,금요일,전라남도 목포시 상동,중상사고,0,1,0,0,차대사람 - 횡단중,안전운전불이행,습기,흐림,교차로 - 교차로안,승용,남,23세,상해없음,보행자,여,19세,중상
2016100700100777,2016년 10월 7일 22시,금요일,전라남도 여수시 중흥동,경상사고,0,0,1,0,차량단독 - 공작물충돌,안전운전불이행,습기,흐림,교차로 - 교차로부근,화물,남,30세,경상,,,,
2016100700100778,2016년 10월 7일 22시,금요일,전라남도 고흥군 포두면,중상사고,0,1,0,0,차대사람 - 차도통행중,안전운전불이행,습기,비,단일로 - 기타,승용,남,42세,상해없음,보행자,남,58세,중상
2016100800100037,2016년 10월 8일 00시,토요일,전라남도 목포시 용해동,경상사고,0,0,1,0,차대차 - 측면직각충돌,안전운전불이행,습기,비,단일로 - 기타,승용,남,51세,상해없음,승용,여,37세,경상
2016100800100038,2016년 10월 8일 00시,토요일,전라남도 목포시 산정동,중상사고,0,1,0,0,차대사람 - 횡단중,보행자보호의무위반,습기,비,단일로 - 횡단보도상,승용,남,44세,상해없음,보행자,남,56세,중상
2016100800100076,2016년 10월 8일 01시,토요일,전라남도 순천시 석현동,경상사고,0,0,2,0,차량단독 - 공작물충돌,안전운전불이행,습기,비,단일로 - 기타,승용,남,57세,경상,,,,
2016100800100077,2016년 10월 8일 01시,토요일,전라남도 구례군 구례읍,중상사고,0,1,0,0,차량단독 - 전도전복,안전운전불이행,습기,비,단일로 - 기타,승용,남,44세,중상,,,,
2016100800100114,2016년 10월 8일 02시,토요일,전라남도 목포시 상동,경상사고,0,0,1,0,차대차 - 측면충돌,신호위반,습기,비,교차로 - 교차로안,승용,남,27세,상해없음,승용,남,53세,경상
2016100800100115,2016년 10월 8일 02시,토요일,전라남도 목포시 용해동,경상사고,0,0,2,0,차대차 - 정면충돌,중앙선침범,습기,비,단일로 - 기타,승용,여,45세,경상,승용,남,60세,경상
2016100800100159,2016년 10월 8일 04시,토요일,전라남도 순천시 풍덕동,경상사고,0,0,3,0,차대차 - 측면직각충돌,안전운전불이행,습기,비,교차로 - 교차로안,승용,여,33세,경상,승용,남,28세,경상
2016100800100218,2016년 10월 8일 07시,토요일,전라남도 순천시 상사면,경상사고,0,0,2,0,차대차 - 측면충돌,중앙선침범,습기,비,단일로 - 기타,승합,남,43세,경상,화물,남,43세,경상
2016100800100237,2016년 10월 8일 08시,토요일,전라남도 영암군 신북면,경상사고,0,0,2,0,차대차 - 추돌,안전운전불이행,습기,비,교차로 - 교차로안,화물,남,53세,상해없음,화물,남,67세,경상
2016100800100238,2016년 10월 8일 08시,토요일,전라남도 진도군 지산면,중상사고,0,1,0,0,차대차 - 측면직각충돌,기타,습기,비,단일로 - 기타,원동기,남,58세,중상,승용,여,48세,상해없음
2016100800100268,2016년 10월 8일 09시,토요일,전라남도 여수시 학동,중상사고,0,1,0,0,차대사람 - 횡단중,안전운전불이행,습기,비,단일로 - 기타,승용,여,55세,상해없음,보행자,여,54세,중상
2016100800100269,2016년 10월 8일 09시,토요일,전라남도 나주시 이창동,경상사고,0,0,1,0,차대차 - 측면충돌,직진우회전진행방해,습기,비,교차로 - 교차로안,승용,남,55세,경상,승용,남,75세,상해없음
2016100800100270,2016년 10월 8일 09시,토요일,전라남도 보성군 벌교읍,경상사고,0,0,1,0,차대차 - 측면직각충돌,안전운전불이행,건조,맑음,단일로 - 기타,화물,남,72세,상해없음,이륜,남,57세,경상
2016100800100271,2016년 10월 8일 09시,토요일,전라남도 영광군 영광읍,중상사고,0,1,0,0,차대차 - 추돌,안전운전불이행,습기,비,단일로 - 기타,승용,남,53세,상해없음,이륜,남,67세,중상
2016100800100302,2016년 10월 8일 10시,토요일,전라남도 순천시 서면,경상사고,0,0,1,0,차대차 - 기타,교차로운행방법위반,건조,맑음,단일로 - 기타,승용,남,30세,상해없음,화물,남,42세,상해없음
2016100800100303,2016년 10월 8일 10시,토요일,전라남도 나주시 용산동,경상사고,0,0,1,0,차대차 - 측면충돌,교차로운행방법위반,습기,비,교차로 - 교차로안,승합,남,54세,상해없음,승용,남,37세,경상
2016100800100304,2016년 10월 8일 10시,토요일,전라남도 광양시 옥곡면,경상사고,0,0,2,0,차대차 - 측면직각충돌,직진우회전진행방해,건조,맑음,교차로 - 교차로안,승합,남,62세,경상,승용,남,29세,경상
2016100800100330,2016년 10월 8일 11시,토요일,전라남도 여수시 여서동,경상사고,0,0,2,0,차대차 - 측면충돌,직진우회전진행방해,습기,흐림,교차로 - 교차로안,승용,남,54세,상해없음,승용,남,54세,경상
2016100800100367,2016년 10월 8일 12시,토요일,전라남도 목포시 동명동,중상사고,0,1,0,0,차대사람 - 횡단중,안전운전불이행,기타,기타,단일로 - 기타,기타불명,기타불명,기타불명,기타불명,보행자,여,74세,중상
2016100800100368,2016년 10월 8일 12시,토요일,전라남도 영광군 백수읍,중상사고,0,1,0,0,차대차 - 측면직각충돌,직진우회전진행방해,습기,흐림,교차로 - 교차로안,화물,남,69세,상해없음,승용,남,20세,중상
2016100800100369,2016년 10월 8일 12시,토요일,전라남도 구례군 구례읍,경상사고,0,0,2,0,차대차 - 측면직각충돌,교차로운행방법위반,습기,비,교차로 - 교차로안,승용,남,39세,경상,승용,여,34세,경상
2016100800100436,2016년 10월 8일 14시,토요일,전라남도 담양군 금성면,경상사고,0,0,1,0,차대차 - 기타,안전운전불이행,건조,맑음,교차로 - 교차로부근,승용,남,35세,상해없음,승용,여,57세,경상
2016100800100471,2016년 10월 8일 15시,토요일,전라남도 광양시 광양읍,부상신고사고,0,0,0,1,차대사람 - 횡단중,안전운전불이행,건조,맑음,교차로 - 교차로안,승용,남,65세,상해없음,보행자,남,8세,부상신고
2016100800100544,2016년 10월 8일 17시,토요일,전라남도 장성군 북일면,중상사고,0,1,2,0,차대차 - 측면충돌,중앙선침범,건조,맑음,단일로 - 기타,승용,남,74세,상해없음,승용,남,29세,경상
2016100800100545,2016년 10월 8일 17시,토요일,전라남도 장성군 장성읍,경상사고,0,0,1,0,차대차 - 측면직각충돌,안전운전불이행,건조,맑음,단일로 - 기타,승용,남,27세,경상,화물,남,56세,상해없음
2016100800100546,2016년 10월 8일 17시,토요일,전라남도 광양시 봉강면,경상사고,0,0,2,0,차대차 - 기타,중앙선침범,습기,맑음,단일로 - 기타,승용,남,58세,상해없음,승용,여,36세,경상
2016100800100601,2016년 10월 8일 18시,토요일,전라남도 해남군 해남읍,중상사고,0,1,0,0,차대차 - 정면충돌,직진우회전진행방해,건조,맑음,교차로 - 교차로안,승용,여,52세,상해없음,승용,여,54세,상해없음
2016100800100602,2016년 10월 8일 18시,토요일,전라남도 광양시 광영동,중상사고,0,1,0,0,차대차 - 측면충돌,안전운전불이행,건조,맑음,단일로 - 기타,이륜,남,53세,중상,승용,남,50세,상해없음
2016100800100672,2016년 10월 8일 20시,토요일,전라남도 영암군 삼호읍,중상사고,0,1,1,0,차대차 - 추돌,안전운전불이행,건조,맑음,교차로 - 교차로부근,화물,남,52세,중상,승용,남,58세,경상
2016100800100697,2016년 10월 8일 21시,토요일,전라남도 목포시 대성동,경상사고,0,0,2,0,차대차 - 기타,신호위반,건조,맑음,교차로 - 교차로안,승용,남,51세,상해없음,승용,남,43세,상해없음
2016100800100698,2016년 10월 8일 21시,토요일,전라남도 광양시 금호동,경상사고,0,0,2,0,차대차 - 추돌,안전운전불이행,습기,흐림,교차로 - 교차로부근,승용,남,65세,경상,승용,남,33세,경상
2016100800100726,2016년 10월 8일 22시,토요일,전라남도 순천시 별량면,경상사고,0,0,3,0,차대차 - 기타,신호위반,건조,맑음,교차로 - 교차로안,화물,남,56세,상해없음,화물,남,36세,경상
2016100800100752,2016년 10월 8일 23시,토요일,전라남도 목포시 상동,중상사고,0,1,1,0,차대차 - 측면직각충돌,신호위반,건조,맑음,교차로 - 교차로안,승용,남,53세,경상,이륜,남,21세,중상
2016100900100016,2016년 10월 9일 00시,일요일,전라남도 여수시 봉산동,경상사고,0,0,2,0,차대차 - 정면충돌,교차로운행방법위반,건조,맑음,교차로 - 교차로안,원동기,남,19세,경상,승용,남,28세,경상
2016100900100017,2016년 10월 9일 00시,일요일,전라남도 광양시 광양읍,경상사고,0,0,2,0,차량단독 - 공작물충돌,안전운전불이행,습기,맑음,교차로 - 교차로안,승용,남,26세,경상,,,,
2016100900100093,2016년 10월 9일 05시,일요일,전라남도 여수시 서교동,경상사고,0,0,1,0,차대차 - 정면충돌,신호위반,건조,맑음,교차로 - 교차로안,승용,남,26세,상해없음,승용,남,43세,경상
2016100900100109,2016년 10월 9일 06시,일요일,전라남도 광양시 마동,부상신고사고,0,0,0,1,차량단독 - 전도전복,안전운전불이행,건조,맑음,기타 - 기타,화물,남,71세,부상신고,,,,
2016100900100120,2016년 10월 9일 07시,일요일,전라남도 목포시 달동,경상사고,0,0,1,0,차대차 - 정면충돌,신호위반,건조,맑음,교차로 - 교차로안,승용,남,57세,상해없음,특수,남,35세,경상
2016100900100121,2016년 10월 9일 07시,일요일,전라남도 광양시 마동,중상사고,0,1,0,0,차대차 - 추돌,안전운전불이행,건조,맑음,교차로 - 교차로부근,승용,남,57세,중상,승합,남,58세,상해없음
2016100900100163,2016년 10월 9일 09시,일요일,전라남도 영암군 삼호읍,중상사고,0,1,0,0,차대사람 - 기타,안전운전불이행,건조,맑음,교차로 - 교차로안,승용,남,67세,상해없음,보행자,남,21세,중상
2016100900100164,2016년 10월 9일 09시,일요일,전라남도 영암군 미암면,경상사고,0,0,1,0,차대차 - 추돌,안전운전불이행,건조,맑음,단일로 - 기타,자전거,남,54세,경상,특수,남,기타불명,기타불명
2016100900100184,2016년 10월 9일 10시,일요일,전라남도 순천시 해룡면,경상사고,0,0,1,0,차대차 - 측면직각충돌,신호위반,건조,맑음,교차로 - 교차로부근,승용,남,61세,상해없음,자전거,남,8세,경상
2016100900100211,2016년 10월 9일 11시,일요일,전라남도 여수시 학동,경상사고,0,0,4,0,차대차 - 측면직각충돌,안전운전불이행,건조,맑음,교차로 - 교차로부근,승용,남,65세,상해없음,승용,남,46세,경상
2016100900100212,2016년 10월 9일 11시,일요일,전라남도 영암군 미암면,경상사고,0,0,1,0,차대차 - 추돌,안전운전불이행,건조,맑음,단일로 - 기타,자전거,남,43세,경상,화물,남,49세,기타불명
2016100900100242,2016년 10월 9일 12시,일요일,전라남도 순천시 남정동,경상사고,0,0,1,0,차대차 - 측면충돌,교차로운행방법위반,건조,맑음,교차로 - 교차로부근,승용,남,60세,상해없음,승용,남,61세,경상
2016100900100243,2016년 10월 9일 12시,일요일,전라남도 담양군 창평면,경상사고,0,0,4,1,차대차 - 측면직각충돌,중앙선침범,건조,맑음,단일로 - 기타,승용,남,78세,상해없음,승용,여,60세,경상
2016100900100302,2016년 10월 9일 14시,일요일,전라남도 강진군 강진읍,중상사고,0,1,0,0,차대차 - 기타,차로위반,건조,맑음,교차로 - 교차로부근,승용,여,35세,기타불명,승용,남,53세,중상
2016100900100303,2016년 10월 9일 14시,일요일,전라남도 광양시 광양읍,중상사고,0,1,0,0,차대차 - 측면충돌,교차로운행방법위반,건조,맑음,교차로 - 교차로안,승용,여,37세,상해없음,원동기,여,65세,중상
2016100900100334,2016년 10월 9일 15시,일요일,전라남도 목포시 옥암동,경상사고,0,0,1,0,차대차 - 기타,안전운전불이행,건조,맑음,기타 - 기타,이륜,남,50세,상해없음,자전거,남,12세,경상
2016100900100335,2016년 10월 9일 15시,일요일,전라남도 여수시 주삼동,중상사고,0,1,3,0,차대차 - 측면직각충돌,안전운전불이행,건조,맑음,단일로 - 기타,승용,여,41세,경상,승용,남,29세,경상
2016100900100336,2016년 10월 9일 15시,일요일,전라남도 보성군 조성면,경상사고,0,0,3,0,차대차 - 추돌,안전운전불이행,건조,맑음,교차로 - 교차로부근,승용,남,53세,상해없음,승용,남,49세,경상
2016100900100337,2016년 10월 9일 15시,일요일,전라남도 광양시 진상면,사망사고,1,0,0,0,차대차 - 측면직각충돌,신호위반,건조,맑음,교차로 - 교차로안,원동기,남,80세,사망,화물,남,64세,상해없음
2016100900100338,2016년 10월 9일 15시,일요일,전라남도 구례군 광의면,경상사고,0,0,2,0,차대차 - 측면직각충돌,신호위반,건조,맑음,교차로 - 교차로안,화물,남,52세,상해없음,승용,남,67세,경상
2016100900100384,2016년 10월 9일 16시,일요일,전라남도 광양시 봉강면,중상사고,0,1,0,0,차량단독 - 전도전복,안전운전불이행,건조,맑음,단일로 - 기타,원동기,남,56세,상해없음,,,,
2016100900100423,2016년 10월 9일 17시,일요일,전라남도 강진군 군동면,경상사고,0,0,1,0,차대차 - 측면직각충돌,교차로운행방법위반,건조,맑음,교차로 - 교차로안,화물,여,55세,상해없음,자전거,여,46세,경상
2016100900100424,2016년 10월 9일 17시,일요일,전라남도 무안군 현경면,중상사고,0,3,0,0,차대차 - 정면충돌,안전운전불이행,건조,맑음,교차로 - 교차로안,승용,남,71세,중상,화물,남,38세,중상
2016100900100425,2016년 10월 9일 17시,일요일,전라남도 진도군 진도읍,경상사고,0,0,1,0,차대사람 - 기타,안전운전불이행,건조,맑음,교차로 - 교차로안,승용,남,72세,상해없음,보행자,남,79세,경상
2016100900100471,2016년 10월 9일 18시,일요일,전라남도 장흥군 장흥읍,중상사고,0,1,0,0,차대사람 - 횡단중,안전운전불이행,건조,맑음,단일로 - 기타,화물,남,56세,상해없음,보행자,남,90세 이상,중상
2016100900100514,2016년 10월 9일 19시,일요일,전라남도 여수시 종화동,중상사고,0,1,0,0,차량단독 - 공작물충돌,안전운전불이행,건조,맑음,기타 - 기타,자전거,남,71세,중상,,,,
2016100900100515,2016년 10월 9일 19시,일요일,전라남도 나주시 성북동,중상사고,0,1,0,0,차대사람 - 횡단중,신호위반,건조,맑음,단일로 - 횡단보도상,승용,여,55세,상해없음,보행자,여,73세,중상
2016100900100560,2016년 10월 9일 21시,일요일,전라남도 순천시 조례동,경상사고,0,0,1,0,차대사람 - 횡단중,보행자보호의무위반,건조,맑음,단일로 - 횡단보도상,승용,여,48세,상해없음,보행자,남,6세,경상
2016100900100574,2016년 10월 9일 22시,일요일,전라남도 순천시 덕월동,경상사고,0,0,2,1,차대차 - 추돌,안전거리미확보,건조,맑음,교차로 - 교차로부근,화물,남,29세,부상신고,승용,남,21세,경상
2016100900100594,2016년 10월 9일 23시,일요일,전라남도 여수시 둔덕동,경상사고,0,0,1,0,차대차 - 추돌,안전운전불이행,건조,맑음,단일로 - 기타,승용,남,49세,상해없음,승용,남,24세,경상
2016101000100049,2016년 10월 10일 06시,월요일,전라남도 나주시 경현동,중상사고,0,1,0,0,차대사람 - 보도통행중,기타,건조,맑음,단일로 - 기타,승용,여,47세,상해없음,보행자,남,46세,중상
2016101000100050,2016년 10월 10일 06시,월요일,전라남도 영암군 덕진면,사망사고,1,0,0,0,차대차 - 측면직각충돌,불법유턴,건조,맑음,교차로 - 교차로안,이륜,여,75세,사망,화물,남,55세,상해없음
2016101000100076,2016년 10월 10일 07시,월요일,전라남도 신안군 압해읍,사망사고,1,0,0,0,차대차 - 기타,안전운전불이행,건조,맑음,교차로 - 교차로안,화물,남,58세,상해없음,승용,남,28세,상해없음
2016101000100077,2016년 10월 10일 07시,월요일,전라남도 목포시 상동,경상사고,0,0,1,0,차대차 - 측면직각충돌,차로위반,건조,맑음,교차로 - 교차로부근,승용,남,61세,상해없음,승용,남,58세,상해없음
2016101000100078,2016년 10월 10일 07시,월요일,전라남도 여수시 공화동,경상사고,0,0,1,0,차대차 - 측면충돌,중앙선침범,건조,맑음,단일로 - 기타,화물,남,50세,상해없음,이륜,남,63세,경상
2016101000100148,2016년 10월 10일 09시,월요일,전라남도 목포시 상동,경상사고,0,0,1,0,차대차 - 측면충돌,안전운전불이행,건조,맑음,단일로 - 기타,승용,여,67세,경상,승용,남,71세,상해없음
2016101000100149,2016년 10월 10일 09시,월요일,전라남도 순천시 남정동,경상사고,0,0,1,0,차대차 - 기타,신호위반,건조,맑음,단일로 - 기타,승용,남,57세,상해없음,자전거,여,49세,경상
2016101000100150,2016년 10월 10일 09시,월요일,전라남도 강진군 강진읍,사망사고,1,0,0,0,차대차 - 기타,안전거리미확보,건조,맑음,단일로 - 기타,화물,남,71세,상해없음,원동기,남,74세,사망
2016101000100182,2016년 10월 10일 10시,월요일,전라남도 여수시 돌산읍,경상사고,0,0,1,0,차대차 - 기타,교차로운행방법위반,건조,맑음,교차로 - 교차로안,승합,남,53세,상해없음,승용,남,66세,기타불명
2016101000100214,2016년 10월 10일 11시,월요일,전라남도 무안군 현경면,경상사고,0,0,1,0,차량단독 - 전도전복,안전운전불이행,건조,맑음,단일로 - 기타,이륜,남,58세,경상,,,,
2016101000100215,2016년 10월 10일 11시,월요일,전라남도 광양시 중동,경상사고,0,0,2,0,차대차 - 측면충돌,신호위반,건조,맑음,교차로 - 교차로안,승용,여,44세,경상,승용,남,61세,경상
2016101000100236,2016년 10월 10일 12시,월요일,전라남도 여수시 충무동,경상사고,0,0,1,0,차대사람 - 횡단중,안전운전불이행,건조,맑음,교차로 - 교차로부근,승용,남,57세,상해없음,보행자,여,23세,경상
2016101000100296,2016년 10월 10일 14시,월요일,전라남도 여수시 소라면,경상사고,0,0,1,0,차대차 - 측면충돌,안전거리미확보,건조,맑음,단일로 - 기타,화물,남,76세,기타불명,승용,여,29세,상해없음
2016101000100297,2016년 10월 10일 14시,월요일,전라남도 광양시 중동,경상사고,0,0,2,0,차대차 - 측면충돌,신호위반,건조,맑음,교차로 - 교차로안,승용,남,24세,상해없음,승용,남,38세,경상
2016101000100367,2016년 10월 10일 16시,월요일,전라남도 무안군 무안읍,경상사고,0,0,1,0,차대차 - 기타,안전운전불이행,건조,맑음,단일로 - 기타,승용,남,50세,상해없음,승용,여,35세,경상
2016101000100394,2016년 10월 10일 17시,월요일,전라남도 목포시 산정동,경상사고,0,0,1,0,차대차 - 측면충돌,교차로운행방법위반,건조,맑음,교차로 - 교차로안,승용,여,46세,상해없음,승합,남,48세,상해없음
2016101000100395,2016년 10월 10일 17시,월요일,전라남도 여수시 중흥동,경상사고,0,0,1,0,차대차 - 측면직각충돌,안전운전불이행,건조,맑음,교차로 - 교차로안,승용,여,56세,상해없음,화물,남,45세,상해없음
2016101000100434,2016년 10월 10일 18시,월요일,전라남도 순천시 가곡동,중상사고,0,1,0,0,차대차 - 측면충돌,안전운전불이행,건조,맑음,단일로 - 기타,승용,남,23세,상해없음,이륜,남,67세,중상
2016101000100435,2016년 10월 10일 18시,월요일,전라남도 순천시 서면,경상사고,0,0,1,0,차대차 - 추돌,안전운전불이행,건조,맑음,단일로 - 기타,승용,여,20세,상해없음,승용,남,34세,경상
2016101000100488,2016년 10월 10일 19시,월요일,전라남도 순천시 생목동,경상사고,0,0,1,0,차대사람 - 횡단중,안전운전불이행,건조,맑음,단일로 - 기타,승용,남,58세,상해없음,보행자,여,6세,경상
2016101000100489,2016년 10월 10일 19시,월요일,전라남도 담양군 담양읍,경상사고,0,0,1,0,차대차 - 정면충돌,불법유턴,건조,맑음,교차로 - 교차로안,승용,여,45세,상해없음,자전거,남,57세,경상
2016101000100490,2016년 10월 10일 19시,월요일,전라남도 광양시 중동,경상사고,0,0,1,0,차대사람 - 기타,안전운전불이행,건조,맑음,단일로 - 기타,승용,남,62세,상해없음,보행자,남,10세,경상
2016101000100547,2016년 10월 10일 21시,월요일,전라남도 목포시 옥암동,경상사고,0,0,1,0,차대차 - 측면충돌,안전운전불이행,습기,비,단일로 - 기타,승용,남,42세,상해없음,승용,여,45세,경상
2016101000100574,2016년 10월 10일 22시,월요일,전라남도 목포시 상동,경상사고,0,0,3,0,차대차 - 추돌,안전운전불이행,건조,맑음,교차로 - 교차로부근,승용,여,40세,상해없음,승용,여,28세,경상
2016101100100058,2016년 10월 11일 05시,화요일,전라남도 순천시 풍덕동,경상사고,0,0,1,0,차대차 - 측면충돌,교차로운행방법위반,건조,맑음,교차로 - 교차로안,승용,남,57세,상해없음,승용,남,58세,경상
2016101100100067,2016년 10월 11일 06시,화요일,전라남도 여수시 선원동,경상사고,0,0,1,0,차대차 - 추돌,안전운전불이행,건조,맑음,교차로 - 교차로안,승용,남,65세,상해없음,승용,남,39세,경상
2016101100100122,2016년 10월 11일 08시,화요일,전라남도 여수시 국동,경상사고,0,0,1,0,차량단독 - 전도전복,안전운전불이행,건조,맑음,단일로 - 기타,자전거,남,72세,경상,,,,
2016101100100160,2016년 10월 11일 09시,화요일,전라남도 순천시 매곡동,중상사고,0,1,0,0,차대사람 - 차도통행중,안전운전불이행,건조,맑음,단일로 - 기타,승용,여,52세,상해없음,보행자,여,71세,중상
2016101100100161,2016년 10월 11일 09시,화요일,전라남도 해남군 해남읍,경상사고,0,0,5,0,차대차 - 측면직각충돌,직진우회전진행방해,건조,맑음,교차로 - 교차로안,승용,여,64세,경상,승용,남,57세,경상
2016101100100162,2016년 10월 11일 09시,화요일,전라남도 진도군 지산면,경상사고,0,0,1,0,차대차 - 측면직각충돌,안전운전불이행,건조,맑음,단일로 - 기타,승용,남,65세,상해없음,승용,남,45세,경상
2016101100100163,2016년 10월 11일 09시,화요일,전라남도 광양시 광영동,경상사고,0,0,1,0,차대사람 - 기타,안전운전불이행,건조,맑음,기타 - 기타,승용,남,34세,상해없음,보행자,남,49세,경상
2016101100100185,2016년 10월 11일 10시,화요일,전라남도 여수시 학동,경상사고,0,0,1,0,차대차 - 측면직각충돌,신호위반,건조,맑음,교차로 - 교차로부근,승용,남,80세,상해없음,승용,남,27세,상해없음
2016101100100186,2016년 10월 11일 10시,화요일,전라남도 여수시 돌산읍,경상사고,0,0,1,0,차대차 - 측면직각충돌,안전운전불이행,건조,맑음,단일로 - 기타,화물,남,60세,상해없음,승용,남,54세,경상
2016101100100187,2016년 10월 11일 10시,화요일,전라남도 보성군 복내면,경상사고,0,0,1,0,차량단독 - 전도전복,안전운전불이행,건조,맑음,단일로 - 교량,화물,남,39세,경상,,,,
2016101100100188,2016년 10월 11일 10시,화요일,전라남도 무안군 현경면,경상사고,0,0,3,0,차대차 - 측면충돌,안전운전불이행,건조,맑음,단일로 - 기타,승용,남,67세,상해없음,승용,남,47세,경상
2016101100100206,2016년 10월 11일 11시,화요일,전라남도 장흥군 관산읍,중상사고,0,2,0,0,차대차 - 측면직각충돌,안전운전불이행,건조,맑음,교차로 - 교차로부근,특수,남,28세,상해없음,원동기,남,69세,중상
2016101100100207,2016년 10월 11일 11시,화요일,전라남도 완도군 신지면,중상사고,0,1,0,0,차대차 - 추돌,안전운전불이행,건조,맑음,단일로 - 기타,화물,남,33세,상해없음,화물,남,74세,중상