사고번호,사고일시,요일,시군구,사고내용,사망자수,중상자수,경상자수,부상신고자수,사고유형,법규위반,노면상태,기상상태,도로형태,가해운전자 차종,가해운전자 성별,가해운전자 연령,가해운전자 상해정도,피해운전자 차종,피해운전자 성별,피해운전자 연령,피해운전자 상해정도
2016101500100318,2016년 10월 15일 13시,토요일,전라남도 장성군 북이면,경상사고,0,0,1,0,차량단독 - 전도전복,안전운전불이행,건조,맑음,단일로 - 기타,원동기,남,79세,경상,,,,
2016101500100400,2016년 10월 15일 15시,토요일,전라남도 영암군 영암읍,경상사고,0,0,4,0,차대차 - 측면직각충돌,기타,건조,맑음,교차로 - 교차로안,승용,여,37세,경상,승용,남,54세,경상
2016101500100401,2016년 10월 15일 15시,토요일,전라남도 무안군 운남면,경상사고,0,0,1,0,차량단독 - 전도전복,안전운전불이행,건조,맑음,단일로 - 기타,원동기,남,81세,경상,,,,
2016101500100459,2016년 10월 15일 17시,토요일,전라남도 영암군 학산면,경상사고,0,0,1,0,차대사람 - 기타,안전운전불이행,건조,흐림,단일로 - 기타,기타불명,기타불명,기타불명,기타불명,보행자,여,42세,경상
2016101500100503,2016년 10월 15일 18시,토요일,전라남도 나주시 봉황면,중상사고,0,2,10,1,차대차 - 측면직각충돌,교차로운행방법위반,건조,맑음,교차로 - 교차로안,승합,남,72세,부상신고,화물,남,47세,경상
2016101500100504,2016년 10월 15일 18시,토요일,전라남도 장흥군 장흥읍,중상사고,0,1,2,0,차대차 - 추돌,안전운전불이행,건조,맑음,교차로 - 교차로안,승용,여,36세,경상,승용,남,59세,경상
2016101500100505,2016년 10월 15일 18시,토요일,전라남도 해남군 계곡면,중상사고,0,1,0,0,차대차 - 정면충돌,안전운전불이행,건조,맑음,단일로 - 기타,원동기,남,46세,중상,농기계,남,64세,기타불명
2016101500100506,2016년 10월 15일 18시,토요일,전라남도 함평군 나산면,중상사고,0,1,2,0,차대차 - 정면충돌,안전운전불이행,건조,맑음,교차로 - 교차로안,화물,남,48세,중상,승용,남,60세,경상
2016101500100507,2016년 10월 15일 18시,토요일,전라남도 영암군 군서면,경상사고,0,0,2,0,차대차 - 추돌,안전거리미확보,건조,맑음,단일로 - 기타,화물,남,42세,경상,농기계,남,57세,경상
2016101500100508,2016년 10월 15일 18시,토요일,전라남도 광양시 옥곡면,중상사고,0,1,1,0,차대차 - 정면충돌,중앙선침범,건조,맑음,단일로 - 교량,승용,남,50세,경상,승용,여,31세,중상
2016101500100554,2016년 10월 15일 19시,토요일,전라남도 여수시 웅천동,중상사고,0,1,0,0,차대차 - 측면직각충돌,신호위반,건조,맑음,교차로 - 교차로안,승용,남,64세,상해없음,원동기,남,36세,중상
2016101500100626,2016년 10월 15일 21시,토요일,전라남도 여수시 광무동,경상사고,0,0,1,0,차량단독 - 전도전복,안전운전불이행,건조,맑음,교차로 - 교차로안,이륜,남,49세,경상,,,,
2016101500100627,2016년 10월 15일 21시,토요일,전라남도 순천시 연향동,경상사고,0,0,1,0,차대차 - 측면충돌,신호위반,건조,맑음,교차로 - 교차로안,자전거,남,24세,경상,승용,여,45세,상해없음
2016101500100628,2016년 10월 15일 21시,토요일,전라남도 강진군 강진읍,경상사고,0,0,1,0,차대차 - 측면직각충돌,직진우회전진행방해,습기,흐림,교차로 - 교차로안,승용,남,70세,상해없음,승용,남,58세,경상
2016101500100680,2016년 10월 15일 23시,토요일,전라남도 진도군 조도면,중상사고,0,2,1,0,차량단독 - 공작물충돌,안전운전불이행,건조,맑음,교차로 - 교차로부근,화물,남,51세,중상,,,,
2016101600100046,2016년 10월 16일 02시,일요일,전라남도 순천시 조례동,중상사고,0,1,0,0,차대차 - 측면충돌,중앙선침범,건조,맑음,단일로 - 기타,승용,남,40세,상해없음,이륜,남,28세,중상
2016101600100057,2016년 10월 16일 03시,일요일,전라남도 목포시 동명동,경상사고,0,0,2,0,차대차 - 측면충돌,직진우회전진행방해,건조,맑음,교차로 - 교차로안,승용,남,28세,상해없음,승용,남,59세,경상
2016101600100095,2016년 10월 16일 06시,일요일,전라남도 목포시 산정동,경상사고,0,0,1,0,차대차 - 측면충돌,신호위반,습기,비,교차로 - 교차로안,화물,남,65세,상해없음,이륜,남,69세,경상
2016101600100118,2016년 10월 16일 08시,일요일,전라남도 영암군 서호면,중상사고,0,1,0,0,차량단독 - 전도전복,안전운전불이행,습기,비,단일로 - 기타,화물,여,55세,중상,,,,
2016101600100127,2016년 10월 16일 09시,일요일,전라남도 목포시 석현동,경상사고,0,0,2,0,차대차 - 추돌,안전운전불이행,습기,비,단일로 - 기타,승용,남,67세,상해없음,승용,남,42세,상해없음
2016101600100140,2016년 10월 16일 10시,일요일,전라남도 순천시 인제동,경상사고,0,0,2,0,차대차 - 측면충돌,직진우회전진행방해,건조,맑음,교차로 - 교차로안,승용,여,32세,상해없음,승용,여,30세,경상
2016101600100182,2016년 10월 16일 12시,일요일,전라남도 나주시 동강면,중상사고,0,4,1,0,차대차 - 측면충돌,신호위반,건조,맑음,교차로 - 교차로안,화물,남,73세,중상,승용,남,49세,경상
2016101600100183,2016년 10월 16일 12시,일요일,전라남도 화순군 화순읍,사망사고,1,1,1,0,차량단독 - 전도전복,과속,습기,비,단일로 - 기타,승용,남,42세,경상,,,,
2016101600100258,2016년 10월 16일 14시,일요일,전라남도 신안군 자은면,경상사고,0,0,2,0,차대차 - 정면충돌,중앙선침범,습기,비,단일로 - 기타,승용,남,44세,상해없음,화물,남,66세,경상
2016101600100259,2016년 10월 16일 14시,일요일,전라남도 해남군 해남읍,경상사고,0,0,1,0,차대차 - 측면직각충돌,직진우회전진행방해,건조,맑음,교차로 - 교차로안,승용,남,82세,상해없음,승용,남,57세,경상
2016101600100260,2016년 10월 16일 14시,일요일,전라남도 영암군 삼호읍,중상사고,0,1,0,0,차대차 - 측면직각충돌,중앙선침범,습기,비,단일로 - 기타,승용,여,40세,상해없음,이륜,남,33세,중상
2016101600100261,2016년 10월 16일 14시,일요일,전라남도 장성군 황룡면,경상사고,0,0,2,0,차대차 - 측면충돌,신호위반,습기,비,교차로 - 교차로안,승용,남,40세,상해없음,화물,남,35세,경상
2016101600100295,2016년 10월 16일 15시,일요일,전라남도 광양시 광양읍,경상사고,0,0,1,0,차대차 - 측면직각충돌,안전운전불이행,습기,비,교차로 - 교차로부근,승용,여,59세,상해없음,승용,여,49세,경상
2016101600100329,2016년 10월 16일 16시,일요일,전라남도 나주시 세지면,사망사고,1,0,0,0,차량단독 - 전도전복,안전운전불이행,습기,비,단일로 - 기타,농기계,남,52세,사망,,,,
2016101600100369,2016년 10월 16일 17시,일요일,전라남도 무안군 삼향읍,경상사고,0,0,1,0,차대차 - 기타,안전거리미확보,습기,비,단일로 - 기타,승용,남,25세,상해없음,이륜,남,34세,경상
2016101600100413,2016년 10월 16일 18시,일요일,전라남도 여수시 소라면,중상사고,0,1,2,0,차대차 - 측면직각충돌,교차로운행방법위반,습기,비,교차로 - 교차로안,승합,남,50세,경상,화물,남,25세,경상
2016101600100414,2016년 10월 16일 18시,일요일,전라남도 순천시 조례동,사망사고,1,0,0,0,차대사람 - 횡단중,안전운전불이행,습기,비,단일로 - 기타,승용,남,48세,상해없음,보행자,여,30세,사망
2016101600100415,2016년 10월 16일 18시,일요일,전라남도 보성군 보성읍,경상사고,0,0,1,0,차대사람 - 길가장자리구역통행중,안전운전불이행,습기,비,단일로 - 기타,화물,남,47세,상해없음,보행자,여,57세,경상
2016101600100473,2016년 10월 16일 19시,일요일,전라남도 나주시 송월동,경상사고,0,0,1,0,차대차 - 추돌,안전운전불이행,습기,비,교차로 - 교차로부근,승용,남,43세,상해없음,승용,남,56세,경상
2016101600100510,2016년 10월 16일 20시,일요일,전라남도 신안군 증도면,경상사고,0,0,7,0,차대차 - 측면충돌,안전운전불이행,습기,비,단일로 - 기타,승용,여,37세,경상,승용,남,65세,경상
2016101600100511,2016년 10월 16일 20시,일요일,전라남도 여수시 선원동,중상사고,0,2,0,0,차대차 - 정면충돌,안전운전불이행,습기,비,교차로 - 교차로안,화물,남,48세,상해없음,승용,여,26세,중상
2016101600100512,2016년 10월 16일 20시,일요일,전라남도 순천시 석현동,중상사고,0,1,0,0,차대사람 - 횡단중,보행자보호의무위반,습기,비,단일로 - 기타,승용,남,76세,상해없음,보행자,남,57세,중상
2016101600100541,2016년 10월 16일 21시,일요일,전라남도 여수시 광무동,부상신고사고,0,0,0,2,차량단독 - 전도전복,안전운전불이행,습기,비,단일로 - 기타,승용,남,19세,상해없음,,,,
2016101600100542,2016년 10월 16일 21시,일요일,전라남도 광양시 광양읍,중상사고,0,2,1,0,차량단독 - 공작물충돌,안전운전불이행,습기,비,단일로 - 기타,승용,남,14세,상해없음,,,,
2016101600100574,2016년 10월 16일 22시,일요일,전라남도 여수시 화장동,경상사고,0,0,1,0,차대차 - 정면충돌,안전운전불이행,습기,비,교차로 - 교차로안,승용,여,59세,상해없음,승용,남,37세,상해없음
2016101700100051,2016년 10월 17일 06시,월요일,전라남도 광양시 광양읍,중상사고,0,3,2,0,차대차 - 측면충돌,신호위반,습기,맑음,교차로 - 교차로안,승용,여,76세,중상,승합,남,46세,상해없음
2016101700100071,2016년 10월 17일 07시,월요일,전라남도 목포시 용당동,경상사고,0,0,1,0,차대사람 - 횡단중,안전운전불이행,건조,맑음,단일로 - 횡단보도상,승용,남,39세,상해없음,보행자,남,15세,경상
2016101700100072,2016년 10월 17일 07시,월요일,전라남도 담양군 수북면,경상사고,0,0,2,0,차대차 - 추돌,안전거리미확보,습기,비,교차로 - 교차로부근,화물,남,37세,상해없음,화물,여,43세,경상
2016101700100114,2016년 10월 17일 08시,월요일,전라남도 여수시 소라면,경상사고,0,0,2,0,차량단독 - 전도전복,안전운전불이행,건조,맑음,단일로 - 기타,승용,여,50세,경상,,,,
2016101700100115,2016년 10월 17일 08시,월요일,전라남도 보성군 회천면,경상사고,0,0,1,0,차대사람 - 횡단중,안전운전불이행,건조,맑음,단일로 - 기타,승용,여,52세,상해없음,보행자,여,76세,경상
2016101700100152,2016년 10월 17일 09시,월요일,전라남도 고흥군 두원면,중상사고,0,1,0,0,차대사람 - 횡단중,안전운전불이행,건조,맑음,단일로 - 기타,승용,여,60세,상해없음,보행자,여,66세,중상
2016101700100184,2016년 10월 17일 10시,월요일,전라남도 고흥군 금산면,경상사고,0,0,1,0,차대차 - 추돌,기타,건조,맑음,단일로 - 터널,승용,남,69세,상해없음,농기계,남,75세,경상
2016101700100185,2016년 10월 17일 10시,월요일,전라남도 장성군 동화면,중상사고,0,1,1,1,차대차 - 측면충돌,직진우회전진행방해,건조,맑음,교차로 - 교차로안,화물,남,67세,부상신고,승용,남,65세,경상
2016101700100222,2016년 10월 17일 11시,월요일,전라남도 함평군 대동면,중상사고,0,2,0,0,차대차 - 측면직각충돌,교차로운행방법위반,건조,맑음,교차로 - 교차로안,원동기,남,76세,중상,화물,남,45세,상해없음
2016101700100258,2016년 10월 17일 12시,월요일,전라남도 화순군 화순읍,경상사고,0,0,1,0,차대사람 - 기타,안전운전불이행,건조,맑음,단일로 - 기타,승용,여,42세,상해없음,보행자,여,60세,경상
2016101700100294,2016년 10월 17일 13시,월요일,전라남도 순천시 풍덕동,중상사고,0,1,0,0,차대사람 - 보도통행중,안전운전불이행,건조,흐림,교차로 - 교차로부근,승용,남,51세,상해없음,보행자,여,19세,중상
2016101700100331,2016년 10월 17일 14시,월요일,전라남도 여수시 해산동,경상사고,0,0,1,0,차량단독 - 전도전복,안전운전불이행,건조,맑음,교차로 - 교차로부근,화물,남,33세,경상,,,,
2016101700100332,2016년 10월 17일 14시,월요일,전라남도 나주시 남평읍,중상사고,0,1,1,0,차대차 - 측면충돌,안전운전불이행,건조,흐림,단일로 - 기타,승용,남,63세,경상,건설기계,남,51세,상해없음
2016101700100333,2016년 10월 17일 14시,월요일,전라남도 강진군 강진읍,중상사고,0,1,0,0,차대차 - 측면직각충돌,기타,건조,맑음,단일로 - 기타,원동기,남,57세,기타불명,원동기,남,76세,중상
2016101700100368,2016년 10월 17일 15시,월요일,전라남도 순천시 송광면,중상사고,0,1,0,0,차대차 - 추돌,안전운전불이행,건조,맑음,단일로 - 기타,승용,남,74세,상해없음,건설기계,남,53세,기타불명
2016101700100455,2016년 10월 17일 17시,월요일,전라남도 순천시 해룡면,경상사고,0,0,1,0,차대차 - 측면충돌,신호위반,건조,맑음,교차로 - 교차로안,승용,여,45세,상해없음,승용,여,54세,경상
2016101700100502,2016년 10월 17일 18시,월요일,전라남도 무안군 청계면,중상사고,0,1,0,0,차대사람 - 기타,안전운전불이행,건조,맑음,교차로 - 교차로안,승용,남,42세,상해없음,보행자,여,42세,중상
2016101700100592,2016년 10월 17일 20시,월요일,전라남도 나주시 남평읍,경상사고,0,0,1,0,차대차 - 정면충돌,신호위반,건조,기타,교차로 - 교차로안,자전거,남,51세,경상,승용,여,39세,상해없음
2016101700100593,2016년 10월 17일 20시,월요일,전라남도 영암군 삼호읍,중상사고,0,1,0,0,차대차 - 측면직각충돌,신호위반,건조,흐림,교차로 - 교차로안,승용,남,34세,상해없음,이륜,남,45세,중상
2016101700100594,2016년 10월 17일 20시,월요일,전라남도 진도군 군내면,경상사고,0,0,1,0,차대차 - 추돌,안전운전불이행,건조,기타,단일로 - 기타,화물,남,50세,상해없음,승용,여,32세,경상
2016101700100649,2016년 10월 17일 22시,월요일,전라남도 여수시 학동,경상사고,0,0,1,0,차대사람 - 횡단중,안전운전불이행,건조,맑음,교차로 - 교차로안,승용,여,55세,상해없음,보행자,남,48세,경상
2016101700100650,2016년 10월 17일 22시,월요일,전라남도 나주시 죽림동,중상사고,0,1,1,0,차대차 - 측면충돌,직진우회전진행방해,건조,맑음,교차로 - 교차로안,승용,남,29세,경상,승용,여,48세,중상
2016101700100651,2016년 10월 17일 22시,월요일,전라남도 함평군 대동면,중상사고,0,1,2,0,차대차 - 측면충돌,안전운전불이행,건조,맑음,교차로 - 교차로안,승용,남,31세,경상,승용,여,39세,경상
2016101700100674,2016년 10월 17일 23시,월요일,전라남도 목포시 옥암동,중상사고,0,1,1,0,차대차 - 정면충돌,안전운전불이행,건조,맑음,교차로 - 교차로부근,화물,남,44세,상해없음,승용,여,31세,중상
2016101800100020,2016년 10월 18일 01시,화요일,전라남도 여수시 미평동,경상사고,0,0,1,0,차대차 - 측면직각충돌,신호위반,건조,맑음,교차로 - 교차로안,화물,남,52세,상해없음,승용,남,28세,경상
2016101800100058,2016년 10월 18일 06시,화요일,전라남도 목포시 명륜동,사망사고,1,0,0,0,차대차 - 측면직각충돌,안전운전불이행,건조,맑음,교차로 - 교차로부근,화물,남,30세,상해없음,자전거,남,66세,사망
2016101800100059,2016년 10월 18일 06시,화요일,전라남도 해남군 문내면,경상사고,0,0,1,0,차대사람 - 길가장자리구역통행중,안전운전불이행,건조,맑음,단일로 - 기타,승용,남,72세,기타불명,보행자,남,33세,경상
2016101800100133,2016년 10월 18일 08시,화요일,전라남도 완도군 노화읍,경상사고,0,0,1,0,차대차 - 정면충돌,중앙선침범,건조,맑음,교차로 - 교차로부근,화물,남,37세,상해없음,승용,남,61세,경상
2016101800100201,2016년 10월 18일 10시,화요일,전라남도 순천시 동외동,경상사고,0,0,1,0,차대사람 - 횡단중,안전운전불이행,건조,맑음,교차로 - 교차로안,승용,여,33세,상해없음,보행자,남,73세,경상
2016101800100202,2016년 10월 18일 10시,화요일,전라남도 장성군 남면,경상사고,0,0,1,0,차대차 - 측면직각충돌,신호위반,건조,맑음,교차로 - 교차로안,화물,여,68세,상해없음,승용,남,55세,경상
2016101800100232,2016년 10월 18일 11시,화요일,전라남도 순천시 동외동,중상사고,0,1,0,0,차량단독 - 기타,안전운전불이행,건조,맑음,단일로 - 기타,원동기,남,77세,중상,,,,
2016101800100233,2016년 10월 18일 11시,화요일,전라남도 나주시 다도면,경상사고,0,0,1,0,차대사람 - 횡단중,안전운전불이행,건조,맑음,단일로 - 기타,승용,남,48세,상해없음,보행자,남,33세,경상
2016101800100257,2016년 10월 18일 12시,화요일,전라남도 보성군 보성읍,경상사고,0,0,2,0,차대차 - 측면직각충돌,기타,건조,맑음,교차로 - 교차로안,승용,남,66세,상해없음,승용,남,54세,상해없음
2016101800100278,2016년 10월 18일 13시,화요일,전라남도 해남군 산이면,경상사고,0,0,2,0,차대차 - 정면충돌,직진우회전진행방해,건조,맑음,교차로 - 교차로안,승용,남,69세,상해없음,화물,남,68세,경상
2016101800100317,2016년 10월 18일 14시,화요일,전라남도 나주시 왕곡면,중상사고,0,1,0,0,차대차 - 추돌,안전운전불이행,건조,맑음,단일로 - 기타,원동기,남,82세,중상,화물,남,38세,기타불명
2016101800100318,2016년 10월 18일 14시,화요일,전라남도 영광군 법성면,중상사고,0,1,3,0,차대차 - 측면직각충돌,직진우회전진행방해,건조,맑음,교차로 - 교차로안,화물,남,66세,상해없음,화물,남,51세,중상
2016101800100350,2016년 10월 18일 15시,화요일,전라남도 고흥군 대서면,중상사고,0,1,1,0,차대차 - 추돌,안전운전불이행,건조,맑음,교차로 - 교차로부근,화물,남,59세,상해없음,화물,남,59세,경상
2016101800100381,2016년 10월 18일 16시,화요일,전라남도 신안군 증도면,중상사고,0,1,0,0,차대차 - 기타,중앙선침범,건조,맑음,단일로 - 기타,기타불명,기타불명,기타불명,기타불명,이륜,남,48세,중상
2016101800100382,2016년 10월 18일 16시,화요일,전라남도 순천시 용당동,경상사고,0,0,2,0,차대차 - 측면충돌,신호위반,건조,맑음,교차로 - 교차로안,승용,남,56세,상해없음,승용,남,67세,경상
2016101800100420,2016년 10월 18일 17시,화요일,전라남도 목포시 상동,경상사고,0,0,1,0,차대차 - 측면충돌,교차로운행방법위반,건조,맑음,교차로 - 교차로안,승용,남,39세,상해없음,승용,여,46세,경상
2016101800100421,2016년 10월 18일 17시,화요일,전라남도 여수시 돌산읍,경상사고,0,0,1,0,차대차 - 추돌,안전운전불이행,건조,맑음,단일로 - 기타,승용,남,46세,상해없음,승용,여,48세,경상
2016101800100422,2016년 10월 18일 17시,화요일,전라남도 여수시 수정동,경상사고,0,0,1,0,차대사람 - 횡단중,보행자보호의무위반,건조,맑음,단일로 - 기타,승합,여,37세,상해없음,보행자,여,60세,경상
2016101800100463,2016년 10월 18일 18시,화요일,전라남도 여수시 율촌면,중상사고,0,1,1,0,차대차 - 추돌,안전운전불이행,건조,맑음,단일로 - 기타,승용,남,35세,중상,화물,남,58세,경상
2016101800100464,2016년 10월 18일 18시,화요일,전라남도 무안군 현경면,경상사고,0,0,1,0,차대사람 - 횡단중,안전운전불이행,건조,맑음,교차로 - 교차로부근,승용,남,52세,상해없음,보행자,남,65세,경상
2016101800100521,2016년 10월 18일 19시,화요일,전라남도 여수시 신월동,중상사고,0,2,6,0,차대차 - 추돌,안전운전불이행,건조,맑음,단일로 - 횡단보도부근,승용,여,50세,경상,승용,여,38세,경상
2016101800100522,2016년 10월 18일 19시,화요일,전라남도 순천시 대룡동,중상사고,0,1,0,0,차량단독 - 기타,안전운전불이행,건조,맑음,단일로 - 기타,승합,남,56세,상해없음,,,,
2016101800100567,2016년 10월 18일 20시,화요일,전라남도 순천시 석현동,중상사고,0,1,1,0,차대차 - 측면충돌,신호위반,건조,맑음,교차로 - 교차로안,승용,여,57세,상해없음,이륜,남,66세,중상
2016101800100568,2016년 10월 18일 20시,화요일,전라남도 장흥군 장흥읍,경상사고,0,0,2,0,차대차 - 추돌,안전운전불이행,건조,맑음,기타 - 기타,승용,남,70세,상해없음,승용,남,33세,경상
2016101800100619,2016년 10월 18일 22시,화요일,전라남도 순천시 연향동,경상사고,0,0,1,0,차대사람 - 횡단중,보행자보호의무위반,건조,맑음,단일로 - 횡단보도상,승용,여,19세,상해없음,보행자,남,25세,경상
2016101800100620,2016년 10월 18일 22시,화요일,전라남도 화순군 화순읍,중상사고,0,1,0,0,차대사람 - 횡단중,안전운전불이행,건조,맑음,단일로 - 기타,승용,남,39세,상해없음,보행자,남,66세,중상
2016101900100066,2016년 10월 19일 06시,수요일,전라남도 목포시 연산동,경상사고,0,0,2,0,차대차 - 기타,안전거리미확보,건조,맑음,단일로 - 기타,화물,남,66세,경상,승용,남,53세,경상
2016101900100067,2016년 10월 19일 06시,수요일,전라남도 순천시 동외동,중상사고,0,1,0,0,차대사람 - 횡단중,보행자보호의무위반,건조,흐림,단일로 - 횡단보도상,승용,남,60세,상해없음,보행자,여,65세,중상
2016101900100117,2016년 10월 19일 08시,수요일,전라남도 장흥군 대덕읍,중상사고,0,1,0,0,차대차 - 측면직각충돌,교차로운행방법위반,건조,맑음,교차로 - 교차로안,화물,남,28세,상해없음,원동기,남,76세,중상
2016101900100151,2016년 10월 19일 09시,수요일,전라남도 여수시 학동,경상사고,0,0,1,0,차대차 - 측면직각충돌,교차로운행방법위반,건조,맑음,교차로 - 교차로안,이륜,남,18세,상해없음,승용,여,34세,경상
2016101900100152,2016년 10월 19일 09시,수요일,전라남도 영암군 시종면,사망사고,1,0,0,0,차대차 - 측면직각충돌,안전운전불이행,건조,맑음,교차로 - 교차로안,화물,남,62세,상해없음,이륜,남,74세,사망
2016101900100153,2016년 10월 19일 09시,수요일,전라남도 장성군 황룡면,부상신고사고,0,0,0,1,차대차 - 측면충돌,안전운전불이행,건조,맑음,교차로 - 교차로안,이륜,남,74세,부상신고,승용,남,63세,상해없음
2016101900100179,2016년 10월 19일 10시,수요일,전라남도 보성군 겸백면,경상사고,0,0,1,0,차량단독 - 전도전복,안전운전불이행,건조,맑음,단일로 - 기타,농기계,남,79세,상해없음,,,,
2016101900100180,2016년 10월 19일 10시,수요일,전라남도 무안군 현경면,경상사고,0,0,2,0,차량단독 - 공작물충돌,안전운전불이행,건조,맑음,단일로 - 기타,승용,남,64세,상해없음,,,,
2016101900100181,2016년 10월 19일 10시,수요일,전라남도 무안군 무안읍,경상사고,0,0,2,0,차대차 - 정면충돌,중앙선침범,건조,맑음,단일로 - 기타,이륜,남,75세,경상,승용,남,54세,경상
2016101900100241,2016년 10월 19일 12시,수요일,전라남도 여수시 율촌면,사망사고,1,0,0,0,차량단독 - 전도전복,안전운전불이행,건조,맑음,단일로 - 기타,농기계,남,57세,기타불명,,,,
2016101900100275,2016년 10월 19일 13시,수요일,전라남도 목포시 상동,경상사고,0,0,2,0,차대차 - 측면충돌,안전운전불이행,건조,맑음,기타 - 기타,화물,남,28세,상해없음,승용,남,33세,경상
2016101900100276,2016년 10월 19일 13시,수요일,전라남도 여수시 덕충동,경상사고,0,0,5,0,차대차 - 추돌,안전운전불이행,건조,맑음,단일로 - 기타,화물,남,35세,상해없음,승합,남,53세,경상
2016101900100308,2016년 10월 19일 14시,수요일,전라남도 보성군 웅치면,중상사고,0,4,0,0,차량단독 - 전도전복,안전운전불이행,건조,맑음,단일로 - 기타,화물,남,72세,상해없음,,,,
2016101900100309,2016년 10월 19일 14시,수요일,전라남도 무안군 무안읍,경상사고,0,0,3,0,차대차 - 추돌,안전운전불이행,건조,맑음,교차로 - 교차로안,화물,남,34세,상해없음,승용,여,48세,경상
2016101900100345,2016년 10월 19일 15시,수요일,전라남도 순천시 조례동,경상사고,0,0,1,0,차대사람 - 기타,안전운전불이행,건조,맑음,단일로 - 기타,승용,남,26세,상해없음,보행자,남,8세,경상
2016101900100346,2016년 10월 19일 15시,수요일,전라남도 보성군 보성읍,경상사고,0,0,1,0,차대사람 - 횡단중,안전운전불이행,건조,맑음,교차로 - 교차로안,승용,남,74세,상해없음,보행자,여,50세,경상
2016101900100382,2016년 10월 19일 16시,수요일,전라남도 목포시 산정동,경상사고,0,0,3,0,차대차 - 측면충돌,신호위반,건조,맑음,교차로 - 교차로안,승용,남,18세,상해없음,승용,남,54세,경상
2016101900100424,2016년 10월 19일 17시,수요일,전라남도 순천시 해룡면,중상사고,0,5,1,0,차대차 - 측면충돌,안전운전불이행,건조,맑음,교차로 - 교차로안,건설기계,남,56세,상해없음,승용,남,18세,중상
2016101900100425,2016년 10월 19일 17시,수요일,전라남도 곡성군 오곡면,중상사고,0,1,0,0,차대차 - 측면충돌,안전운전불이행,건조,맑음,교차로 - 교차로안,승용,남,68세,상해없음,이륜,남,80세,중상
2016101900100476,2016년 10월 19일 18시,수요일,전라남도 목포시 상동,경상사고,0,0,4,0,차대차 - 측면충돌,안전운전불이행,건조,맑음,단일로 - 횡단보도부근,승용,남,73세,상해없음,승용,여,23세,경상
2016101900100477,2016년 10월 19일 18시,수요일,전라남도 목포시 옥암동,경상사고,0,0,1,0,차대차 - 추돌,차로위반,건조,맑음,단일로 - 기타,승용,여,34세,상해없음,승용,여,50세,경상
2016101900100478,2016년 10월 19일 18시,수요일,전라남도 순천시 승주읍,사망사고,1,0,0,0,차대차 - 기타,중앙선침범,건조,맑음,단일로 - 기타,원동기,남,77세,사망,승용,남,34세,상해없음
2016101900100479,2016년 10월 19일 18시,수요일,전라남도 나주시 남평읍,경상사고,0,0,1,0,차대차 - 측면충돌,안전운전불이행,건조,맑음,교차로 - 교차로안,원동기,남,64세,경상,화물,남,54세,상해없음
2016101900100480,2016년 10월 19일 18시,수요일,전라남도 나주시 성북동,경상사고,0,0,1,0,차대차 - 측면직각충돌,신호위반,건조,맑음,교차로 - 교차로안,화물,남,37세,상해없음,승용,남,44세,경상
2016101900100481,2016년 10월 19일 18시,수요일,전라남도 나주시 왕곡면,경상사고,0,0,1,0,차대차 - 측면충돌,안전운전불이행,건조,맑음,교차로 - 교차로안,승합,남,57세,상해없음,승용,남,53세,경상
2016101900100482,2016년 10월 19일 18시,수요일,전라남도 고흥군 도양읍,중상사고,0,1,0,0,차대차 - 추돌,안전운전불이행,건조,맑음,단일로 - 기타,승용,남,49세,중상,농기계,남,61세,상해없음
2016101900100483,2016년 10월 19일 18시,수요일,전라남도 해남군 북평면,경상사고,0,0,1,0,차대차 - 측면직각충돌,신호위반,건조,맑음,교차로 - 교차로안,승용,남,47세,상해없음,승합,남,46세,경상
2016101900100484,2016년 10월 19일 18시,수요일,전라남도 화순군 화순읍,경상사고,0,0,1,0,차대차 - 기타,안전거리미확보,건조,맑음,단일로 - 기타,이륜,남,51세,경상,화물,남,43세,상해없음
2016101900100485,2016년 10월 19일 18시,수요일,전라남도 영암군 삼호읍,중상사고,0,1,0,0,차대차 - 정면충돌,안전운전불이행,건조,맑음,단일로 - 기타,화물,남,46세,상해없음,이륜,남,45세,중상
2016101900100580,2016년 10월 19일 20시,수요일,전라남도 목포시 상동,경상사고,0,0,1,0,차대차 - 측면직각충돌,안전운전불이행,건조,맑음,단일로 - 기타,승용,남,25세,상해없음,승용,여,62세,경상
2016101900100581,2016년 10월 19일 20시,수요일,전라남도 영광군 영광읍,중상사고,0,1,0,0,차대사람 - 횡단중,안전운전불이행,건조,맑음,단일로 - 기타,승용,남,56세,상해없음,보행자,남,71세,중상
2016101900100582,2016년 10월 19일 20시,수요일,전라남도 광양시 광양읍,경상사고,0,0,1,0,차대차 - 측면충돌,안전운전불이행,건조,맑음,단일로 - 기타,승용,남,45세,경상,화물,남,31세,상해없음
2016101900100583,2016년 10월 19일 20시,수요일,전라남도 광양시 중동,경상사고,0,0,1,0,차대차 - 추돌,안전운전불이행,건조,맑음,단일로 - 기타,승용,남,26세,경상,승용,남,33세,상해없음