사고번호,사고일시,요일,시군구,사고내용,사망자수,중상자수,경상자수,부상신고자수,사고유형,법규위반,노면상태,기상상태,도로형태,가해운전자 차종,가해운전자 성별,가해운전자 연령,가해운전자 상해정도,피해운전자 차종,피해운전자 성별,피해운전자 연령,피해운전자 상해정도
2016101900100615,2016년 10월 19일 21시,수요일,전라남도 순천시 장천동,경상사고,0,0,2,0,차대차 - 기타,직진우회전진행방해,건조,맑음,교차로 - 교차로안,승용,남,61세,경상,승용,남,43세,경상
2016101900100638,2016년 10월 19일 22시,수요일,전라남도 목포시 옥암동,경상사고,0,0,3,0,차대차 - 추돌,안전운전불이행,건조,맑음,단일로 - 기타,승용,남,41세,경상,승용,남,37세,경상
2016102000100008,2016년 10월 20일 00시,목요일,전라남도 고흥군 고흥읍,중상사고,0,1,0,0,차량단독 - 공작물충돌,안전운전불이행,건조,맑음,단일로 - 기타,화물,남,22세,중상,,,,
2016102000100032,2016년 10월 20일 02시,목요일,전라남도 순천시 상사면,중상사고,0,1,0,0,차량단독 - 전도전복,안전운전불이행,건조,맑음,단일로 - 기타,승합,남,55세,중상,,,,
2016102000100067,2016년 10월 20일 06시,목요일,전라남도 강진군 성전면,경상사고,0,0,1,0,차대차 - 기타,중앙선침범,기타,안개,단일로 - 기타,승용,여,66세,경상,농기계,남,60세,상해없음
2016102000100087,2016년 10월 20일 07시,목요일,전라남도 여수시 학동,중상사고,0,1,1,0,차대차 - 측면직각충돌,중앙선침범,건조,맑음,단일로 - 기타,화물,남,47세,상해없음,승용,남,30세,중상
2016102000100119,2016년 10월 20일 08시,목요일,전라남도 고흥군 도화면,중상사고,0,1,0,0,차대차 - 추돌,기타,건조,맑음,교차로 - 교차로부근,승용,남,35세,상해없음,원동기,여,61세,중상
2016102000100120,2016년 10월 20일 08시,목요일,전라남도 보성군 미력면,경상사고,0,0,4,0,차대차 - 측면충돌,안전거리미확보,건조,맑음,단일로 - 기타,승용,여,26세,상해없음,승용,남,37세,경상
2016102000100156,2016년 10월 20일 09시,목요일,전라남도 장흥군 관산읍,경상사고,0,0,2,0,차대차 - 측면직각충돌,중앙선침범,건조,맑음,단일로 - 기타,승용,남,42세,상해없음,승용,남,57세,경상
2016102000100157,2016년 10월 20일 09시,목요일,전라남도 장흥군 장흥읍,중상사고,0,1,2,0,차대차 - 추돌,안전운전불이행,건조,맑음,단일로 - 기타,화물,남,57세,경상,화물,여,18세,경상
2016102000100158,2016년 10월 20일 09시,목요일,전라남도 담양군 금성면,사망사고,1,0,0,0,차량단독 - 공작물충돌,안전운전불이행,건조,맑음,단일로 - 기타,승용,남,49세,사망,,,,
2016102000100188,2016년 10월 20일 10시,목요일,전라남도 목포시 옥암동,경상사고,0,0,1,1,차대차 - 측면충돌,중앙선침범,건조,맑음,단일로 - 기타,승용,남,76세,부상신고,승용,남,54세,경상
2016102000100189,2016년 10월 20일 10시,목요일,전라남도 순천시 덕암동,경상사고,0,0,2,0,차대차 - 기타,교차로운행방법위반,건조,맑음,교차로 - 교차로안,승용,남,27세,경상,승용,남,50세,경상
2016102000100218,2016년 10월 20일 11시,목요일,전라남도 순천시 해룡면,중상사고,0,1,0,0,차대차 - 측면충돌,안전운전불이행,건조,맑음,교차로 - 교차로부근,이륜,남,80세,상해없음,승용,남,46세,상해없음
2016102000100241,2016년 10월 20일 12시,목요일,전라남도 해남군 문내면,경상사고,0,0,3,0,차대차 - 정면충돌,차로위반,건조,맑음,단일로 - 기타,승합,남,64세,상해없음,승용,여,40세,경상
2016102000100260,2016년 10월 20일 13시,목요일,전라남도 순천시 용당동,경상사고,0,0,1,0,차대차 - 추돌,안전운전불이행,건조,맑음,교차로 - 교차로안,승합,남,50세,상해없음,승용,남,53세,경상
2016102000100261,2016년 10월 20일 13시,목요일,전라남도 영광군 백수읍,부상신고사고,0,0,0,1,차대차 - 측면직각충돌,직진우회전진행방해,건조,맑음,교차로 - 교차로안,화물,남,57세,상해없음,이륜,남,51세,부상신고
2016102000100289,2016년 10월 20일 14시,목요일,전라남도 나주시 용산동,중상사고,0,1,0,0,차대사람 - 횡단중,안전운전불이행,건조,맑음,단일로 - 기타,화물,남,49세,상해없음,보행자,여,78세,중상
2016102000100316,2016년 10월 20일 15시,목요일,전라남도 신안군 팔금면,사망사고,1,0,1,0,차대차 - 측면충돌,안전운전불이행,건조,맑음,교차로 - 교차로안,농기계,남,75세,사망,화물,남,59세,상해없음
2016102000100317,2016년 10월 20일 15시,목요일,전라남도 광양시 성황동,경상사고,0,0,2,1,차대차 - 측면직각충돌,안전운전불이행,건조,맑음,교차로 - 교차로안,승용,여,37세,부상신고,승용,남,28세,경상
2016102000100348,2016년 10월 20일 16시,목요일,전라남도 장흥군 관산읍,경상사고,0,0,1,0,차대차 - 측면직각충돌,안전운전불이행,건조,맑음,교차로 - 교차로안,승용,남,47세,상해없음,화물,여,58세,경상
2016102000100349,2016년 10월 20일 16시,목요일,전라남도 구례군 구례읍,중상사고,0,1,0,0,차대차 - 측면충돌,교차로운행방법위반,건조,맑음,교차로 - 교차로안,원동기,남,74세,중상,화물,남,30세,상해없음
2016102000100385,2016년 10월 20일 17시,목요일,전라남도 곡성군 옥과면,경상사고,0,0,2,0,차대차 - 측면직각충돌,안전운전불이행,건조,맑음,교차로 - 교차로안,승용,여,36세,경상,화물,남,68세,경상
2016102000100444,2016년 10월 20일 18시,목요일,전라남도 해남군 화산면,경상사고,0,0,1,0,차대차 - 정면충돌,안전운전불이행,건조,맑음,단일로 - 기타,화물,남,68세,상해없음,농기계,남,74세,상해없음
2016102000100445,2016년 10월 20일 18시,목요일,전라남도 해남군 계곡면,중상사고,0,1,1,0,차대차 - 정면충돌,안전운전불이행,건조,맑음,단일로 - 기타,승용,남,62세,경상,농기계,남,62세,기타불명
2016102000100446,2016년 10월 20일 18시,목요일,전라남도 영암군 시종면,중상사고,0,1,0,0,차대차 - 측면직각충돌,중앙선침범,건조,맑음,교차로 - 교차로안,화물,남,53세,상해없음,원동기,여,25세,중상
2016102000100447,2016년 10월 20일 18시,목요일,전라남도 구례군 마산면,중상사고,0,1,0,0,차대사람 - 횡단중,안전운전불이행,건조,맑음,단일로 - 기타,승용,남,49세,상해없음,보행자,여,75세,중상
2016102000100518,2016년 10월 20일 20시,목요일,전라남도 목포시 용해동,경상사고,0,0,3,0,차대차 - 측면충돌,안전운전불이행,건조,맑음,단일로 - 기타,승용,여,45세,경상,승용,남,59세,경상
2016102000100519,2016년 10월 20일 20시,목요일,전라남도 장성군 황룡면,경상사고,0,0,1,0,차대차 - 기타,안전운전불이행,건조,맑음,단일로 - 기타,승용,여,43세,상해없음,자전거,남,78세,경상
2016102000100595,2016년 10월 20일 22시,목요일,전라남도 순천시 조례동,경상사고,0,0,1,0,차대차 - 정면충돌,기타,건조,맑음,교차로 - 교차로안,이륜,남,17세,경상,승용,여,31세,상해없음
2016102000100596,2016년 10월 20일 22시,목요일,전라남도 장흥군 관산읍,중상사고,0,1,1,0,차량단독 - 도로외이탈 - 기타,안전운전불이행,건조,맑음,단일로 - 기타,승용,여,59세,경상,,,,
2016102100100014,2016년 10월 21일 00시,금요일,전라남도 광양시 중동,중상사고,0,1,3,1,차대차 - 측면직각충돌,교차로운행방법위반,건조,맑음,교차로 - 교차로안,승용,여,40세,부상신고,승용,여,53세,경상
2016102100100074,2016년 10월 21일 05시,금요일,전라남도 고흥군 대서면,중상사고,0,1,0,0,차대사람 - 길가장자리구역통행중,안전운전불이행,습기,비,단일로 - 기타,건설기계,남,63세,상해없음,보행자,여,61세,중상
2016102100100075,2016년 10월 21일 05시,금요일,전라남도 광양시 중동,경상사고,0,0,1,0,차대차 - 측면직각충돌,신호위반,건조,흐림,교차로 - 교차로안,승용,남,47세,상해없음,승용,여,48세,경상
2016102100100097,2016년 10월 21일 06시,금요일,전라남도 영암군 삼호읍,중상사고,0,1,0,0,차량단독 - 전도전복,안전운전불이행,습기,비,단일로 - 기타,승용,남,30세,중상,,,,
2016102100100156,2016년 10월 21일 08시,금요일,전라남도 영암군 삼호읍,경상사고,0,0,1,0,차대차 - 추돌,중앙선침범,습기,비,단일로 - 기타,승합,남,76세,상해없음,화물,여,61세,경상
2016102100100157,2016년 10월 21일 08시,금요일,전라남도 완도군 고금면,경상사고,0,0,1,0,차대차 - 측면충돌,안전운전불이행,건조,맑음,교차로 - 교차로안,화물,남,71세,상해없음,농기계,남,79세,경상
2016102100100198,2016년 10월 21일 09시,금요일,전라남도 목포시 옥암동,경상사고,0,0,1,0,차대차 - 측면충돌,안전운전불이행,건조,맑음,단일로 - 기타,승용,남,25세,상해없음,이륜,남,30세,경상
2016102100100199,2016년 10월 21일 09시,금요일,전라남도 구례군 광의면,경상사고,0,0,1,0,차대차 - 측면직각충돌,교차로운행방법위반,건조,맑음,교차로 - 교차로안,원동기,남,78세,경상,승합,남,63세,상해없음
2016102100100219,2016년 10월 21일 10시,금요일,전라남도 여수시 봉강동,경상사고,0,0,2,1,차대차 - 추돌,안전운전불이행,건조,맑음,단일로 - 기타,승용,여,41세,상해없음,승용,여,69세,경상
2016102100100220,2016년 10월 21일 10시,금요일,전라남도 보성군 보성읍,경상사고,0,0,3,0,차대차 - 측면충돌,직진우회전진행방해,건조,맑음,교차로 - 교차로안,승용,남,56세,상해없음,화물,남,54세,경상
2016102100100277,2016년 10월 21일 12시,금요일,전라남도 여수시 화장동,사망사고,2,0,0,0,차대차 - 측면직각충돌,신호위반,건조,흐림,교차로 - 교차로안,이륜,남,76세,사망,화물,남,64세,상해없음
2016102100100278,2016년 10월 21일 12시,금요일,전라남도 순천시 덕암동,경상사고,0,0,1,0,차대사람 - 기타,안전운전불이행,건조,맑음,교차로 - 교차로부근,기타불명,기타불명,기타불명,기타불명,보행자,여,76세,경상
2016102100100309,2016년 10월 21일 13시,금요일,전라남도 장흥군 장흥읍,중상사고,0,1,0,0,차대사람 - 차도통행중,신호위반,건조,맑음,단일로 - 기타,승용,남,64세,상해없음,보행자,남,54세,중상
2016102100100310,2016년 10월 21일 13시,금요일,전라남도 고흥군 두원면,중상사고,0,1,0,0,차량단독 - 전도전복,안전운전불이행,건조,맑음,단일로 - 기타,원동기,여,69세,중상,,,,
2016102100100311,2016년 10월 21일 13시,금요일,전라남도 광양시 광양읍,경상사고,0,0,2,0,차대차 - 측면직각충돌,안전운전불이행,건조,맑음,기타 - 기타,승용,남,27세,상해없음,승용,남,33세,상해없음
2016102100100377,2016년 10월 21일 15시,금요일,전라남도 해남군 해남읍,경상사고,0,0,2,0,차대차 - 정면충돌,안전운전불이행,건조,맑음,단일로 - 기타,승용,여,27세,경상,승합,남,46세,상해없음
2016102100100378,2016년 10월 21일 15시,금요일,전라남도 영암군 군서면,경상사고,0,0,1,0,차대차 - 정면충돌,안전운전불이행,습기,흐림,단일로 - 기타,화물,남,55세,상해없음,이륜,남,79세,경상
2016102100100379,2016년 10월 21일 15시,금요일,전라남도 영암군 서호면,경상사고,0,0,1,0,차대차 - 측면직각충돌,안전운전불이행,건조,흐림,교차로 - 교차로안,원동기,남,79세,경상,승용,남,64세,상해없음
2016102100100513,2016년 10월 21일 18시,금요일,전라남도 여수시 학동,경상사고,0,0,1,0,차대사람 - 횡단중,안전운전불이행,건조,맑음,교차로 - 교차로부근,승용,남,63세,상해없음,보행자,여,53세,경상
2016102100100514,2016년 10월 21일 18시,금요일,전라남도 순천시 해룡면,경상사고,0,0,1,0,차대차 - 추돌,안전운전불이행,건조,맑음,단일로 - 기타,승합,남,55세,상해없음,승용,남,33세,경상
2016102100100515,2016년 10월 21일 18시,금요일,전라남도 광양시 옥곡면,경상사고,0,0,1,0,차량단독 - 기타,안전운전불이행,건조,맑음,단일로 - 기타,화물,남,60세,경상,,,,
2016102100100582,2016년 10월 21일 19시,금요일,전라남도 나주시 산포면,경상사고,0,0,3,1,차대차 - 추돌,안전거리미확보,건조,맑음,단일로 - 기타,화물,남,51세,부상신고,승용,남,38세,경상
2016102100100583,2016년 10월 21일 19시,금요일,전라남도 화순군 화순읍,경상사고,0,0,5,0,차대차 - 측면충돌,직진우회전진행방해,건조,맑음,교차로 - 교차로안,승용,여,48세,경상,화물,남,75세,경상
2016102100100691,2016년 10월 21일 21시,금요일,전라남도 목포시 달동,경상사고,0,0,2,0,차대차 - 추돌,안전운전불이행,건조,맑음,단일로 - 기타,승용,남,25세,경상,승용,여,41세,경상
2016102100100726,2016년 10월 21일 22시,금요일,전라남도 목포시 석현동,경상사고,0,0,2,0,차대차 - 측면직각충돌,차로위반,건조,맑음,단일로 - 기타,승용,남,49세,상해없음,승용,여,42세,경상
2016102100100756,2016년 10월 21일 23시,금요일,전라남도 여수시 학동,경상사고,0,0,2,0,차대차 - 측면직각충돌,차로위반,건조,맑음,교차로 - 교차로부근,승용,여,63세,경상,승용,남,29세,경상
2016102200100043,2016년 10월 22일 02시,토요일,전라남도 여수시 충무동,경상사고,0,0,1,0,차대차 - 측면직각충돌,안전운전불이행,건조,맑음,교차로 - 교차로안,승용,남,31세,상해없음,승용,남,49세,경상
2016102200100074,2016년 10월 22일 05시,토요일,전라남도 광양시 중군동,부상신고사고,0,0,0,1,차량단독 - 공작물충돌,안전운전불이행,습기,흐림,단일로 - 기타,승용,남,27세,부상신고,,,,
2016102200100108,2016년 10월 22일 07시,토요일,전라남도 여수시 선원동,경상사고,0,0,1,0,차대차 - 정면충돌,교차로운행방법위반,건조,맑음,교차로 - 교차로부근,화물,남,68세,상해없음,승용,남,34세,경상
2016102200100149,2016년 10월 22일 09시,토요일,전라남도 여수시 율촌면,경상사고,0,0,2,0,차대차 - 추돌,안전운전불이행,건조,맑음,단일로 - 터널,승용,남,37세,상해없음,화물,남,26세,경상
2016102200100150,2016년 10월 22일 09시,토요일,전라남도 순천시 조례동,중상사고,0,1,4,0,차대차 - 측면직각충돌,교차로운행방법위반,건조,흐림,교차로 - 교차로안,승용,남,25세,경상,승용,여,44세,중상
2016102200100175,2016년 10월 22일 10시,토요일,전라남도 목포시 옥암동,중상사고,0,1,1,0,차대차 - 측면충돌,안전운전불이행,건조,맑음,단일로 - 기타,승용,남,62세,상해없음,승용,여,41세,경상
2016102200100176,2016년 10월 22일 10시,토요일,전라남도 목포시 석현동,경상사고,0,0,1,0,차대차 - 추돌,안전거리미확보,건조,맑음,교차로 - 교차로부근,승용,남,55세,상해없음,승용,여,58세,경상
2016102200100177,2016년 10월 22일 10시,토요일,전라남도 목포시 석현동,경상사고,0,0,2,0,차대차 - 측면충돌,차로위반,건조,맑음,단일로 - 기타,승용,여,61세,경상,화물,남,47세,경상
2016102200100281,2016년 10월 22일 13시,토요일,전라남도 강진군 강진읍,경상사고,0,0,1,0,차대차 - 기타,안전운전불이행,건조,맑음,단일로 - 기타,원동기,남,82세,경상,화물,남,52세,상해없음
2016102200100314,2016년 10월 22일 14시,토요일,전라남도 목포시 산정동,부상신고사고,0,0,0,1,차대차 - 추돌,안전운전불이행,건조,맑음,단일로 - 기타,기타불명,기타불명,기타불명,기타불명,승용,여,52세,부상신고
2016102200100315,2016년 10월 22일 14시,토요일,전라남도 나주시 송월동,경상사고,0,0,1,0,차대사람 - 횡단중,보행자보호의무위반,건조,맑음,단일로 - 횡단보도상,승용,여,44세,상해없음,보행자,남,5세,경상
2016102200100358,2016년 10월 22일 15시,토요일,전라남도 여수시 신기동,경상사고,0,0,2,0,차대사람 - 횡단중,안전운전불이행,건조,맑음,교차로 - 교차로부근,승용,여,48세,상해없음,보행자,여,33세,경상
2016102200100425,2016년 10월 22일 17시,토요일,전라남도 화순군 화순읍,경상사고,0,0,3,0,차대차 - 기타,안전거리미확보,건조,맑음,단일로 - 기타,승용,남,69세,경상,승용,남,38세,경상
2016102200100426,2016년 10월 22일 17시,토요일,전라남도 담양군 담양읍,경상사고,0,0,2,0,차대차 - 측면직각충돌,안전운전불이행,건조,맑음,교차로 - 교차로안,화물,남,55세,경상,승용,남,37세,경상
2016102200100471,2016년 10월 22일 18시,토요일,전라남도 여수시 여서동,경상사고,0,0,1,0,차대사람 - 횡단중,안전운전불이행,건조,맑음,단일로 - 기타,승용,남,63세,상해없음,보행자,남,17세,경상
2016102200100472,2016년 10월 22일 18시,토요일,전라남도 여수시 여서동,중상사고,0,1,0,0,차대사람 - 길가장자리구역통행중,안전운전불이행,건조,맑음,단일로 - 기타,승용,여,30세,상해없음,보행자,남,49세,중상
2016102200100473,2016년 10월 22일 18시,토요일,전라남도 영암군 덕진면,중상사고,0,2,0,0,차대사람 - 길가장자리구역통행중,안전운전불이행,건조,맑음,교차로 - 교차로부근,이륜,남,57세,중상,보행자,여,63세,중상
2016102200100474,2016년 10월 22일 18시,토요일,전라남도 강진군 강진읍,경상사고,0,0,1,0,차대차 - 추돌,안전운전불이행,건조,맑음,단일로 - 기타,승용,여,48세,경상,농기계,남,43세,기타불명
2016102200100532,2016년 10월 22일 19시,토요일,전라남도 함평군 학교면,경상사고,0,0,1,0,차대차 - 측면충돌,신호위반,건조,맑음,교차로 - 교차로안,원동기,남,46세,상해없음,승용,여,61세,상해없음
2016102200100559,2016년 10월 22일 20시,토요일,전라남도 영암군 시종면,경상사고,0,0,5,0,차대차 - 정면충돌,중앙선침범,건조,맑음,교차로 - 교차로부근,화물,남,50세,기타불명,승용,여,50세,경상
2016102200100583,2016년 10월 22일 21시,토요일,전라남도 여수시 월하동,중상사고,0,1,0,0,차대사람 - 횡단중,안전운전불이행,건조,맑음,교차로 - 교차로안,승용,남,42세,상해없음,보행자,남,55세,중상
2016102200100616,2016년 10월 22일 22시,토요일,전라남도 나주시 금성동,경상사고,0,0,3,0,차대차 - 추돌,안전운전불이행,건조,맑음,교차로 - 교차로부근,승용,남,28세,상해없음,승용,여,24세,경상
2016102200100635,2016년 10월 22일 23시,토요일,전라남도 순천시 조례동,경상사고,0,0,1,0,차대차 - 추돌,안전운전불이행,건조,맑음,단일로 - 기타,원동기,남,17세,상해없음,원동기,남,37세,경상
2016102300100077,2016년 10월 23일 05시,일요일,전라남도 광양시 진월면,경상사고,0,0,1,0,차대차 - 추돌,안전운전불이행,건조,맑음,단일로 - 기타,승용,남,41세,경상,건설기계,남,60세,상해없음
2016102300100136,2016년 10월 23일 09시,일요일,전라남도 고흥군 도양읍,경상사고,0,0,1,0,차대차 - 측면직각충돌,안전운전불이행,습기,비,교차로 - 교차로안,승용,남,64세,상해없음,농기계,남,70세,경상
2016102300100157,2016년 10월 23일 10시,일요일,전라남도 고흥군 도화면,중상사고,0,1,0,0,차대사람 - 횡단중,안전운전불이행,건조,흐림,단일로 - 기타,화물,남,57세,상해없음,보행자,여,10세,중상
2016102300100218,2016년 10월 23일 13시,일요일,전라남도 해남군 화원면,경상사고,0,0,1,0,차대차 - 정면충돌,교차로운행방법위반,건조,맑음,교차로 - 교차로안,승용,남,41세,상해없음,이륜,남,69세,경상
2016102300100247,2016년 10월 23일 14시,일요일,전라남도 목포시 산정동,경상사고,0,0,1,0,차대차 - 측면직각충돌,안전운전불이행,건조,맑음,교차로 - 교차로안,이륜,남,30세,경상,승용,남,46세,상해없음
2016102300100269,2016년 10월 23일 15시,일요일,전라남도 순천시 연향동,경상사고,0,0,1,0,차대차 - 추돌,안전운전불이행,건조,맑음,단일로 - 기타,승용,남,46세,상해없음,승용,남,35세,상해없음
2016102300100270,2016년 10월 23일 15시,일요일,전라남도 장흥군 대덕읍,중상사고,0,2,2,0,차량단독 - 공작물충돌,안전운전불이행,건조,맑음,단일로 - 기타,승용,남,50세,경상,,,,
2016102300100271,2016년 10월 23일 15시,일요일,전라남도 화순군 화순읍,부상신고사고,0,0,0,1,차대차 - 기타,안전운전불이행,건조,맑음,단일로 - 기타,자전거,남,15세,부상신고,기타불명,기타불명,기타불명,기타불명
2016102300100308,2016년 10월 23일 16시,일요일,전라남도 광양시 옥룡면,사망사고,1,0,0,0,차대차 - 추돌,안전운전불이행,건조,맑음,단일로 - 기타,승용,남,48세,사망,원동기,여,69세,기타불명
2016102300100309,2016년 10월 23일 16시,일요일,전라남도 광양시 금호동,경상사고,0,0,1,0,차대차 - 추돌,기타,건조,맑음,단일로 - 교량,승용,남,25세,상해없음,승용,남,30세,상해없음
2016102300100349,2016년 10월 23일 17시,일요일,전라남도 여수시 여서동,중상사고,0,1,0,0,차대차 - 측면직각충돌,교차로운행방법위반,건조,맑음,교차로 - 교차로안,승용,남,70세,기타불명,원동기,남,41세,중상
2016102300100400,2016년 10월 23일 18시,일요일,전라남도 나주시 금천면,부상신고사고,0,0,0,1,차량단독 - 공작물충돌,안전운전불이행,습기,비,단일로 - 기타,이륜,남,29세,부상신고,,,,
2016102300100453,2016년 10월 23일 19시,일요일,전라남도 목포시 산정동,경상사고,0,0,1,0,차대사람 - 길가장자리구역통행중,안전운전불이행,습기,비,단일로 - 기타,이륜,남,16세,상해없음,보행자,여,59세,경상
2016102300100454,2016년 10월 23일 19시,일요일,전라남도 나주시 중앙동,경상사고,0,0,1,0,차대사람 - 차도통행중,안전운전불이행,습기,비,단일로 - 기타,승합,남,56세,상해없음,보행자,남,45세,경상
2016102300100455,2016년 10월 23일 19시,일요일,전라남도 고흥군 대서면,사망사고,1,1,2,0,차량단독 - 전도전복,안전운전불이행,건조,맑음,단일로 - 기타,승용,남,43세,사망,,,,
2016102300100456,2016년 10월 23일 19시,일요일,전라남도 광양시 광양읍,중상사고,0,1,0,0,차대사람 - 횡단중,보행자보호의무위반,건조,맑음,단일로 - 기타,승용,남,21세,상해없음,보행자,남,5세,중상
2016102300100484,2016년 10월 23일 20시,일요일,전라남도 나주시 남평읍,사망사고,1,0,0,0,차대사람 - 차도통행중,안전운전불이행,습기,비,단일로 - 기타,화물,남,47세,상해없음,보행자,남,16세,사망
2016102300100485,2016년 10월 23일 20시,일요일,전라남도 담양군 남면,중상사고,0,1,0,0,차량단독 - 공작물충돌,안전운전불이행,습기,비,단일로 - 기타,승용,남,55세,중상,,,,
2016102300100524,2016년 10월 23일 21시,일요일,전라남도 여수시 돌산읍,경상사고,0,0,2,0,차대차 - 측면충돌,중앙선침범,건조,맑음,단일로 - 기타,승용,남,24세,상해없음,승용,남,34세,경상
2016102400100017,2016년 10월 24일 02시,월요일,전라남도 순천시 조곡동,중상사고,0,1,2,0,차대차 - 측면충돌,교차로운행방법위반,건조,맑음,교차로 - 교차로안,승용,여,46세,상해없음,승합,남,59세,경상
2016102400100022,2016년 10월 24일 03시,월요일,전라남도 순천시 조례동,경상사고,0,0,1,0,차대차 - 추돌,안전운전불이행,건조,맑음,교차로 - 교차로부근,승용,남,28세,상해없음,승용,남,29세,경상
2016102400100055,2016년 10월 24일 06시,월요일,전라남도 나주시 문평면,경상사고,0,0,1,0,차량단독 - 공작물충돌,안전운전불이행,습기,비,단일로 - 기타,승용,남,20세,상해없음,,,,
2016102400100139,2016년 10월 24일 08시,월요일,전라남도 목포시 상동,경상사고,0,0,3,0,차대차 - 추돌,안전운전불이행,건조,맑음,기타 - 기타,승용,여,51세,상해없음,승용,여,34세,경상
2016102400100140,2016년 10월 24일 08시,월요일,전라남도 순천시 조례동,경상사고,0,0,2,0,차대차 - 추돌,안전거리미확보,건조,맑음,단일로 - 기타,승용,남,47세,상해없음,승용,남,42세,경상
2016102400100141,2016년 10월 24일 08시,월요일,전라남도 순천시 연향동,경상사고,0,0,1,0,차대차 - 추돌,안전운전불이행,건조,맑음,교차로 - 교차로부근,승용,남,24세,상해없음,승용,남,51세,경상
2016102400100142,2016년 10월 24일 08시,월요일,전라남도 광양시 중동,중상사고,0,1,0,0,차대사람 - 기타,안전운전불이행,건조,맑음,단일로 - 기타,승용,여,52세,상해없음,보행자,여,12세,중상
2016102400100184,2016년 10월 24일 09시,월요일,전라남도 목포시 용당동,경상사고,0,0,1,0,차대사람 - 길가장자리구역통행중,안전운전불이행,건조,맑음,단일로 - 기타,기타불명,기타불명,기타불명,기타불명,보행자,남,56세,경상
2016102400100212,2016년 10월 24일 10시,월요일,전라남도 보성군 보성읍,경상사고,0,0,1,0,차대사람 - 횡단중,보행자보호의무위반,건조,맑음,교차로 - 교차로안,화물,남,43세,상해없음,보행자,남,78세,경상
2016102400100246,2016년 10월 24일 11시,월요일,전라남도 목포시 산정동,경상사고,0,0,1,0,차대사람 - 횡단중,불법유턴,건조,흐림,단일로 - 기타,승용,남,51세,상해없음,보행자,남,22세,경상
2016102400100247,2016년 10월 24일 11시,월요일,전라남도 광양시 중동,경상사고,0,0,2,0,차대차 - 측면충돌,교차로운행방법위반,건조,맑음,교차로 - 교차로안,화물,남,28세,상해없음,승용,남,59세,경상
2016102400100279,2016년 10월 24일 12시,월요일,전라남도 목포시 상동,경상사고,0,0,2,0,차대차 - 추돌,안전운전불이행,건조,맑음,교차로 - 교차로안,특수,남,34세,상해없음,승용,여,55세,경상
2016102400100280,2016년 10월 24일 12시,월요일,전라남도 나주시 빛가람동,경상사고,0,0,1,0,차대차 - 측면충돌,안전운전불이행,건조,맑음,교차로 - 교차로안,승합,남,38세,상해없음,승용,여,30세,경상
2016102400100347,2016년 10월 24일 14시,월요일,전라남도 목포시 옥암동,경상사고,0,0,1,0,차대차 - 측면충돌,안전운전불이행,건조,맑음,단일로 - 기타,승용,여,43세,상해없음,승용,여,52세,경상
2016102400100348,2016년 10월 24일 14시,월요일,전라남도 화순군 화순읍,경상사고,0,0,2,0,차대차 - 기타,안전운전불이행,건조,맑음,교차로 - 교차로부근,승용,남,36세,상해없음,승용,남,31세,경상
2016102400100391,2016년 10월 24일 15시,월요일,전라남도 여수시 문수동,중상사고,0,1,1,0,차대사람 - 횡단중,보행자보호의무위반,건조,맑음,단일로 - 기타,승용,남,36세,상해없음,보행자,여,63세,중상
2016102400100392,2016년 10월 24일 15시,월요일,전라남도 나주시 송월동,경상사고,0,0,1,0,차량단독 - 전도전복,안전운전불이행,건조,맑음,단일로 - 기타,원동기,남,57세,경상,,,,
2016102400100393,2016년 10월 24일 15시,월요일,전라남도 장흥군 안양면,사망사고,1,0,0,0,차량단독 - 기타,안전운전불이행,건조,맑음,교차로 - 교차로부근,농기계,남,57세,상해없음,,,,
2016102400100394,2016년 10월 24일 15시,월요일,전라남도 함평군 엄다면,중상사고,0,1,0,0,차대차 - 측면충돌,안전운전불이행,건조,맑음,교차로 - 교차로안,승합,남,42세,상해없음,이륜,여,83세,중상
2016102400100434,2016년 10월 24일 16시,월요일,전라남도 목포시 산정동,경상사고,0,0,1,0,차대차 - 기타,안전운전불이행,건조,맑음,단일로 - 기타,승용,남,62세,상해없음,자전거,남,37세,경상
2016102400100435,2016년 10월 24일 16시,월요일,전라남도 목포시 산정동,경상사고,0,0,1,0,차대차 - 추돌,신호위반,건조,맑음,교차로 - 교차로부근,화물,남,65세,기타불명,이륜,남,71세,경상
2016102400100436,2016년 10월 24일 16시,월요일,전라남도 순천시 연향동,경상사고,0,0,1,0,차대차 - 측면직각충돌,직진우회전진행방해,건조,맑음,교차로 - 교차로안,승용,남,56세,상해없음,원동기,남,17세,경상
2016102400100437,2016년 10월 24일 16시,월요일,전라남도 영광군 백수읍,사망사고,1,0,0,0,차량단독 - 전도전복,안전운전불이행,건조,맑음,단일로 - 기타,이륜,여,83세,사망,,,,