사고번호,사고일시,요일,시군구,사고내용,사망자수,중상자수,경상자수,부상신고자수,사고유형,법규위반,노면상태,기상상태,도로형태,가해운전자 차종,가해운전자 성별,가해운전자 연령,가해운전자 상해정도,피해운전자 차종,피해운전자 성별,피해운전자 연령,피해운전자 상해정도
2016102400100438,2016년 10월 24일 16시,월요일,전라남도 함평군 엄다면,경상사고,0,0,1,0,차대차 - 추돌,안전운전불이행,건조,맑음,교차로 - 교차로안,승용,남,78세,상해없음,화물,남,61세,경상
2016102400100487,2016년 10월 24일 17시,월요일,전라남도 여수시 연등동,경상사고,0,0,1,0,차대사람 - 기타,기타,건조,맑음,단일로 - 기타,승합,남,44세,상해없음,보행자,여,13세,경상
2016102400100488,2016년 10월 24일 17시,월요일,전라남도 고흥군 대서면,중상사고,0,1,0,0,차대차 - 측면직각충돌,안전운전불이행,건조,맑음,교차로 - 교차로부근,농기계,남,59세,상해없음,자전거,남,82세,중상
2016102400100545,2016년 10월 24일 18시,월요일,전라남도 여수시 미평동,경상사고,0,0,1,0,차대사람 - 횡단중,안전운전불이행,건조,맑음,단일로 - 기타,승용,여,56세,상해없음,보행자,여,74세,경상
2016102400100546,2016년 10월 24일 18시,월요일,전라남도 순천시 해룡면,경상사고,0,0,1,0,차대차 - 측면충돌,안전운전불이행,건조,맑음,단일로 - 기타,승용,남,53세,상해없음,화물,남,43세,경상
2016102400100547,2016년 10월 24일 18시,월요일,전라남도 광양시 중동,중상사고,0,1,0,0,차대차 - 측면충돌,교차로운행방법위반,건조,맑음,교차로 - 교차로부근,승용,여,23세,상해없음,원동기,여,69세,중상
2016102400100593,2016년 10월 24일 19시,월요일,전라남도 목포시 옥암동,중상사고,0,1,0,0,차대차 - 측면직각충돌,직진우회전진행방해,건조,흐림,교차로 - 교차로부근,승용,남,53세,상해없음,자전거,남,15세,중상
2016102400100654,2016년 10월 24일 21시,월요일,전라남도 순천시 조례동,중상사고,0,2,2,0,차대차 - 측면충돌,신호위반,건조,맑음,교차로 - 교차로안,승용,여,29세,경상,승용,남,47세,중상
2016102400100684,2016년 10월 24일 22시,월요일,전라남도 여수시 신기동,경상사고,0,0,1,0,차대차 - 정면충돌,안전운전불이행,건조,맑음,교차로 - 교차로부근,승용,남,25세,기타불명,승용,여,45세,경상
2016102500100024,2016년 10월 25일 01시,화요일,전라남도 목포시 옥암동,경상사고,0,0,2,0,차대차 - 측면충돌,교차로운행방법위반,기타,안개,교차로 - 교차로안,승용,남,65세,상해없음,승용,남,34세,경상
2016102500100072,2016년 10월 25일 04시,화요일,전라남도 목포시 용당동,경상사고,0,0,3,0,차대차 - 추돌,직진우회전진행방해,건조,흐림,교차로 - 교차로안,승합,남,67세,상해없음,승용,남,53세,상해없음
2016102500100127,2016년 10월 25일 07시,화요일,전라남도 목포시 산정동,경상사고,0,0,1,0,차대차 - 측면직각충돌,안전운전불이행,건조,맑음,단일로 - 기타,승용,여,38세,상해없음,승용,여,43세,경상
2016102500100128,2016년 10월 25일 07시,화요일,전라남도 여수시 신기동,경상사고,0,0,1,0,차대사람 - 기타,안전운전불이행,건조,맑음,단일로 - 기타,승용,남,34세,상해없음,보행자,여,60세,경상
2016102500100129,2016년 10월 25일 07시,화요일,전라남도 나주시 성북동,경상사고,0,0,3,0,차대차 - 측면충돌,직진우회전진행방해,건조,맑음,교차로 - 교차로부근,승용,여,48세,경상,화물,남,58세,상해없음
2016102500100172,2016년 10월 25일 08시,화요일,전라남도 목포시 산정동,경상사고,0,0,1,0,차대차 - 추돌,안전운전불이행,건조,맑음,교차로 - 교차로안,화물,남,56세,상해없음,승용,남,58세,경상
2016102500100216,2016년 10월 25일 09시,화요일,전라남도 신안군 팔금면,경상사고,0,0,2,0,차대차 - 측면충돌,직진우회전진행방해,습기,비,교차로 - 교차로안,승합,남,46세,상해없음,승용,여,37세,경상
2016102500100217,2016년 10월 25일 09시,화요일,전라남도 여수시 신기동,경상사고,0,0,1,0,차대차 - 추돌,안전운전불이행,건조,맑음,단일로 - 기타,승용,남,59세,상해없음,승합,남,50세,상해없음
2016102500100219,2016년 10월 25일 09시,화요일,전라남도 보성군 벌교읍,중상사고,0,1,0,0,차대차 - 추돌,안전거리미확보,습기,비,단일로 - 기타,화물,남,56세,상해없음,이륜,남,75세,중상
2016102500100220,2016년 10월 25일 09시,화요일,전라남도 강진군 강진읍,경상사고,0,0,7,0,차대차 - 기타,신호위반,습기,비,교차로 - 교차로안,승용,여,53세,경상,승합,남,27세,경상
2016102500100221,2016년 10월 25일 09시,화요일,전라남도 진도군 지산면,경상사고,0,0,1,0,차대차 - 추돌,안전운전불이행,습기,비,단일로 - 기타,승용,여,66세,경상,화물,남,59세,상해없음
2016102500100258,2016년 10월 25일 10시,화요일,전라남도 영암군 학산면,중상사고,0,1,0,0,차량단독 - 전도전복,안전운전불이행,습기,비,단일로 - 기타,승용,여,26세,중상,,,,
2016102500100259,2016년 10월 25일 10시,화요일,전라남도 영암군 삼호읍,중상사고,0,1,0,0,차량단독 - 전도전복,안전운전불이행,습기,비,단일로 - 기타,화물,남,52세,중상,,,,
2016102500100348,2016년 10월 25일 13시,화요일,전라남도 순천시 덕월동,경상사고,0,0,1,0,차대차 - 측면충돌,안전운전불이행,습기,비,단일로 - 기타,승용,남,28세,상해없음,승용,여,52세,상해없음
2016102500100377,2016년 10월 25일 14시,화요일,전라남도 화순군 화순읍,경상사고,0,0,1,0,차대차 - 측면직각충돌,안전운전불이행,건조,맑음,단일로 - 기타,승용,남,67세,상해없음,승용,여,37세,경상
2016102500100378,2016년 10월 25일 14시,화요일,전라남도 완도군 고금면,중상사고,0,2,0,0,차대차 - 추돌,안전운전불이행,건조,맑음,단일로 - 기타,승용,여,46세,상해없음,승용,남,46세,중상
2016102500100406,2016년 10월 25일 15시,화요일,전라남도 목포시 옥암동,경상사고,0,0,1,0,차대차 - 추돌,안전운전불이행,건조,맑음,단일로 - 기타,승용,남,61세,경상,화물,남,41세,상해없음
2016102500100435,2016년 10월 25일 16시,화요일,전라남도 해남군 황산면,경상사고,0,0,3,1,차대차 - 측면직각충돌,직진우회전진행방해,건조,맑음,교차로 - 교차로안,화물,남,52세,부상신고,승용,남,40세,경상
2016102500100436,2016년 10월 25일 16시,화요일,전라남도 함평군 함평읍,경상사고,0,0,1,1,차대차 - 측면직각충돌,안전운전불이행,건조,맑음,단일로 - 기타,화물,남,25세,경상,승용,남,45세,부상신고
2016102500100437,2016년 10월 25일 16시,화요일,전라남도 강진군 강진읍,중상사고,0,1,0,0,차대차 - 측면직각충돌,신호위반,건조,맑음,교차로 - 교차로안,자전거,남,69세,중상,승용,여,30세,상해없음
2016102500100438,2016년 10월 25일 16시,화요일,전라남도 광양시 중동,경상사고,0,0,1,0,차대사람 - 기타,안전운전불이행,건조,맑음,교차로 - 교차로안,승합,남,43세,상해없음,보행자,남,11세,경상
2016102500100483,2016년 10월 25일 17시,화요일,전라남도 장흥군 장평면,경상사고,0,0,1,0,차량단독 - 전도전복,안전운전불이행,건조,맑음,단일로 - 기타,승용,남,69세,경상,,,,
2016102500100484,2016년 10월 25일 17시,화요일,전라남도 화순군 화순읍,중상사고,0,1,1,0,차대차 - 측면충돌,안전운전불이행,건조,맑음,단일로 - 기타,승용,남,55세,상해없음,승용,남,45세,중상
2016102500100485,2016년 10월 25일 17시,화요일,전라남도 무안군 삼향읍,경상사고,0,0,1,0,차대사람 - 보도통행중,보행자보호의무위반,건조,맑음,단일로 - 횡단보도상,승용,여,27세,상해없음,보행자,여,35세,경상
2016102500100486,2016년 10월 25일 17시,화요일,전라남도 광양시 광양읍,중상사고,0,1,0,0,차대차 - 측면충돌,안전운전불이행,건조,맑음,교차로 - 교차로안,화물,여,52세,상해없음,원동기,남,68세,중상
2016102500100589,2016년 10월 25일 19시,화요일,전라남도 목포시 옥암동,중상사고,0,1,1,0,차대차 - 측면충돌,안전운전불이행,건조,맑음,단일로 - 기타,승용,여,38세,상해없음,승용,남,37세,상해없음
2016102500100590,2016년 10월 25일 19시,화요일,전라남도 구례군 용방면,경상사고,0,0,2,0,차대차 - 측면직각충돌,불법유턴,건조,맑음,단일로 - 기타,승용,남,70세,상해없음,승용,남,56세,경상
2016102500100623,2016년 10월 25일 20시,화요일,전라남도 목포시 상동,경상사고,0,0,1,0,차대차 - 기타,기타,건조,맑음,교차로 - 교차로안,승용,남,47세,상해없음,이륜,남,43세,경상
2016102500100657,2016년 10월 25일 21시,화요일,전라남도 목포시 산정동,경상사고,0,0,1,0,차대사람 - 횡단중,안전운전불이행,건조,맑음,단일로 - 기타,승용,남,18세,상해없음,보행자,여,42세,경상
2016102500100658,2016년 10월 25일 21시,화요일,전라남도 나주시 삼영동,경상사고,0,0,1,0,차대차 - 측면직각충돌,직진우회전진행방해,건조,맑음,교차로 - 교차로안,승용,남,44세,상해없음,승용,남,23세,경상
2016102500100681,2016년 10월 25일 22시,화요일,전라남도 영광군 영광읍,경상사고,0,0,1,0,차대사람 - 횡단중,안전운전불이행,건조,맑음,단일로 - 기타,승용,여,26세,상해없음,보행자,여,15세,경상
2016102500100682,2016년 10월 25일 22시,화요일,전라남도 광양시 마동,중상사고,0,2,0,0,차대차 - 추돌,안전운전불이행,건조,맑음,교차로 - 교차로부근,승용,남,43세,상해없음,승용,남,52세,중상
2016102500100712,2016년 10월 25일 23시,화요일,전라남도 목포시 연산동,경상사고,0,0,3,0,차대차 - 측면충돌,안전운전불이행,건조,맑음,단일로 - 기타,승용,여,27세,상해없음,승용,남,47세,경상
2016102500100713,2016년 10월 25일 23시,화요일,전라남도 목포시 산정동,경상사고,0,0,1,0,차대사람 - 기타,안전운전불이행,건조,맑음,기타 - 기타,승용,남,57세,상해없음,보행자,여,46세,경상
2016102600100030,2016년 10월 26일 01시,수요일,전라남도 여수시 학동,경상사고,0,0,2,0,차대차 - 측면직각충돌,교차로운행방법위반,건조,맑음,교차로 - 교차로안,승용,남,21세,상해없음,승용,여,37세,상해없음
2016102600100059,2016년 10월 26일 03시,수요일,전라남도 곡성군 겸면,사망사고,1,1,0,0,차량단독 - 공작물충돌,안전운전불이행,습기,안개,교차로 - 교차로부근,승용,남,71세,사망,,,,
2016102600100071,2016년 10월 26일 04시,수요일,전라남도 화순군 화순읍,경상사고,0,0,1,0,차대차 - 추돌,안전운전불이행,건조,맑음,단일로 - 기타,승용,남,44세,상해없음,건설기계,남,54세,경상
2016102600100099,2016년 10월 26일 06시,수요일,전라남도 장흥군 회진면,경상사고,0,0,1,0,차량단독 - 전도전복,안전운전불이행,건조,맑음,단일로 - 기타,이륜,남,70세,경상,,,,
2016102600100120,2016년 10월 26일 07시,수요일,전라남도 목포시 상동,중상사고,0,2,0,0,차대차 - 추돌,안전운전불이행,건조,맑음,교차로 - 교차로안,승용,여,37세,상해없음,이륜,여,55세,중상
2016102600100121,2016년 10월 26일 07시,수요일,전라남도 광양시 중동,경상사고,0,0,1,0,차대차 - 측면충돌,교차로운행방법위반,건조,맑음,교차로 - 교차로안,승용,여,38세,상해없음,승용,남,29세,경상
2016102600100160,2016년 10월 26일 08시,수요일,전라남도 화순군 화순읍,중상사고,0,2,0,0,차대차 - 기타,안전운전불이행,건조,맑음,단일로 - 기타,화물,남,31세,상해없음,이륜,남,75세,중상
2016102600100204,2016년 10월 26일 09시,수요일,전라남도 나주시 중앙동,중상사고,0,1,0,0,차대사람 - 횡단중,안전운전불이행,건조,맑음,단일로 - 기타,승합,남,54세,상해없음,보행자,남,80세,중상
2016102600100205,2016년 10월 26일 09시,수요일,전라남도 장성군 장성읍,중상사고,0,2,0,0,차대차 - 측면충돌,교차로운행방법위반,건조,맑음,교차로 - 교차로안,승용,여,35세,상해없음,이륜,남,81세,중상
2016102600100206,2016년 10월 26일 09시,수요일,전라남도 강진군 성전면,경상사고,0,0,2,0,차대차 - 추돌,안전운전불이행,건조,맑음,단일로 - 기타,화물,남,35세,상해없음,승용,남,65세,경상
2016102600100207,2016년 10월 26일 09시,수요일,전라남도 무안군 운남면,경상사고,0,0,1,0,차대차 - 기타,안전운전불이행,건조,맑음,단일로 - 기타,화물,남,70세,기타불명,화물,남,55세,경상
2016102600100239,2016년 10월 26일 10시,수요일,전라남도 장흥군 안양면,경상사고,0,0,1,0,차대사람 - 기타,안전운전불이행,건조,맑음,기타 - 기타,승용,남,51세,상해없음,보행자,남,22세,경상
2016102600100272,2016년 10월 26일 11시,수요일,전라남도 영암군 삼호읍,중상사고,0,2,2,0,차대차 - 측면직각충돌,안전운전불이행,건조,맑음,교차로 - 교차로부근,승용,남,55세,중상,승용,여,45세,경상
2016102600100273,2016년 10월 26일 11시,수요일,전라남도 광양시 태인동,사망사고,1,0,0,0,차량단독 - 전도전복,안전운전불이행,건조,흐림,교차로 - 교차로부근,원동기,남,87세,사망,,,,
2016102600100298,2016년 10월 26일 12시,수요일,전라남도 장성군 황룡면,경상사고,0,0,3,0,차대차 - 측면충돌,직진우회전진행방해,건조,맑음,교차로 - 교차로안,승용,남,45세,경상,승용,남,23세,상해없음
2016102600100351,2016년 10월 26일 14시,수요일,전라남도 장흥군 관산읍,경상사고,0,0,1,0,차대차 - 정면충돌,중앙선침범,건조,맑음,단일로 - 기타,승합,남,49세,상해없음,화물,남,54세,경상
2016102600100352,2016년 10월 26일 14시,수요일,전라남도 강진군 신전면,경상사고,0,0,1,0,차량단독 - 전도전복,안전운전불이행,습기,비,단일로 - 기타,이륜,남,80세,경상,,,,
2016102600100353,2016년 10월 26일 14시,수요일,전라남도 구례군 구례읍,경상사고,0,0,1,0,차대사람 - 횡단중,불법유턴,건조,맑음,단일로 - 기타,승용,여,50세,상해없음,보행자,여,54세,경상
2016102600100389,2016년 10월 26일 15시,수요일,전라남도 영암군 미암면,경상사고,0,0,1,0,차대차 - 측면충돌,기타,건조,맑음,교차로 - 교차로안,승용,여,28세,상해없음,원동기,여,56세,경상
2016102600100390,2016년 10월 26일 15시,수요일,전라남도 무안군 삼향읍,경상사고,0,0,1,0,차대차 - 측면충돌,교차로운행방법위반,건조,맑음,교차로 - 교차로부근,건설기계,남,49세,상해없음,승용,여,45세,경상
2016102600100423,2016년 10월 26일 16시,수요일,전라남도 목포시 상동,경상사고,0,0,1,0,차대사람 - 횡단중,신호위반,건조,기타,교차로 - 교차로안,기타불명,기타불명,기타불명,기타불명,보행자,여,16세,경상
2016102600100424,2016년 10월 26일 16시,수요일,전라남도 광양시 광양읍,경상사고,0,0,1,0,차대사람 - 차도통행중,안전운전불이행,건조,맑음,단일로 - 기타,승용,여,48세,상해없음,보행자,남,6세,경상
2016102600100462,2016년 10월 26일 17시,수요일,전라남도 여수시 중흥동,중상사고,0,1,1,0,차대차 - 측면충돌,안전운전불이행,건조,맑음,단일로 - 기타,승용,남,65세,경상,승용,남,65세,중상
2016102600100463,2016년 10월 26일 17시,수요일,전라남도 해남군 황산면,중상사고,0,4,1,0,차대차 - 정면충돌,직진우회전진행방해,건조,흐림,단일로 - 기타,승용,남,75세,경상,승용,여,74세,중상
2016102600100522,2016년 10월 26일 18시,수요일,전라남도 나주시 빛가람동,경상사고,0,0,2,0,차대차 - 측면충돌,신호위반,기타,흐림,교차로 - 교차로안,승용,남,32세,경상,승용,남,34세,경상
2016102600100523,2016년 10월 26일 18시,수요일,전라남도 광양시 진상면,중상사고,0,1,0,0,차대사람 - 횡단중,교차로운행방법위반,건조,흐림,교차로 - 교차로안,화물,남,66세,상해없음,보행자,남,54세,중상
2016102600100574,2016년 10월 26일 19시,수요일,전라남도 순천시 서면,경상사고,0,0,1,0,차대차 - 기타,중앙선침범,건조,맑음,교차로 - 교차로부근,승용,남,55세,상해없음,승용,남,32세,경상
2016102600100575,2016년 10월 26일 19시,수요일,전라남도 해남군 송지면,경상사고,0,0,1,0,차대차 - 정면충돌,안전운전불이행,건조,맑음,단일로 - 기타,화물,남,54세,상해없음,화물,남,55세,상해없음
2016102600100618,2016년 10월 26일 20시,수요일,전라남도 목포시 상동,중상사고,0,1,0,0,차대사람 - 횡단중,보행자보호의무위반,건조,맑음,교차로 - 교차로부근,승용,남,55세,상해없음,보행자,여,49세,중상
2016102600100619,2016년 10월 26일 20시,수요일,전라남도 여수시 문수동,경상사고,0,0,1,0,차대차 - 측면직각충돌,교차로운행방법위반,건조,맑음,교차로 - 교차로안,승용,남,22세,상해없음,이륜,남,46세,경상
2016102600100620,2016년 10월 26일 20시,수요일,전라남도 순천시 조례동,부상신고사고,0,0,0,1,차대차 - 기타,안전운전불이행,건조,맑음,교차로 - 교차로안,기타불명,기타불명,기타불명,기타불명,이륜,남,29세,부상신고
2016102600100621,2016년 10월 26일 20시,수요일,전라남도 나주시 경현동,중상사고,0,1,0,0,차대차 - 측면충돌,안전운전불이행,건조,흐림,단일로 - 기타,승용,남,38세,상해없음,원동기,남,22세,중상
2016102600100622,2016년 10월 26일 20시,수요일,전라남도 완도군 금일읍,경상사고,0,0,1,0,차대차 - 정면충돌,안전운전불이행,건조,맑음,단일로 - 기타,화물,남,64세,상해없음,승용,여,63세,경상
2016102600100623,2016년 10월 26일 20시,수요일,전라남도 순천시 승주읍,중상사고,0,4,1,0,차대차 - 추돌,안전거리미확보,건조,맑음,단일로 - 기타,승용,남,42세,상해없음,승용,남,32세,중상
2016102600100673,2016년 10월 26일 22시,수요일,전라남도 여수시 소라면,경상사고,0,0,1,0,차대차 - 추돌,안전운전불이행,건조,맑음,단일로 - 기타,승용,남,64세,상해없음,승용,남,34세,상해없음
2016102600100674,2016년 10월 26일 22시,수요일,전라남도 함평군 월야면,경상사고,0,0,2,0,차대차 - 측면직각충돌,안전운전불이행,건조,맑음,단일로 - 기타,승용,남,55세,상해없음,승용,남,34세,경상
2016102700100059,2016년 10월 27일 05시,목요일,전라남도 광양시 광영동,경상사고,0,0,2,0,차대차 - 측면직각충돌,신호위반,건조,맑음,교차로 - 교차로안,승용,남,55세,상해없음,승용,남,39세,경상
2016102700100123,2016년 10월 27일 08시,목요일,전라남도 영암군 삼호읍,중상사고,0,1,1,0,차대차 - 측면직각충돌,안전운전불이행,건조,맑음,교차로 - 교차로안,승합,여,54세,중상,화물,남,58세,경상
2016102700100156,2016년 10월 27일 09시,목요일,전라남도 나주시 남평읍,경상사고,0,0,1,1,차대차 - 측면직각충돌,교차로운행방법위반,건조,맑음,교차로 - 교차로부근,승용,여,61세,부상신고,건설기계,남,45세,경상
2016102700100182,2016년 10월 27일 10시,목요일,전라남도 담양군 창평면,경상사고,0,0,2,0,차대차 - 측면직각충돌,불법유턴,건조,맑음,단일로 - 기타,승용,남,28세,상해없음,승용,여,53세,경상
2016102700100207,2016년 10월 27일 11시,목요일,전라남도 여수시 시전동,경상사고,0,0,1,0,차대차 - 측면직각충돌,교차로운행방법위반,건조,맑음,교차로 - 교차로안,승용,여,48세,상해없음,원동기,남,25세,경상
2016102700100223,2016년 10월 27일 12시,목요일,전라남도 여수시 신기동,경상사고,0,0,1,0,차대차 - 측면직각충돌,안전운전불이행,건조,맑음,교차로 - 교차로안,이륜,남,52세,경상,승용,여,55세,상해없음
2016102700100224,2016년 10월 27일 12시,목요일,전라남도 영암군 영암읍,중상사고,0,1,0,0,차대차 - 측면직각충돌,안전운전불이행,건조,맑음,교차로 - 교차로부근,이륜,남,65세,중상,화물,남,53세,상해없음
2016102700100309,2016년 10월 27일 15시,목요일,전라남도 목포시 죽교동,경상사고,0,0,1,0,차대사람 - 횡단중,안전운전불이행,건조,맑음,단일로 - 기타,이륜,남,41세,상해없음,보행자,여,18세,경상
2016102700100346,2016년 10월 27일 16시,목요일,전라남도 나주시 대호동,경상사고,0,0,2,1,차대차 - 측면충돌,신호위반,건조,맑음,교차로 - 교차로안,승용,남,77세,부상신고,승용,남,59세,경상
2016102700100347,2016년 10월 27일 16시,목요일,전라남도 해남군 황산면,경상사고,0,0,1,0,차대차 - 측면직각충돌,안전운전불이행,건조,맑음,단일로 - 기타,이륜,남,77세,경상,승용,남,80세,상해없음
2016102700100368,2016년 10월 27일 17시,목요일,전라남도 목포시 연산동,경상사고,0,0,3,0,차대차 - 측면충돌,안전운전불이행,건조,맑음,단일로 - 기타,승용,여,24세,경상,승용,남,36세,경상
2016102700100369,2016년 10월 27일 17시,목요일,전라남도 해남군 옥천면,경상사고,0,0,1,0,차대차 - 기타,안전운전불이행,건조,맑음,단일로 - 기타,이륜,남,35세,경상,승용,여,25세,상해없음
2016102700100370,2016년 10월 27일 17시,목요일,전라남도 무안군 현경면,경상사고,0,0,9,0,차대차 - 측면충돌,안전운전불이행,건조,맑음,교차로 - 교차로안,화물,남,47세,상해없음,승합,남,50세,경상
2016102700100371,2016년 10월 27일 17시,목요일,전라남도 광양시 도이동,부상신고사고,0,0,0,1,차대사람 - 횡단중,보행자보호의무위반,건조,맑음,교차로 - 교차로안,건설기계,남,45세,상해없음,보행자,남,80세,부상신고
2016102700100422,2016년 10월 27일 18시,목요일,전라남도 여수시 여서동,경상사고,0,0,1,0,차대차 - 측면직각충돌,교차로운행방법위반,건조,맑음,교차로 - 교차로안,승합,남,41세,상해없음,승용,남,38세,경상
2016102700100423,2016년 10월 27일 18시,목요일,전라남도 해남군 송지면,사망사고,1,0,0,0,차대사람 - 횡단중,안전운전불이행,건조,맑음,단일로 - 기타,승용,남,61세,상해없음,보행자,여,71세,사망
2016102700100424,2016년 10월 27일 18시,목요일,전라남도 해남군 삼산면,부상신고사고,0,0,0,1,차대차 - 추돌,안전운전불이행,건조,맑음,단일로 - 기타,승용,여,35세,부상신고,농기계,남,46세,상해없음
2016102700100425,2016년 10월 27일 18시,목요일,전라남도 광양시 중동,경상사고,0,0,3,0,차대차 - 추돌,안전운전불이행,건조,맑음,단일로 - 기타,승용,여,55세,경상,승용,남,37세,경상
2016102700100477,2016년 10월 27일 19시,목요일,전라남도 여수시 신기동,경상사고,0,0,4,0,차대차 - 정면충돌,안전거리미확보,건조,맑음,교차로 - 교차로안,승용,남,54세,상해없음,승용,여,46세,경상
2016102700100478,2016년 10월 27일 19시,목요일,전라남도 나주시 남평읍,중상사고,0,1,0,0,차대차 - 측면충돌,안전운전불이행,건조,맑음,단일로 - 기타,승합,남,76세,상해없음,자전거,남,53세,중상
2016102700100479,2016년 10월 27일 19시,목요일,전라남도 보성군 보성읍,경상사고,0,0,5,0,차대차 - 측면충돌,안전운전불이행,건조,맑음,교차로 - 교차로안,승용,남,56세,경상,승합,남,54세,경상
2016102700100514,2016년 10월 27일 20시,목요일,전라남도 여수시 봉산동,사망사고,1,0,0,0,차대사람 - 횡단중,안전운전불이행,건조,맑음,단일로 - 기타,승용,남,54세,상해없음,보행자,남,72세,사망
2016102800100011,2016년 10월 28일 00시,금요일,전라남도 목포시 상동,중상사고,0,1,0,0,차대차 - 정면충돌,안전운전불이행,건조,맑음,단일로 - 기타,승용,여,49세,중상,승용,남,45세,상해없음
2016102800100067,2016년 10월 28일 04시,금요일,전라남도 영암군 삼호읍,경상사고,0,0,1,0,차대차 - 측면직각충돌,안전운전불이행,습기,비,단일로 - 기타,승용,남,32세,경상,화물,남,76세,상해없음
2016102800100118,2016년 10월 28일 07시,금요일,전라남도 여수시 오림동,중상사고,0,1,0,0,차대사람 - 횡단중,안전운전불이행,건조,맑음,단일로 - 기타,승용,남,43세,상해없음,보행자,남,39세,중상
2016102800100119,2016년 10월 28일 07시,금요일,전라남도 순천시 송광면,중상사고,0,1,0,0,차대사람 - 기타,안전운전불이행,습기,비,교차로 - 교차로부근,승합,남,54세,상해없음,보행자,여,74세,중상
2016102800100145,2016년 10월 28일 08시,금요일,전라남도 화순군 화순읍,중상사고,0,1,3,0,차대차 - 추돌,안전거리미확보,습기,비,미분류 - 미분류,승용,남,31세,경상,승용,남,44세,경상
2016102800100146,2016년 10월 28일 08시,금요일,전라남도 광양시 광양읍,경상사고,0,0,3,0,차대차 - 추돌,안전운전불이행,습기,비,단일로 - 기타,승용,남,43세,경상,화물,남,53세,경상
2016102800100147,2016년 10월 28일 08시,금요일,전라남도 광양시 광양읍,경상사고,0,0,1,0,차대차 - 기타,차로위반,습기,비,단일로 - 기타,특수,남,68세,상해없음,승용,여,46세,경상
2016102800100188,2016년 10월 28일 09시,금요일,전라남도 광양시 성황동,중상사고,0,1,1,0,차대차 - 측면충돌,중앙선침범,습기,비,교차로 - 교차로부근,화물,남,59세,상해없음,승용,여,48세,경상
2016102800100259,2016년 10월 28일 12시,금요일,전라남도 순천시 왕지동,경상사고,0,0,1,0,차대차 - 측면충돌,안전운전불이행,건조,맑음,단일로 - 기타,승용,남,43세,상해없음,원동기,남,25세,경상
2016102800100260,2016년 10월 28일 12시,금요일,전라남도 무안군 해제면,경상사고,0,0,2,0,차대차 - 정면충돌,안전운전불이행,습기,비,단일로 - 기타,승용,여,36세,경상,승합,남,62세,경상
2016102800100261,2016년 10월 28일 12시,금요일,전라남도 나주시 공산면,경상사고,0,0,2,0,차대차 - 기타,안전운전불이행,건조,맑음,단일로 - 기타,승용,남,23세,상해없음,승용,여,34세,경상
2016102800100283,2016년 10월 28일 13시,금요일,전라남도 함평군 월야면,중상사고,0,1,0,0,차대사람 - 길가장자리구역통행중,안전운전불이행,건조,맑음,단일로 - 기타,화물,남,52세,상해없음,보행자,여,76세,중상
2016102800100316,2016년 10월 28일 14시,금요일,전라남도 영암군 영암읍,경상사고,0,0,3,0,차대차 - 측면직각충돌,기타,습기,흐림,교차로 - 교차로안,화물,남,61세,상해없음,승용,남,57세,경상
2016102800100387,2016년 10월 28일 16시,금요일,전라남도 목포시 상동,경상사고,0,0,2,0,차대차 - 측면충돌,중앙선침범,건조,맑음,단일로 - 기타,승용,남,78세,상해없음,승용,남,56세,경상
2016102800100388,2016년 10월 28일 16시,금요일,전라남도 순천시 풍덕동,경상사고,0,0,1,0,차대차 - 기타,교차로운행방법위반,건조,맑음,교차로 - 교차로안,승용,남,28세,상해없음,화물,남,22세,경상
2016102800100389,2016년 10월 28일 16시,금요일,전라남도 영암군 금정면,경상사고,0,0,1,0,차대차 - 정면충돌,중앙선침범,건조,맑음,단일로 - 기타,이륜,남,71세,경상,승용,남,52세,상해없음
2016102800100424,2016년 10월 28일 17시,금요일,전라남도 순천시 조례동,경상사고,0,0,1,0,차대차 - 측면충돌,안전운전불이행,건조,맑음,교차로 - 교차로안,원동기,남,28세,상해없음,승용,여,47세,경상
2016102800100474,2016년 10월 28일 18시,금요일,전라남도 순천시 황전면,중상사고,0,1,0,0,차량단독 - 공작물충돌,안전운전불이행,건조,맑음,단일로 - 기타,승용,남,27세,중상,,,,
2016102800100475,2016년 10월 28일 18시,금요일,전라남도 나주시 송월동,경상사고,0,0,1,0,차대차 - 측면충돌,중앙선침범,건조,맑음,단일로 - 기타,화물,남,57세,상해없음,원동기,남,29세,경상
2016102800100558,2016년 10월 28일 20시,금요일,전라남도 순천시 연향동,경상사고,0,0,1,0,차대차 - 기타,신호위반,건조,맑음,교차로 - 교차로안,승용,여,37세,경상,승용,남,60세,상해없음
2016102800100559,2016년 10월 28일 20시,금요일,전라남도 나주시 성북동,부상신고사고,0,0,0,1,차대차 - 정면충돌,안전운전불이행,건조,맑음,교차로 - 교차로안,승용,남,62세,부상신고,승용,남,24세,상해없음