사고번호,사고일시,요일,시군구,사고내용,사망자수,중상자수,경상자수,부상신고자수,사고유형,법규위반,노면상태,기상상태,도로형태,가해운전자 차종,가해운전자 성별,가해운전자 연령,가해운전자 상해정도,피해운전자 차종,피해운전자 성별,피해운전자 연령,피해운전자 상해정도
2016110200100372,2016년 11월 2일 15시,수요일,전라남도 강진군 병영면,경상사고,0,0,2,1,차대차 - 측면직각충돌,교차로운행방법위반,건조,맑음,교차로 - 교차로안,승합,남,62세,부상신고,화물,남,54세,경상
2016110200100481,2016년 11월 2일 18시,수요일,전라남도 목포시 석현동,경상사고,0,0,1,0,차대차 - 추돌,기타,건조,맑음,단일로 - 기타,승용,남,41세,경상,승용,남,41세,상해없음
2016110200100482,2016년 11월 2일 18시,수요일,전라남도 화순군 화순읍,중상사고,0,1,0,0,차대사람 - 횡단중,안전운전불이행,건조,맑음,단일로 - 횡단보도상,승합,여,46세,상해없음,보행자,남,73세,중상
2016110200100483,2016년 11월 2일 18시,수요일,전라남도 강진군 작천면,경상사고,0,0,1,0,차대사람 - 길가장자리구역통행중,안전운전불이행,건조,흐림,단일로 - 기타,승용,여,24세,상해없음,보행자,남,60세,경상
2016110200100524,2016년 11월 2일 19시,수요일,전라남도 해남군 해남읍,중상사고,0,1,0,0,차대사람 - 차도통행중,안전운전불이행,건조,맑음,교차로 - 교차로안,승용,남,67세,상해없음,보행자,남,15세,중상
2016110200100595,2016년 11월 2일 21시,수요일,전라남도 순천시 석현동,중상사고,0,1,0,0,차대차 - 측면충돌,중앙선침범,건조,맑음,교차로 - 교차로부근,승용,남,63세,상해없음,이륜,남,58세,중상
2016110200100620,2016년 11월 2일 22시,수요일,전라남도 목포시 옥암동,경상사고,0,0,3,0,차대차 - 기타,안전운전불이행,건조,맑음,단일로 - 기타,승용,남,38세,상해없음,승용,남,40세,경상
2016110300100056,2016년 11월 3일 04시,목요일,전라남도 여수시 오림동,중상사고,0,1,0,0,차대차 - 추돌,안전운전불이행,건조,맑음,교차로 - 교차로안,승합,남,68세,상해없음,자전거,남,67세,중상
2016110300100112,2016년 11월 3일 07시,목요일,전라남도 나주시 산포면,부상신고사고,0,0,0,1,차대차 - 측면충돌,안전운전불이행,건조,맑음,미분류 - 미분류,승용,남,50세,부상신고,화물,남,61세,상해없음
2016110300100146,2016년 11월 3일 08시,목요일,전라남도 나주시 산포면,경상사고,0,0,1,1,차대차 - 측면충돌,직진우회전진행방해,건조,맑음,교차로 - 교차로안,승용,여,32세,부상신고,승용,남,33세,경상
2016110300100178,2016년 11월 3일 09시,목요일,전라남도 화순군 화순읍,경상사고,0,0,1,0,차대차 - 추돌,안전거리미확보,건조,맑음,교차로 - 교차로안,승용,남,47세,상해없음,승용,남,41세,경상
2016110300100204,2016년 11월 3일 10시,목요일,전라남도 순천시 서면,경상사고,0,0,2,0,차대차 - 측면충돌,안전운전불이행,건조,맑음,교차로 - 교차로부근,승용,남,47세,경상,승용,남,71세,경상
2016110300100234,2016년 11월 3일 11시,목요일,전라남도 순천시 생목동,중상사고,0,1,0,0,차대사람 - 횡단중,보행자보호의무위반,건조,맑음,단일로 - 기타,승용,여,56세,상해없음,보행자,여,67세,중상
2016110300100235,2016년 11월 3일 11시,목요일,전라남도 순천시 조례동,경상사고,0,0,1,0,차대차 - 측면충돌,불법유턴,건조,맑음,교차로 - 교차로부근,승용,여,55세,상해없음,승용,여,44세,경상
2016110300100257,2016년 11월 3일 12시,목요일,전라남도 해남군 산이면,경상사고,0,0,1,0,차대차 - 정면충돌,안전운전불이행,건조,맑음,교차로 - 교차로부근,농기계,여,65세,경상,화물,남,52세,상해없음
2016110300100280,2016년 11월 3일 13시,목요일,전라남도 순천시 연향동,부상신고사고,0,0,0,1,차대차 - 측면충돌,안전운전불이행,건조,맑음,교차로 - 교차로안,원동기,남,16세,부상신고,승용,남,50세,상해없음
2016110300100281,2016년 11월 3일 13시,목요일,전라남도 담양군 담양읍,중상사고,0,1,0,0,차대차 - 정면충돌,직진우회전진행방해,건조,맑음,교차로 - 교차로안,승용,남,51세,상해없음,승용,남,56세,상해없음
2016110300100282,2016년 11월 3일 13시,목요일,전라남도 무안군 일로읍,중상사고,0,1,0,0,차대사람 - 기타,안전운전불이행,건조,맑음,교차로 - 교차로안,화물,남,50세,상해없음,보행자,남,83세,중상
2016110300100314,2016년 11월 3일 14시,목요일,전라남도 목포시 상동,중상사고,0,1,0,0,차대차 - 추돌,안전운전불이행,건조,맑음,교차로 - 교차로부근,승용,남,46세,중상,승용,남,32세,상해없음
2016110300100315,2016년 11월 3일 14시,목요일,전라남도 순천시 연향동,경상사고,0,0,1,0,차대사람 - 횡단중,신호위반,건조,맑음,교차로 - 교차로부근,승용,여,66세,상해없음,보행자,여,9세,경상
2016110300100316,2016년 11월 3일 14시,목요일,전라남도 장성군 장성읍,경상사고,0,0,1,0,차대차 - 측면충돌,안전운전불이행,건조,맑음,교차로 - 교차로안,승용,여,56세,상해없음,원동기,여,38세,경상
2016110300100349,2016년 11월 3일 15시,목요일,전라남도 광양시 태인동,경상사고,0,0,5,0,차대차 - 측면충돌,신호위반,건조,맑음,교차로 - 교차로안,승용,남,32세,경상,승용,남,50세,경상
2016110300100391,2016년 11월 3일 16시,목요일,전라남도 영암군 금정면,경상사고,0,0,1,0,차대차 - 정면충돌,중앙선침범,건조,맑음,단일로 - 기타,화물,남,50세,상해없음,승용,남,70세,경상
2016110300100433,2016년 11월 3일 17시,목요일,전라남도 해남군 문내면,중상사고,0,1,0,0,차량단독 - 전도전복,안전운전불이행,건조,맑음,단일로 - 기타,화물,남,69세,중상,,,,
2016110300100493,2016년 11월 3일 18시,목요일,전라남도 보성군 벌교읍,중상사고,0,1,0,0,차대사람 - 길가장자리구역통행중,안전운전불이행,건조,맑음,단일로 - 기타,이륜,남,77세,상해없음,보행자,여,71세,중상
2016110300100534,2016년 11월 3일 19시,목요일,전라남도 순천시 조례동,경상사고,0,0,1,0,차대차 - 측면충돌,직진우회전진행방해,건조,맑음,교차로 - 교차로부근,승용,남,20세,상해없음,승용,여,52세,경상
2016110300100564,2016년 11월 3일 20시,목요일,전라남도 여수시 학동,경상사고,0,0,3,2,차대차 - 추돌,안전운전불이행,건조,맑음,교차로 - 교차로부근,승용,남,24세,상해없음,승용,여,45세,경상
2016110300100565,2016년 11월 3일 20시,목요일,전라남도 여수시 문수동,경상사고,0,0,2,0,차대차 - 측면직각충돌,교차로운행방법위반,건조,맑음,교차로 - 교차로안,이륜,남,32세,경상,승합,남,59세,경상
2016110300100566,2016년 11월 3일 20시,목요일,전라남도 순천시 조곡동,경상사고,0,0,1,0,차대사람 - 횡단중,안전운전불이행,건조,맑음,교차로 - 교차로안,승용,남,41세,상해없음,보행자,여,52세,경상
2016110300100567,2016년 11월 3일 20시,목요일,전라남도 구례군 구례읍,경상사고,0,0,1,0,차대차 - 측면충돌,직진우회전진행방해,건조,맑음,교차로 - 교차로안,화물,남,30세,상해없음,승용,여,49세,경상
2016110300100622,2016년 11월 3일 22시,목요일,전라남도 목포시 산정동,경상사고,0,0,1,0,차대차 - 정면충돌,중앙선침범,건조,맑음,단일로 - 기타,승용,남,21세,상해없음,이륜,남,17세,경상
2016110300100644,2016년 11월 3일 23시,목요일,전라남도 여수시 봉강동,중상사고,0,1,1,0,차대차 - 정면충돌,중앙선침범,건조,맑음,교차로 - 교차로부근,승용,남,39세,상해없음,승용,남,28세,경상
2016110400100008,2016년 11월 4일 00시,금요일,전라남도 장성군 장성읍,경상사고,0,0,1,0,차량단독 - 공작물충돌,안전운전불이행,건조,맑음,단일로 - 기타,승용,남,47세,상해없음,,,,
2016110400100032,2016년 11월 4일 02시,금요일,전라남도 순천시 해룡면,경상사고,0,0,1,0,차량단독 - 전도전복,안전운전불이행,건조,맑음,교차로 - 교차로부근,승용,남,41세,경상,,,,
2016110400100052,2016년 11월 4일 04시,금요일,전라남도 담양군 담양읍,경상사고,0,0,1,0,차대차 - 측면충돌,직진우회전진행방해,건조,맑음,교차로 - 교차로안,농기계,남,70세,상해없음,화물,남,42세,상해없음
2016110400100074,2016년 11월 4일 06시,금요일,전라남도 담양군 봉산면,경상사고,0,0,3,0,차대차 - 추돌,안전운전불이행,기타,안개,교차로 - 교차로부근,화물,남,74세,경상,화물,남,53세,경상
2016110400100088,2016년 11월 4일 07시,금요일,전라남도 여수시 오림동,경상사고,0,0,2,1,차대차 - 추돌,안전운전불이행,건조,맑음,교차로 - 교차로부근,화물,남,25세,상해없음,승용,남,29세,경상
2016110400100089,2016년 11월 4일 07시,금요일,전라남도 강진군 성전면,경상사고,0,0,1,0,차대차 - 추돌,안전거리미확보,건조,맑음,교차로 - 교차로부근,화물,남,62세,경상,화물,남,68세,상해없음
2016110400100127,2016년 11월 4일 08시,금요일,전라남도 강진군 강진읍,경상사고,0,0,2,0,차대차 - 측면직각충돌,직진우회전진행방해,건조,맑음,교차로 - 교차로안,화물,남,76세,상해없음,승용,여,47세,경상
2016110400100128,2016년 11월 4일 08시,금요일,전라남도 담양군 무정면,중상사고,0,1,1,0,차량단독 - 전도전복,안전운전불이행,건조,맑음,단일로 - 기타,원동기,남,23세,경상,,,,
2016110400100167,2016년 11월 4일 09시,금요일,전라남도 순천시 조례동,경상사고,0,0,3,0,차대차 - 측면충돌,안전운전불이행,건조,맑음,교차로 - 교차로안,승용,여,44세,경상,승용,남,44세,경상
2016110400100198,2016년 11월 4일 10시,금요일,전라남도 강진군 신전면,경상사고,0,0,1,0,차대차 - 기타,안전운전불이행,건조,맑음,단일로 - 기타,승합,남,59세,상해없음,원동기,남,78세,상해없음
2016110400100224,2016년 11월 4일 11시,금요일,전라남도 장성군 장성읍,경상사고,0,0,1,0,차대사람 - 횡단중,안전운전불이행,건조,맑음,단일로 - 기타,승용,남,61세,상해없음,보행자,남,73세,경상
2016110400100225,2016년 11월 4일 11시,금요일,전라남도 무안군 청계면,경상사고,0,0,1,0,차대차 - 측면충돌,안전운전불이행,건조,맑음,단일로 - 기타,승용,여,24세,경상,건설기계,남,56세,상해없음
2016110400100244,2016년 11월 4일 12시,금요일,전라남도 신안군 비금면,경상사고,0,0,2,0,차대차 - 추돌,안전운전불이행,건조,맑음,교차로 - 교차로안,화물,남,63세,상해없음,승용,남,27세,경상
2016110400100306,2016년 11월 4일 14시,금요일,전라남도 영암군 영암읍,경상사고,0,0,1,0,차대차 - 추돌,안전운전불이행,건조,맑음,교차로 - 교차로부근,승용,여,52세,상해없음,화물,남,23세,경상
2016110400100351,2016년 11월 4일 15시,금요일,전라남도 곡성군 곡성읍,경상사고,0,0,1,0,차대차 - 측면충돌,안전운전불이행,건조,맑음,교차로 - 교차로안,승합,남,44세,상해없음,이륜,여,68세,경상
2016110400100352,2016년 11월 4일 15시,금요일,전라남도 광양시 중동,경상사고,0,0,3,0,차대차 - 기타,중앙선침범,건조,맑음,교차로 - 교차로부근,승용,남,19세,상해없음,승용,남,56세,경상
2016110400100393,2016년 11월 4일 16시,금요일,전라남도 영암군 삼호읍,중상사고,0,2,0,0,차대차 - 정면충돌,중앙선침범,건조,맑음,단일로 - 기타,승용,남,44세,상해없음,이륜,남,18세,중상
2016110400100394,2016년 11월 4일 16시,금요일,전라남도 완도군 완도읍,중상사고,0,2,0,0,차대차 - 측면충돌,안전운전불이행,건조,맑음,교차로 - 교차로안,화물,여,47세,상해없음,승용,남,50세,중상
2016110400100487,2016년 11월 4일 18시,금요일,전라남도 신안군 지도읍,경상사고,0,0,1,0,차대차 - 측면충돌,안전운전불이행,건조,맑음,교차로 - 교차로안,화물,남,42세,상해없음,승용,남,60세,경상
2016110400100488,2016년 11월 4일 18시,금요일,전라남도 목포시 석현동,경상사고,0,0,1,0,차대차 - 측면직각충돌,안전운전불이행,건조,맑음,교차로 - 교차로안,승용,여,46세,상해없음,특수,남,61세,경상
2016110400100489,2016년 11월 4일 18시,금요일,전라남도 여수시 신기동,중상사고,0,1,1,0,차대차 - 측면충돌,교차로운행방법위반,건조,맑음,교차로 - 교차로부근,이륜,남,82세,중상,승용,남,30세,경상
2016110400100490,2016년 11월 4일 18시,금요일,전라남도 순천시 조곡동,경상사고,0,0,3,0,차대차 - 정면충돌,신호위반,건조,맑음,교차로 - 교차로부근,승용,여,37세,경상,승용,남,26세,경상
2016110400100491,2016년 11월 4일 18시,금요일,전라남도 순천시 덕월동,경상사고,0,0,1,0,차대차 - 측면충돌,안전운전불이행,건조,맑음,단일로 - 기타,승합,남,23세,상해없음,승용,여,38세,경상
2016110400100492,2016년 11월 4일 18시,금요일,전라남도 보성군 득량면,중상사고,0,1,0,0,차대차 - 추돌,안전거리미확보,건조,흐림,단일로 - 기타,승용,남,38세,상해없음,농기계,남,70세,중상
2016110400100493,2016년 11월 4일 18시,금요일,전라남도 영광군 영광읍,경상사고,0,0,1,0,차대차 - 추돌,안전운전불이행,건조,맑음,단일로 - 기타,승용,남,30세,상해없음,승용,남,63세,경상
2016110400100578,2016년 11월 4일 20시,금요일,전라남도 순천시 해룡면,경상사고,0,0,2,0,차대차 - 측면직각충돌,안전운전불이행,건조,맑음,단일로 - 기타,승용,남,23세,상해없음,승용,남,34세,경상
2016110400100633,2016년 11월 4일 22시,금요일,전라남도 목포시 상동,경상사고,0,0,2,0,차대차 - 측면충돌,안전운전불이행,건조,맑음,교차로 - 교차로부근,이륜,남,17세,상해없음,승용,남,24세,경상
2016110500100030,2016년 11월 5일 01시,토요일,전라남도 목포시 대성동,경상사고,0,0,1,0,차대사람 - 횡단중,안전운전불이행,건조,맑음,단일로 - 기타,승용,남,52세,상해없음,보행자,남,33세,경상
2016110500100054,2016년 11월 5일 02시,토요일,전라남도 순천시 조례동,중상사고,0,1,0,0,차대사람 - 횡단중,안전운전불이행,건조,맑음,단일로 - 기타,승용,남,39세,상해없음,보행자,남,50세,중상
2016110500100061,2016년 11월 5일 03시,토요일,전라남도 여수시 웅천동,경상사고,0,0,1,0,차대차 - 측면직각충돌,안전운전불이행,건조,맑음,단일로 - 기타,승용,여,41세,상해없음,승용,남,59세,경상
2016110500100062,2016년 11월 5일 03시,토요일,전라남도 순천시 상사면,중상사고,0,1,0,0,차량단독 - 전도전복,안전운전불이행,건조,맑음,단일로 - 기타,승용,남,25세,중상,,,,
2016110500100106,2016년 11월 5일 06시,토요일,전라남도 신안군 압해읍,사망사고,1,1,0,0,차대차 - 측면충돌,중앙선침범,건조,맑음,단일로 - 기타,승용,여,59세,중상,승용,남,60세,사망
2016110500100107,2016년 11월 5일 06시,토요일,전라남도 여수시 화장동,경상사고,0,0,3,0,차대차 - 추돌,안전운전불이행,건조,맑음,교차로 - 교차로부근,승용,남,23세,상해없음,화물,남,51세,경상
2016110500100108,2016년 11월 5일 06시,토요일,전라남도 고흥군 도양읍,중상사고,0,1,4,0,차대차 - 측면직각충돌,안전운전불이행,건조,흐림,교차로 - 교차로안,승용,여,54세,상해없음,화물,남,64세,중상
2016110500100109,2016년 11월 5일 06시,토요일,전라남도 완도군 완도읍,중상사고,0,1,0,0,차대사람 - 횡단중,보행자보호의무위반,건조,맑음,단일로 - 기타,화물,남,44세,상해없음,보행자,여,78세,중상
2016110500100182,2016년 11월 5일 09시,토요일,전라남도 여수시 화장동,경상사고,0,0,1,0,차대차 - 정면충돌,안전운전불이행,건조,맑음,교차로 - 교차로안,화물,남,32세,상해없음,자전거,남,54세,경상
2016110500100183,2016년 11월 5일 09시,토요일,전라남도 장성군 남면,중상사고,0,1,1,0,차대차 - 측면충돌,불법유턴,건조,맑음,단일로 - 기타,승용,여,47세,상해없음,승합,남,61세,중상
2016110500100213,2016년 11월 5일 10시,토요일,전라남도 장성군 북이면,경상사고,0,0,1,0,차대사람 - 기타,안전운전불이행,건조,맑음,단일로 - 기타,승용,남,79세,상해없음,보행자,여,47세,경상
2016110500100235,2016년 11월 5일 11시,토요일,전라남도 해남군 해남읍,경상사고,0,0,1,0,차대사람 - 횡단중,안전운전불이행,건조,맑음,단일로 - 기타,승용,남,56세,상해없음,보행자,여,3세,경상
2016110500100236,2016년 11월 5일 11시,토요일,전라남도 담양군 담양읍,경상사고,0,0,1,0,차대사람 - 횡단중,안전운전불이행,건조,맑음,교차로 - 교차로안,승합,남,44세,상해없음,보행자,여,75세,상해없음
2016110500100305,2016년 11월 5일 13시,토요일,전라남도 순천시 상사면,경상사고,0,0,2,0,차대차 - 측면충돌,중앙선침범,건조,맑음,단일로 - 기타,승용,여,61세,상해없음,화물,남,44세,경상
2016110500100306,2016년 11월 5일 13시,토요일,전라남도 나주시 삼영동,경상사고,0,0,3,0,차대차 - 측면충돌,안전운전불이행,건조,맑음,교차로 - 교차로안,승용,남,58세,경상,승용,남,63세,경상
2016110500100307,2016년 11월 5일 13시,토요일,전라남도 장흥군 관산읍,경상사고,0,0,1,0,차대차 - 추돌,안전거리미확보,건조,맑음,단일로 - 기타,승용,남,26세,상해없음,화물,남,62세,경상
2016110500100308,2016년 11월 5일 13시,토요일,전라남도 고흥군 도양읍,중상사고,0,1,0,0,차대사람 - 횡단중,안전운전불이행,건조,맑음,단일로 - 기타,승용,남,52세,상해없음,보행자,여,70세,중상
2016110500100349,2016년 11월 5일 14시,토요일,전라남도 순천시 교량동,중상사고,0,1,5,0,차대차 - 정면충돌,중앙선침범,건조,맑음,단일로 - 기타,승용,남,28세,경상,승용,여,33세,경상
2016110500100350,2016년 11월 5일 14시,토요일,전라남도 나주시 삼영동,경상사고,0,0,4,0,차대차 - 기타,안전거리미확보,건조,맑음,교차로 - 교차로부근,승용,여,42세,경상,승용,남,49세,경상
2016110500100351,2016년 11월 5일 14시,토요일,전라남도 함평군 해보면,중상사고,0,2,6,0,차대차 - 측면직각충돌,교차로운행방법위반,건조,맑음,교차로 - 교차로안,승용,남,73세,경상,승합,남,24세,경상
2016110500100381,2016년 11월 5일 15시,토요일,전라남도 여수시 중흥동,경상사고,0,0,3,0,차대차 - 측면직각충돌,신호위반,건조,맑음,교차로 - 교차로안,화물,남,58세,경상,승용,남,55세,경상
2016110500100382,2016년 11월 5일 15시,토요일,전라남도 나주시 금천면,경상사고,0,0,2,1,차대차 - 기타,기타,건조,맑음,단일로 - 기타,건설기계,남,37세,상해없음,승용,남,30세,경상
2016110500100410,2016년 11월 5일 16시,토요일,전라남도 영암군 삼호읍,경상사고,0,0,3,0,차대차 - 추돌,안전운전불이행,건조,맑음,교차로 - 교차로부근,승용,남,27세,경상,승용,남,29세,경상
2016110500100411,2016년 11월 5일 16시,토요일,전라남도 곡성군 옥과면,경상사고,0,0,2,0,차대차 - 측면직각충돌,안전운전불이행,건조,맑음,교차로 - 교차로안,화물,남,72세,경상,승용,남,32세,경상
2016110500100437,2016년 11월 5일 17시,토요일,전라남도 나주시 대호동,경상사고,0,0,1,0,차량단독 - 공작물충돌,안전운전불이행,건조,맑음,단일로 - 기타,화물,남,59세,경상,,,,
2016110500100438,2016년 11월 5일 17시,토요일,전라남도 광양시 광양읍,경상사고,0,0,1,0,차대차 - 측면직각충돌,차로위반,건조,맑음,교차로 - 교차로안,화물,남,67세,상해없음,승용,남,27세,경상
2016110500100519,2016년 11월 5일 19시,토요일,전라남도 나주시 문평면,경상사고,0,0,1,0,차대차 - 추돌,안전운전불이행,건조,맑음,교차로 - 교차로부근,승용,남,56세,상해없음,승용,여,43세,경상
2016110500100520,2016년 11월 5일 19시,토요일,전라남도 영암군 영암읍,경상사고,0,0,2,0,차량단독 - 전도전복,안전운전불이행,건조,맑음,교차로 - 교차로안,화물,여,52세,경상,,,,
2016110500100585,2016년 11월 5일 21시,토요일,전라남도 순천시 생목동,경상사고,0,0,1,0,차대차 - 측면충돌,안전운전불이행,건조,맑음,교차로 - 교차로부근,화물,남,56세,상해없음,자전거,남,15세,경상
2016110500100586,2016년 11월 5일 21시,토요일,전라남도 영광군 묘량면,중상사고,0,3,0,0,차대차 - 정면충돌,중앙선침범,건조,맑음,단일로 - 기타,승용,남,78세,중상,승용,여,39세,중상
2016110600100010,2016년 11월 6일 00시,일요일,전라남도 여수시 신기동,경상사고,0,0,3,0,차대차 - 추돌,안전운전불이행,건조,맑음,교차로 - 교차로부근,승용,남,50세,상해없음,승용,남,56세,경상
2016110600100011,2016년 11월 6일 00시,일요일,전라남도 순천시 별량면,중상사고,0,3,0,0,차대차 - 측면직각충돌,안전운전불이행,건조,맑음,교차로 - 교차로안,화물,남,37세,중상,승용,남,59세,중상
2016110600100029,2016년 11월 6일 01시,일요일,전라남도 순천시 조례동,경상사고,0,0,2,0,차대사람 - 횡단중,기타,건조,맑음,단일로 - 기타,승용,남,24세,상해없음,보행자,여,27세,경상
2016110600100060,2016년 11월 6일 04시,일요일,전라남도 광양시 광양읍,중상사고,0,1,0,0,차대차 - 측면직각충돌,안전운전불이행,건조,맑음,교차로 - 교차로안,자전거,여,63세,중상,승용,남,67세,상해없음
2016110600100092,2016년 11월 6일 06시,일요일,전라남도 순천시 장천동,중상사고,0,1,0,0,차대사람 - 횡단중,안전운전불이행,건조,맑음,교차로 - 교차로안,승용,남,82세,상해없음,보행자,남,71세,중상
2016110600100093,2016년 11월 6일 06시,일요일,전라남도 곡성군 곡성읍,중상사고,0,2,3,0,차대차 - 추돌,교차로운행방법위반,습기,안개,교차로 - 교차로안,화물,남,58세,경상,자전거,여,72세,중상
2016110600100094,2016년 11월 6일 06시,일요일,전라남도 무안군 삼향읍,사망사고,1,0,0,0,차대사람 - 기타,기타,기타,안개,단일로 - 기타,승용,남,60세,상해없음,보행자,남,76세,사망
2016110600100148,2016년 11월 6일 10시,일요일,전라남도 강진군 마량면,경상사고,0,0,1,0,차량단독 - 전도전복,안전운전불이행,건조,맑음,교차로 - 교차로부근,농기계,남,69세,경상,,,,
2016110600100171,2016년 11월 6일 11시,일요일,전라남도 영암군 영암읍,중상사고,0,1,1,0,차대차 - 측면충돌,안전운전불이행,건조,맑음,단일로 - 기타,화물,남,67세,기타불명,승용,남,61세,경상
2016110600100172,2016년 11월 6일 11시,일요일,전라남도 순천시 서면,경상사고,0,0,2,0,차대차 - 추돌,안전운전불이행,건조,맑음,단일로 - 기타,승용,남,28세,상해없음,승합,남,44세,경상
2016110600100217,2016년 11월 6일 13시,일요일,전라남도 여수시 미평동,경상사고,0,0,1,0,차대차 - 정면충돌,안전운전불이행,건조,맑음,단일로 - 기타,승용,남,41세,상해없음,승용,여,29세,상해없음
2016110600100218,2016년 11월 6일 13시,일요일,전라남도 장흥군 장흥읍,중상사고,0,1,0,0,차대차 - 측면직각충돌,안전운전불이행,건조,맑음,단일로 - 기타,승용,여,68세,상해없음,승용,남,56세,중상
2016110600100219,2016년 11월 6일 13시,일요일,전라남도 완도군 완도읍,중상사고,0,1,0,0,차대사람 - 기타,안전운전불이행,건조,맑음,단일로 - 기타,건설기계,남,54세,상해없음,보행자,남,32세,중상
2016110600100243,2016년 11월 6일 14시,일요일,전라남도 담양군 대전면,중상사고,0,1,0,0,차대차 - 추돌,안전운전불이행,건조,맑음,단일로 - 기타,자전거,남,58세,중상,승용,여,43세,상해없음
2016110600100244,2016년 11월 6일 14시,일요일,전라남도 광양시 진상면,경상사고,0,0,1,0,차대차 - 측면충돌,안전운전불이행,건조,맑음,단일로 - 기타,승용,여,59세,상해없음,승용,남,80세,상해없음
2016110600100275,2016년 11월 6일 15시,일요일,전라남도 순천시 덕암동,경상사고,0,0,1,0,차대차 - 정면충돌,안전운전불이행,건조,맑음,교차로 - 교차로안,승용,남,22세,상해없음,원동기,남,46세,경상
2016110600100276,2016년 11월 6일 15시,일요일,전라남도 장성군 삼서면,사망사고,1,0,0,0,차대차 - 추돌,안전운전불이행,건조,맑음,단일로 - 기타,농기계,남,51세,상해없음,농기계,남,81세,사망
2016110600100277,2016년 11월 6일 15시,일요일,전라남도 장성군 북이면,중상사고,0,3,3,0,차대차 - 측면충돌,교차로운행방법위반,건조,맑음,교차로 - 교차로안,승용,남,32세,상해없음,승용,여,42세,중상
2016110600100278,2016년 11월 6일 15시,일요일,전라남도 강진군 마량면,경상사고,0,0,1,0,차대사람 - 기타,안전운전불이행,건조,맑음,단일로 - 기타,승용,남,44세,상해없음,보행자,남,43세,경상
2016110600100279,2016년 11월 6일 15시,일요일,전라남도 구례군 마산면,경상사고,0,0,6,0,차대차 - 추돌,안전거리미확보,건조,맑음,단일로 - 기타,승용,남,45세,상해없음,승용,남,36세,경상
2016110600100304,2016년 11월 6일 16시,일요일,전라남도 영암군 미암면,경상사고,0,0,1,0,차대차 - 정면충돌,안전운전불이행,건조,맑음,단일로 - 기타,이륜,남,70세,경상,화물,남,50세,상해없음
2016110600100336,2016년 11월 6일 17시,일요일,전라남도 순천시 해룡면,중상사고,0,1,0,0,차대사람 - 길가장자리구역통행중,안전운전불이행,건조,맑음,단일로 - 기타,승용,남,37세,상해없음,보행자,남,20세,중상
2016110600100337,2016년 11월 6일 17시,일요일,전라남도 장성군 북이면,중상사고,0,1,1,0,차대차 - 측면충돌,안전운전불이행,건조,맑음,단일로 - 기타,이륜,남,35세,상해없음,승용,남,40세,경상
2016110600100372,2016년 11월 6일 18시,일요일,전라남도 영암군 삼호읍,경상사고,0,0,1,0,차대차 - 측면충돌,중앙선침범,건조,맑음,단일로 - 횡단보도상,자전거,남,29세,경상,승용,남,36세,상해없음
2016110600100373,2016년 11월 6일 18시,일요일,전라남도 강진군 강진읍,중상사고,0,1,0,0,차대차 - 추돌,안전운전불이행,건조,흐림,단일로 - 기타,화물,남,55세,중상,화물,여,50세,기타불명
2016110600100374,2016년 11월 6일 18시,일요일,전라남도 강진군 강진읍,경상사고,0,0,1,0,차대차 - 추돌,안전운전불이행,건조,흐림,단일로 - 기타,화물,여,50세,경상,농기계,남,56세,상해없음
2016110600100375,2016년 11월 6일 18시,일요일,전라남도 담양군 대전면,경상사고,0,0,4,0,차대차 - 추돌,안전거리미확보,건조,맑음,단일로 - 기타,화물,남,49세,상해없음,승용,여,35세,경상
2016110600100415,2016년 11월 6일 19시,일요일,전라남도 순천시 장천동,중상사고,0,1,0,0,차대사람 - 횡단중,보행자보호의무위반,건조,맑음,교차로 - 교차로안,승용,남,32세,상해없음,보행자,여,74세,중상
2016110600100444,2016년 11월 6일 20시,일요일,전라남도 목포시 산정동,경상사고,0,0,1,0,차대차 - 측면충돌,안전운전불이행,건조,맑음,교차로 - 교차로부근,승합,남,49세,경상,화물,남,45세,상해없음
2016110600100468,2016년 11월 6일 21시,일요일,전라남도 목포시 상동,중상사고,0,2,0,0,차대사람 - 횡단중,보행자보호의무위반,건조,맑음,교차로 - 교차로부근,화물,남,42세,상해없음,보행자,여,47세,중상
2016110600100492,2016년 11월 6일 22시,일요일,전라남도 광양시 중동,경상사고,0,0,2,0,차대차 - 측면직각충돌,교차로운행방법위반,건조,맑음,교차로 - 교차로안,승용,남,50세,경상,승용,남,29세,경상
2016110700100061,2016년 11월 7일 06시,월요일,전라남도 목포시 상동,경상사고,0,0,1,0,차대사람 - 횡단중,안전운전불이행,건조,맑음,교차로 - 교차로부근,승합,남,65세,상해없음,보행자,남,18세,경상
2016110700100062,2016년 11월 7일 06시,월요일,전라남도 순천시 조례동,중상사고,0,1,1,0,차대차 - 기타,안전운전불이행,건조,맑음,교차로 - 교차로부근,화물,남,43세,상해없음,승용,남,21세,중상
2016110700100063,2016년 11월 7일 06시,월요일,전라남도 함평군 함평읍,중상사고,0,1,0,0,차대사람 - 차도통행중,안전운전불이행,건조,맑음,기타 - 기타,승합,남,49세,상해없음,보행자,여,75세,중상
2016110700100064,2016년 11월 7일 06시,월요일,전라남도 강진군 군동면,중상사고,0,2,1,0,차대차 - 추돌,안전운전불이행,건조,흐림,단일로 - 기타,승용,남,32세,중상,건설기계,남,28세,경상