사고번호,사고일시,요일,시군구,사고내용,사망자수,중상자수,경상자수,부상신고자수,사고유형,법규위반,노면상태,기상상태,도로형태,가해운전자 차종,가해운전자 성별,가해운전자 연령,가해운전자 상해정도,피해운전자 차종,피해운전자 성별,피해운전자 연령,피해운전자 상해정도
2016111100100369,2016년 11월 11일 13시,금요일,전라남도 장성군 남면,경상사고,0,0,1,0,차대차 - 추돌,안전운전불이행,건조,맑음,단일로 - 기타,승용,남,54세,상해없음,승용,여,30세,경상
2016111100100405,2016년 11월 11일 14시,금요일,전라남도 나주시 이창동,중상사고,0,1,0,0,차대차 - 기타,안전거리미확보,건조,맑음,교차로 - 교차로안,원동기,남,86세,중상,화물,남,71세,상해없음
2016111100100435,2016년 11월 11일 15시,금요일,전라남도 여수시 소라면,중상사고,0,1,3,0,차대차 - 측면충돌,기타,건조,맑음,교차로 - 교차로안,화물,남,56세,상해없음,승용,여,53세,중상
2016111100100436,2016년 11월 11일 15시,금요일,전라남도 나주시 석현동,부상신고사고,0,0,0,1,차량단독 - 전도전복,안전운전불이행,건조,맑음,단일로 - 기타,화물,남,43세,부상신고,,,,
2016111100100437,2016년 11월 11일 15시,금요일,전라남도 해남군 해남읍,경상사고,0,0,1,0,차대차 - 정면충돌,신호위반,건조,맑음,교차로 - 교차로부근,이륜,남,75세,경상,승합,남,59세,상해없음
2016111100100438,2016년 11월 11일 15시,금요일,전라남도 광양시 중동,경상사고,0,0,1,0,차대차 - 추돌,안전거리미확보,건조,맑음,단일로 - 기타,승용,여,34세,상해없음,승용,여,22세,경상
2016111100100480,2016년 11월 11일 16시,금요일,전라남도 나주시 금천면,경상사고,0,0,2,0,차대차 - 측면충돌,안전운전불이행,건조,맑음,교차로 - 교차로안,승용,여,53세,상해없음,승용,남,35세,경상
2016111100100481,2016년 11월 11일 16시,금요일,전라남도 영암군 도포면,경상사고,0,0,2,0,차대차 - 측면직각충돌,중앙선침범,건조,맑음,교차로 - 교차로안,승용,여,56세,경상,승용,여,45세,경상
2016111100100514,2016년 11월 11일 17시,금요일,전라남도 목포시 대양동,경상사고,0,0,2,0,차대차 - 측면충돌,안전운전불이행,건조,맑음,단일로 - 기타,승용,여,50세,경상,승합,남,52세,상해없음
2016111100100515,2016년 11월 11일 17시,금요일,전라남도 목포시 옥암동,경상사고,0,0,2,0,차대차 - 측면충돌,신호위반,건조,맑음,교차로 - 교차로안,승용,남,30세,경상,승용,남,61세,경상
2016111100100516,2016년 11월 11일 17시,금요일,전라남도 나주시 남평읍,경상사고,0,0,1,0,차대차 - 측면직각충돌,안전거리미확보,건조,맑음,단일로 - 기타,건설기계,남,44세,상해없음,승용,남,32세,경상
2016111100100517,2016년 11월 11일 17시,금요일,전라남도 화순군 화순읍,중상사고,0,1,0,0,차대사람 - 횡단중,안전운전불이행,건조,맑음,교차로 - 교차로안,승용,여,60세,상해없음,보행자,남,64세,중상
2016111100100518,2016년 11월 11일 17시,금요일,전라남도 무안군 현경면,중상사고,0,2,1,0,차대차 - 정면충돌,안전운전불이행,건조,맑음,교차로 - 교차로안,승합,남,56세,상해없음,승용,남,45세,중상
2016111100100583,2016년 11월 11일 18시,금요일,전라남도 순천시 대룡동,경상사고,0,0,4,0,차대차 - 추돌,안전거리미확보,건조,맑음,단일로 - 기타,승용,남,54세,상해없음,승용,남,27세,경상
2016111100100584,2016년 11월 11일 18시,금요일,전라남도 나주시 금천면,경상사고,0,0,1,0,차대차 - 측면직각충돌,안전운전불이행,건조,맑음,교차로 - 교차로부근,승용,남,36세,경상,기타불명,기타불명,기타불명,기타불명
2016111100100585,2016년 11월 11일 18시,금요일,전라남도 장성군 삼계면,경상사고,0,0,1,0,차대차 - 측면충돌,교차로운행방법위반,건조,맑음,교차로 - 교차로안,승용,남,51세,상해없음,승용,여,22세,경상
2016111100100653,2016년 11월 11일 19시,금요일,전라남도 순천시 연향동,경상사고,0,0,1,0,차대사람 - 횡단중,안전운전불이행,건조,맑음,교차로 - 교차로부근,승용,남,50세,상해없음,보행자,여,44세,경상
2016111100100654,2016년 11월 11일 19시,금요일,전라남도 순천시 석현동,중상사고,0,1,0,0,차대사람 - 차도통행중,안전운전불이행,건조,맑음,단일로 - 기타,승용,여,47세,상해없음,보행자,남,66세,중상
2016111100100655,2016년 11월 11일 19시,금요일,전라남도 장흥군 장흥읍,경상사고,0,0,7,0,차대차 - 추돌,안전운전불이행,건조,맑음,교차로 - 교차로안,화물,남,65세,상해없음,승용,남,34세,경상
2016111100100749,2016년 11월 11일 22시,금요일,전라남도 무안군 무안읍,사망사고,1,0,0,0,차량단독 - 공작물충돌,안전운전불이행,건조,맑음,단일로 - 터널,화물,남,59세,사망,,,,
2016111100100750,2016년 11월 11일 22시,금요일,전라남도 여수시 신기동,경상사고,0,0,1,0,차대차 - 추돌,안전운전불이행,건조,맑음,교차로 - 교차로부근,승용,남,50세,상해없음,승용,여,61세,경상
2016111100100783,2016년 11월 11일 23시,금요일,전라남도 완도군 완도읍,경상사고,0,0,2,0,차대차 - 추돌,안전운전불이행,건조,맑음,교차로 - 교차로부근,승용,남,46세,상해없음,승용,남,56세,경상
2016111200100054,2016년 11월 12일 02시,토요일,전라남도 목포시 상동,경상사고,0,0,5,0,차대차 - 정면충돌,신호위반,건조,맑음,교차로 - 교차로안,승용,남,19세,상해없음,승용,남,55세,경상
2016111200100114,2016년 11월 12일 06시,토요일,전라남도 여수시 선원동,중상사고,0,1,0,0,차대사람 - 횡단중,안전운전불이행,건조,맑음,교차로 - 교차로안,화물,남,45세,상해없음,보행자,남,65세,중상
2016111200100151,2016년 11월 12일 08시,토요일,전라남도 장흥군 용산면,중상사고,0,2,0,0,차대차 - 측면충돌,안전운전불이행,건조,맑음,교차로 - 교차로부근,승용,여,70세,상해없음,이륜,남,75세,중상
2016111200100173,2016년 11월 12일 09시,토요일,전라남도 화순군 남면,경상사고,0,0,1,0,차대차 - 정면충돌,중앙선침범,건조,맑음,단일로 - 기타,승용,남,58세,상해없음,승합,남,50세,경상
2016111200100174,2016년 11월 12일 09시,토요일,전라남도 강진군 강진읍,중상사고,0,1,0,0,차대사람 - 기타,안전운전불이행,건조,맑음,교차로 - 교차로부근,승용,남,68세,상해없음,보행자,여,86세,중상
2016111200100175,2016년 11월 12일 09시,토요일,전라남도 담양군 담양읍,사망사고,1,0,0,0,차대차 - 측면충돌,교차로운행방법위반,건조,맑음,교차로 - 교차로안,원동기,남,75세,사망,화물,남,46세,상해없음
2016111200100203,2016년 11월 12일 10시,토요일,전라남도 장흥군 장흥읍,경상사고,0,0,1,0,차대차 - 추돌,안전운전불이행,건조,맑음,기타 - 기타,화물,남,65세,상해없음,승용,남,53세,상해없음
2016111200100204,2016년 11월 12일 10시,토요일,전라남도 곡성군 옥과면,중상사고,0,1,0,0,차량단독 - 기타,안전운전불이행,건조,맑음,단일로 - 기타,화물,남,41세,상해없음,,,,
2016111200100240,2016년 11월 12일 11시,토요일,전라남도 순천시 남내동,경상사고,0,0,1,0,차대사람 - 횡단중,보행자보호의무위반,건조,맑음,단일로 - 횡단보도상,승용,남,29세,상해없음,보행자,여,11세,경상
2016111200100241,2016년 11월 12일 11시,토요일,전라남도 해남군 삼산면,경상사고,0,0,1,0,차대차 - 정면충돌,안전운전불이행,건조,맑음,교차로 - 교차로안,승용,여,63세,상해없음,승용,남,56세,경상
2016111200100274,2016년 11월 12일 12시,토요일,전라남도 무안군 해제면,경상사고,0,0,1,0,차대차 - 추돌,안전운전불이행,건조,맑음,교차로 - 교차로안,승합,남,56세,상해없음,승용,남,46세,경상
2016111200100309,2016년 11월 12일 13시,토요일,전라남도 순천시 서면,경상사고,0,0,3,0,차대차 - 측면직각충돌,교차로운행방법위반,건조,맑음,교차로 - 교차로안,승용,남,69세,경상,승용,여,33세,경상
2016111200100310,2016년 11월 12일 13시,토요일,전라남도 광양시 옥룡면,중상사고,0,1,2,0,차대차 - 측면충돌,교차로운행방법위반,건조,맑음,교차로 - 교차로안,승용,여,38세,상해없음,승용,남,51세,중상
2016111200100348,2016년 11월 12일 14시,토요일,전라남도 순천시 인월동,경상사고,0,0,4,0,차대차 - 추돌,안전운전불이행,건조,맑음,단일로 - 기타,승용,남,64세,상해없음,승용,남,26세,경상
2016111200100350,2016년 11월 12일 14시,토요일,전라남도 장성군 장성읍,경상사고,0,0,1,0,차대차 - 측면충돌,안전운전불이행,건조,맑음,교차로 - 교차로안,승용,남,39세,상해없음,이륜,남,81세,경상
2016111200100393,2016년 11월 12일 15시,토요일,전라남도 여수시 소라면,경상사고,0,0,1,0,차대차 - 측면충돌,안전운전불이행,건조,맑음,교차로 - 교차로부근,자전거,남,19세,경상,승용,여,33세,상해없음
2016111200100394,2016년 11월 12일 15시,토요일,전라남도 순천시 조곡동,중상사고,0,1,0,0,차대사람 - 횡단중,안전운전불이행,건조,맑음,단일로 - 기타,승용,남,37세,상해없음,보행자,여,78세,중상
2016111200100428,2016년 11월 12일 16시,토요일,전라남도 순천시 별량면,경상사고,0,0,1,0,차대차 - 추돌,안전운전불이행,건조,맑음,단일로 - 기타,원동기,남,76세,경상,승용,여,36세,상해없음
2016111200100465,2016년 11월 12일 17시,토요일,전라남도 해남군 옥천면,중상사고,0,1,0,0,차대사람 - 길가장자리구역통행중,안전운전불이행,건조,맑음,단일로 - 기타,승용,남,74세,상해없음,보행자,여,73세,중상
2016111200100500,2016년 11월 12일 18시,토요일,전라남도 나주시 죽림동,경상사고,0,0,2,0,차대차 - 측면충돌,교차로운행방법위반,건조,맑음,교차로 - 교차로안,원동기,남,51세,경상,승용,남,59세,상해없음
2016111200100501,2016년 11월 12일 18시,토요일,전라남도 고흥군 도양읍,경상사고,0,0,1,0,차대차 - 기타,안전운전불이행,건조,맑음,교차로 - 교차로부근,이륜,남,58세,경상,승용,남,74세,상해없음
2016111200100502,2016년 11월 12일 18시,토요일,전라남도 화순군 화순읍,경상사고,0,0,1,0,차대차 - 정면충돌,중앙선침범,건조,맑음,단일로 - 기타,승용,여,44세,상해없음,이륜,남,32세,경상
2016111200100542,2016년 11월 12일 19시,토요일,전라남도 여수시 덕충동,중상사고,0,1,0,0,차대사람 - 횡단중,과속,건조,맑음,단일로 - 기타,승용,남,58세,상해없음,보행자,남,59세,중상
2016111200100543,2016년 11월 12일 19시,토요일,전라남도 나주시 남평읍,사망사고,1,0,0,0,차대사람 - 차도통행중,안전운전불이행,건조,맑음,단일로 - 기타,승용,남,46세,상해없음,보행자,여,85세,사망
2016111200100624,2016년 11월 12일 22시,토요일,전라남도 목포시 용당동,경상사고,0,0,2,0,차대차 - 정면충돌,중앙선침범,건조,맑음,단일로 - 기타,승용,남,24세,상해없음,승용,남,38세,경상
2016111200100625,2016년 11월 12일 22시,토요일,전라남도 신안군 팔금면,중상사고,0,1,1,0,차대차 - 정면충돌,안전운전불이행,기타,기타,단일로 - 기타,화물,남,42세,중상,승용,남,44세,기타불명
2016111300100028,2016년 11월 13일 01시,일요일,전라남도 완도군 완도읍,중상사고,0,1,0,0,차량단독 - 전도전복,안전운전불이행,건조,맑음,교차로 - 교차로부근,승용,남,37세,중상,,,,
2016111300100047,2016년 11월 13일 02시,일요일,전라남도 해남군 해남읍,경상사고,0,0,1,0,차량단독 - 공작물충돌,안전운전불이행,건조,맑음,단일로 - 기타,화물,남,27세,경상,,,,
2016111300100132,2016년 11월 13일 09시,일요일,전라남도 나주시 공산면,경상사고,0,0,3,0,차대차 - 추돌,안전거리미확보,건조,맑음,교차로 - 교차로안,화물,남,47세,상해없음,승용,남,47세,경상
2016111300100133,2016년 11월 13일 09시,일요일,전라남도 함평군 함평읍,중상사고,0,1,0,0,차대차 - 측면직각충돌,직진우회전진행방해,건조,맑음,교차로 - 교차로안,승용,남,61세,상해없음,승용,남,40세,중상
2016111300100158,2016년 11월 13일 10시,일요일,전라남도 장흥군 관산읍,중상사고,0,1,0,0,차대차 - 측면직각충돌,신호위반,건조,맑음,교차로 - 교차로안,승용,여,43세,상해없음,승용,남,54세,상해없음
2016111300100159,2016년 11월 13일 10시,일요일,전라남도 광양시 광양읍,경상사고,0,0,2,0,차대차 - 추돌,안전운전불이행,건조,맑음,단일로 - 기타,화물,남,58세,상해없음,승용,남,60세,경상
2016111300100209,2016년 11월 13일 12시,일요일,전라남도 광양시 태인동,부상신고사고,0,0,0,1,차대차 - 측면충돌,교차로운행방법위반,건조,맑음,교차로 - 교차로안,승용,남,26세,상해없음,승용,여,54세,상해없음
2016111300100231,2016년 11월 13일 13시,일요일,전라남도 여수시 둔덕동,경상사고,0,0,1,0,차대차 - 기타,안전운전불이행,건조,맑음,교차로 - 교차로안,승용,남,36세,상해없음,승용,남,63세,경상
2016111300100251,2016년 11월 13일 14시,일요일,전라남도 순천시 조례동,경상사고,0,0,1,0,차대차 - 정면충돌,안전운전불이행,건조,맑음,기타 - 기타,승용,여,36세,상해없음,승용,여,30세,경상
2016111300100252,2016년 11월 13일 14시,일요일,전라남도 곡성군 곡성읍,중상사고,0,1,3,0,차대차 - 정면충돌,직진우회전진행방해,건조,맑음,교차로 - 교차로안,승용,남,57세,경상,화물,남,65세,경상
2016111300100283,2016년 11월 13일 15시,일요일,전라남도 목포시 대양동,경상사고,0,0,1,0,차대차 - 측면충돌,안전운전불이행,건조,맑음,단일로 - 기타,승용,남,68세,상해없음,승용,남,58세,경상
2016111300100338,2016년 11월 13일 17시,일요일,전라남도 고흥군 금산면,사망사고,1,1,0,1,차대차 - 추돌,안전운전불이행,습기,비,단일로 - 기타,화물,남,55세,부상신고,농기계,남,75세,사망
2016111300100339,2016년 11월 13일 17시,일요일,전라남도 해남군 해남읍,경상사고,0,0,2,0,차대차 - 정면충돌,신호위반,습기,비,교차로 - 교차로안,승용,남,43세,상해없음,승용,여,47세,경상
2016111300100340,2016년 11월 13일 17시,일요일,전라남도 무안군 청계면,경상사고,0,0,1,0,차대차 - 정면충돌,안전운전불이행,건조,맑음,단일로 - 기타,승용,남,51세,상해없음,승용,여,48세,경상
2016111300100393,2016년 11월 13일 18시,일요일,전라남도 목포시 상동,중상사고,0,1,0,0,차대사람 - 횡단중,안전운전불이행,기타,기타,단일로 - 기타,승용,여,21세,상해없음,보행자,여,73세,중상
2016111300100394,2016년 11월 13일 18시,일요일,전라남도 여수시 미평동,중상사고,0,1,0,0,차대차 - 측면직각충돌,안전운전불이행,건조,흐림,교차로 - 교차로안,승용,남,57세,상해없음,이륜,남,16세,중상
2016111300100395,2016년 11월 13일 18시,일요일,전라남도 장흥군 대덕읍,중상사고,0,1,0,0,차대차 - 기타,안전운전불이행,습기,비,교차로 - 교차로안,화물,남,56세,상해없음,자전거,여,76세,중상
2016111300100396,2016년 11월 13일 18시,일요일,전라남도 보성군 벌교읍,사망사고,1,0,0,0,차대사람 - 차도통행중,안전운전불이행,습기,비,단일로 - 기타,승용,여,70세,상해없음,보행자,남,90세 이상,사망
2016111300100397,2016년 11월 13일 18시,일요일,전라남도 보성군 조성면,중상사고,0,1,0,0,차대차 - 정면충돌,안전운전불이행,습기,비,기타 - 기타,화물,남,35세,상해없음,기타불명,남,35세,중상
2016111300100398,2016년 11월 13일 18시,일요일,전라남도 광양시 중동,중상사고,0,1,0,0,차대사람 - 횡단중,안전운전불이행,건조,맑음,교차로 - 교차로부근,승용,남,34세,상해없음,보행자,여,76세,중상
2016111300100466,2016년 11월 13일 20시,일요일,전라남도 장성군 남면,경상사고,0,0,4,0,차대차 - 추돌,안전운전불이행,습기,비,교차로 - 교차로부근,화물,남,70세,상해없음,승용,남,24세,경상
2016111300100496,2016년 11월 13일 21시,일요일,전라남도 순천시 조례동,경상사고,0,0,1,0,차대차 - 측면충돌,안전운전불이행,습기,비,교차로 - 교차로안,승용,남,45세,상해없음,원동기,남,17세,경상
2016111300100524,2016년 11월 13일 22시,일요일,전라남도 목포시 산정동,중상사고,0,1,0,0,차대사람 - 횡단중,신호위반,기타,기타,교차로 - 교차로부근,승용,남,43세,상해없음,보행자,남,65세,중상
2016111300100525,2016년 11월 13일 22시,일요일,전라남도 여수시 웅천동,경상사고,0,0,4,0,차대차 - 추돌,안전운전불이행,습기,비,단일로 - 기타,승용,남,62세,상해없음,승용,남,22세,경상
2016111300100543,2016년 11월 13일 23시,일요일,전라남도 목포시 상동,경상사고,0,0,3,0,차대차 - 측면충돌,직진우회전진행방해,습기,비,교차로 - 교차로안,승용,남,64세,경상,승용,여,54세,경상
2016111400100011,2016년 11월 14일 01시,월요일,전라남도 여수시 광무동,경상사고,0,0,1,0,차대차 - 추돌,안전운전불이행,습기,비,교차로 - 교차로부근,승용,남,32세,상해없음,승용,남,30세,경상
2016111400100021,2016년 11월 14일 02시,월요일,전라남도 장성군 장성읍,경상사고,0,0,1,0,차량단독 - 전도전복,안전운전불이행,습기,비,단일로 - 기타,승용,여,29세,경상,,,,
2016111400100038,2016년 11월 14일 05시,월요일,전라남도 목포시 상락동1가,중상사고,0,1,0,0,차대사람 - 횡단중,안전운전불이행,기타,기타,단일로 - 기타,화물,남,54세,상해없음,보행자,남,58세,중상
2016111400100039,2016년 11월 14일 05시,월요일,전라남도 순천시 조례동,경상사고,0,0,2,0,차대차 - 측면충돌,신호위반,습기,비,교차로 - 교차로안,승용,남,61세,경상,승용,남,40세,경상
2016111400100054,2016년 11월 14일 06시,월요일,전라남도 여수시 학동,경상사고,0,0,3,0,차대차 - 추돌,안전운전불이행,습기,비,단일로 - 기타,승용,여,40세,경상,승용,여,33세,경상
2016111400100083,2016년 11월 14일 07시,월요일,전라남도 보성군 미력면,경상사고,0,0,2,0,차량단독 - 전도전복,안전운전불이행,습기,비,단일로 - 기타,승용,여,56세,경상,,,,
2016111400100134,2016년 11월 14일 08시,월요일,전라남도 목포시 죽교동,경상사고,0,0,1,0,차대차 - 측면충돌,안전운전불이행,건조,맑음,교차로 - 교차로안,승용,남,66세,기타불명,승용,여,69세,경상
2016111400100135,2016년 11월 14일 08시,월요일,전라남도 순천시 연향동,경상사고,0,0,1,0,차대차 - 추돌,안전운전불이행,습기,비,단일로 - 기타,승용,남,53세,상해없음,승용,남,32세,경상
2016111400100136,2016년 11월 14일 08시,월요일,전라남도 광양시 금호동,중상사고,0,1,0,0,차대차 - 추돌,안전운전불이행,습기,비,교차로 - 교차로부근,승용,남,47세,상해없음,승용,여,37세,중상
2016111400100187,2016년 11월 14일 09시,월요일,전라남도 순천시 조곡동,경상사고,0,0,1,0,차대차 - 추돌,안전운전불이행,건조,맑음,교차로 - 교차로부근,승용,남,69세,상해없음,승용,여,64세,경상
2016111400100188,2016년 11월 14일 09시,월요일,전라남도 고흥군 남양면,중상사고,0,1,0,0,차대차 - 추돌,안전운전불이행,건조,맑음,단일로 - 기타,화물,남,55세,상해없음,승용,여,51세,중상
2016111400100189,2016년 11월 14일 09시,월요일,전라남도 해남군 해남읍,중상사고,0,2,0,0,차대차 - 측면직각충돌,직진우회전진행방해,습기,흐림,교차로 - 교차로안,승용,남,38세,상해없음,승합,남,57세,중상
2016111400100212,2016년 11월 14일 10시,월요일,전라남도 목포시 산정동,중상사고,0,1,0,0,차대차 - 측면충돌,안전운전불이행,건조,맑음,교차로 - 교차로부근,승용,남,52세,상해없음,이륜,남,73세,중상
2016111400100241,2016년 11월 14일 11시,월요일,전라남도 여수시 학동,중상사고,0,1,0,0,차대차 - 측면직각충돌,안전운전불이행,건조,맑음,교차로 - 교차로안,승용,남,52세,상해없음,승용,여,56세,중상
2016111400100274,2016년 11월 14일 12시,월요일,전라남도 나주시 대호동,부상신고사고,0,0,0,1,차대사람 - 횡단중,안전운전불이행,건조,맑음,교차로 - 교차로안,승용,남,20세,상해없음,보행자,여,68세,부상신고
2016111400100275,2016년 11월 14일 12시,월요일,전라남도 광양시 광양읍,중상사고,0,1,2,0,차대차 - 측면직각충돌,안전운전불이행,습기,흐림,교차로 - 교차로안,승용,남,30세,경상,승용,남,59세,경상
2016111400100276,2016년 11월 14일 12시,월요일,전라남도 광양시 중동,경상사고,0,0,1,0,차대차 - 추돌,안전운전불이행,습기,흐림,교차로 - 교차로안,화물,남,31세,상해없음,승용,여,41세,경상
2016111400100303,2016년 11월 14일 13시,월요일,전라남도 고흥군 도화면,경상사고,0,0,1,0,차량단독 - 공작물충돌,안전운전불이행,건조,맑음,단일로 - 기타,승용,여,34세,경상,,,,
2016111400100304,2016년 11월 14일 13시,월요일,전라남도 보성군 회천면,중상사고,0,1,0,0,차대차 - 측면직각충돌,중앙선침범,습기,흐림,단일로 - 기타,화물,남,63세,상해없음,승용,남,56세,기타불명
2016111400100305,2016년 11월 14일 13시,월요일,전라남도 곡성군 죽곡면,경상사고,0,0,1,0,차대차 - 기타,안전운전불이행,습기,흐림,단일로 - 기타,화물,남,67세,상해없음,화물,남,59세,경상
2016111400100332,2016년 11월 14일 14시,월요일,전라남도 여수시 안산동,경상사고,0,0,4,0,차대차 - 측면직각충돌,교차로운행방법위반,건조,맑음,교차로 - 교차로안,승용,남,52세,상해없음,승용,남,35세,경상
2016111400100333,2016년 11월 14일 14시,월요일,전라남도 장흥군 장흥읍,중상사고,0,1,1,0,차대차 - 측면직각충돌,직진우회전진행방해,건조,맑음,교차로 - 교차로안,화물,여,69세,경상,화물,남,67세,중상
2016111400100393,2016년 11월 14일 16시,월요일,전라남도 여수시 소호동,경상사고,0,0,1,0,차대차 - 측면직각충돌,중앙선침범,건조,맑음,단일로 - 기타,승용,남,54세,상해없음,승용,남,37세,경상
2016111400100394,2016년 11월 14일 16시,월요일,전라남도 해남군 산이면,중상사고,0,2,0,0,차대차 - 추돌,안전운전불이행,건조,맑음,교차로 - 교차로부근,화물,남,56세,상해없음,승용,남,55세,중상
2016111400100395,2016년 11월 14일 16시,월요일,전라남도 화순군 도암면,중상사고,0,1,0,0,차대사람 - 길가장자리구역통행중,안전운전불이행,습기,비,교차로 - 교차로부근,기타불명,기타불명,기타불명,기타불명,보행자,여,85세,중상
2016111400100448,2016년 11월 14일 17시,월요일,전라남도 장흥군 장흥읍,경상사고,0,0,1,0,차대차 - 추돌,기타,건조,맑음,교차로 - 교차로안,원동기,남,69세,경상,화물,남,54세,상해없음
2016111400100449,2016년 11월 14일 17시,월요일,전라남도 광양시 중동,경상사고,0,0,1,0,차대차 - 측면충돌,신호위반,건조,맑음,교차로 - 교차로안,특수,남,61세,상해없음,승용,남,47세,경상
2016111400100450,2016년 11월 14일 17시,월요일,전라남도 광양시 금호동,경상사고,0,0,1,0,차대차 - 기타,안전거리미확보,건조,맑음,단일로 - 기타,승용,남,49세,상해없음,특수,남,34세,경상
2016111400100500,2016년 11월 14일 18시,월요일,전라남도 목포시 명륜동,중상사고,0,1,0,0,차대사람 - 횡단중,안전운전불이행,습기,비,교차로 - 교차로부근,승용,여,45세,상해없음,보행자,남,69세,중상
2016111400100501,2016년 11월 14일 18시,월요일,전라남도 목포시 옥암동,경상사고,0,0,1,0,차대차 - 추돌,안전운전불이행,건조,맑음,교차로 - 교차로안,승용,남,27세,상해없음,승용,여,52세,경상
2016111400100502,2016년 11월 14일 18시,월요일,전라남도 목포시 산정동,경상사고,0,0,2,0,차대차 - 측면충돌,교차로운행방법위반,건조,흐림,교차로 - 교차로안,승합,남,61세,경상,특수,남,53세,상해없음
2016111400100503,2016년 11월 14일 18시,월요일,전라남도 여수시 신기동,경상사고,0,0,1,0,차대사람 - 횡단중,안전운전불이행,건조,맑음,단일로 - 기타,승용,여,54세,상해없음,보행자,남,49세,경상
2016111400100504,2016년 11월 14일 18시,월요일,전라남도 순천시 연향동,중상사고,0,1,0,0,차대사람 - 횡단중,안전운전불이행,건조,맑음,단일로 - 기타,승용,여,25세,상해없음,보행자,남,8세,중상
2016111400100505,2016년 11월 14일 18시,월요일,전라남도 화순군 화순읍,중상사고,0,1,0,0,차대사람 - 횡단중,안전운전불이행,습기,기타,단일로 - 기타,승용,남,43세,상해없음,보행자,여,48세,중상
2016111400100506,2016년 11월 14일 18시,월요일,전라남도 곡성군 곡성읍,중상사고,0,2,3,0,차대차 - 기타,안전운전불이행,습기,흐림,단일로 - 기타,화물,남,37세,상해없음,승용,여,52세,중상
2016111400100623,2016년 11월 14일 21시,월요일,전라남도 목포시 해안동1가,경상사고,0,0,1,0,차대차 - 측면충돌,안전운전불이행,건조,맑음,교차로 - 교차로안,화물,남,38세,상해없음,승용,남,55세,경상
2016111400100624,2016년 11월 14일 21시,월요일,전라남도 순천시 연향동,경상사고,0,0,1,0,차대차 - 측면충돌,직진우회전진행방해,건조,맑음,교차로 - 교차로안,승용,남,43세,상해없음,승용,남,61세,상해없음
2016111500100071,2016년 11월 15일 06시,화요일,전라남도 광양시 광양읍,경상사고,0,0,1,0,차대차 - 측면직각충돌,교차로운행방법위반,건조,맑음,교차로 - 교차로안,승용,여,51세,경상,승합,남,42세,상해없음
2016111500100123,2016년 11월 15일 08시,화요일,전라남도 순천시 연향동,중상사고,0,1,0,0,차대차 - 정면충돌,중앙선침범,건조,맑음,교차로 - 교차로부근,승용,여,41세,상해없음,이륜,여,39세,중상
2016111500100124,2016년 11월 15일 08시,화요일,전라남도 강진군 강진읍,경상사고,0,0,1,0,차대차 - 기타,안전운전불이행,건조,맑음,단일로 - 기타,화물,남,56세,상해없음,원동기,남,84세,상해없음
2016111500100125,2016년 11월 15일 08시,화요일,전라남도 광양시 광양읍,경상사고,0,0,1,0,차대차 - 기타,안전운전불이행,건조,맑음,교차로 - 교차로안,승용,남,58세,상해없음,승용,남,49세,상해없음
2016111500100165,2016년 11월 15일 09시,화요일,전라남도 순천시 서면,경상사고,0,0,3,0,차대차 - 기타,안전거리미확보,건조,맑음,단일로 - 기타,승용,남,64세,경상,특수,남,52세,상해없음
2016111500100166,2016년 11월 15일 09시,화요일,전라남도 무안군 무안읍,경상사고,0,0,1,0,차대차 - 측면충돌,안전운전불이행,건조,맑음,교차로 - 교차로안,화물,남,40세,상해없음,승용,남,26세,경상
2016111500100210,2016년 11월 15일 10시,화요일,전라남도 여수시 선원동,경상사고,0,0,3,0,차대차 - 추돌,안전운전불이행,건조,맑음,교차로 - 교차로부근,승용,남,34세,경상,승용,남,50세,경상
2016111500100211,2016년 11월 15일 10시,화요일,전라남도 나주시 토계동,경상사고,0,0,3,0,차대차 - 측면직각충돌,교차로운행방법위반,건조,맑음,교차로 - 교차로안,승용,여,57세,경상,화물,남,51세,경상
2016111500100212,2016년 11월 15일 10시,화요일,전라남도 구례군 구례읍,경상사고,0,0,1,0,차대차 - 기타,안전운전불이행,건조,맑음,단일로 - 기타,승용,여,24세,기타불명,자전거,남,61세,경상
2016111500100241,2016년 11월 15일 11시,화요일,전라남도 순천시 풍덕동,중상사고,0,2,2,0,차대차 - 추돌,안전운전불이행,건조,맑음,단일로 - 기타,승용,남,47세,기타불명,승용,남,59세,중상
2016111500100242,2016년 11월 15일 11시,화요일,전라남도 영암군 금정면,중상사고,0,3,0,0,차대차 - 측면직각충돌,중앙선침범,건조,맑음,단일로 - 기타,화물,남,72세,상해없음,승용,남,36세,중상
2016111500100243,2016년 11월 15일 11시,화요일,전라남도 구례군 구례읍,중상사고,0,1,2,0,차량단독 - 전도전복,안전운전불이행,건조,맑음,기타 - 기타,화물,남,82세,중상,,,,