사고번호,사고일시,요일,시군구,사고내용,사망자수,중상자수,경상자수,부상신고자수,사고유형,법규위반,노면상태,기상상태,도로형태,가해운전자 차종,가해운전자 성별,가해운전자 연령,가해운전자 상해정도,피해운전자 차종,피해운전자 성별,피해운전자 연령,피해운전자 상해정도
2016111500100273,2016년 11월 15일 12시,화요일,전라남도 나주시 공산면,사망사고,1,0,0,0,차대차 - 정면충돌,중앙선침범,건조,맑음,단일로 - 기타,화물,남,66세,상해없음,이륜,남,74세,사망
2016111500100344,2016년 11월 15일 14시,화요일,전라남도 해남군 해남읍,사망사고,1,0,0,0,차량단독 - 전도전복,안전운전불이행,건조,맑음,단일로 - 기타,원동기,남,80세,사망,,,,
2016111500100345,2016년 11월 15일 14시,화요일,전라남도 영암군 영암읍,중상사고,0,1,0,0,차대차 - 측면직각충돌,안전운전불이행,건조,맑음,교차로 - 교차로부근,원동기,여,78세,중상,화물,남,74세,상해없음
2016111500100380,2016년 11월 15일 15시,화요일,전라남도 목포시 옥암동,중상사고,0,1,1,0,차대차 - 정면충돌,안전운전불이행,건조,흐림,교차로 - 교차로안,승용,남,62세,중상,승용,남,53세,경상
2016111500100381,2016년 11월 15일 15시,화요일,전라남도 목포시 대의동2가,중상사고,0,1,0,0,차대차 - 정면충돌,안전운전불이행,건조,맑음,교차로 - 교차로안,승용,남,77세,상해없음,이륜,남,71세,중상
2016111500100382,2016년 11월 15일 15시,화요일,전라남도 순천시 해룡면,경상사고,0,0,1,0,차대차 - 정면충돌,교차로운행방법위반,건조,맑음,교차로 - 교차로안,승용,남,56세,상해없음,승용,남,54세,경상
2016111500100426,2016년 11월 15일 16시,화요일,전라남도 목포시 용해동,경상사고,0,0,1,0,차대사람 - 횡단중,안전운전불이행,건조,맑음,단일로 - 기타,승용,남,62세,상해없음,보행자,여,16세,경상
2016111500100427,2016년 11월 15일 16시,화요일,전라남도 목포시 산정동,경상사고,0,0,2,0,차대차 - 추돌,안전운전불이행,건조,맑음,교차로 - 교차로안,승용,남,39세,상해없음,승용,남,36세,경상
2016111500100428,2016년 11월 15일 16시,화요일,전라남도 고흥군 포두면,중상사고,0,2,1,0,차대차 - 측면충돌,중앙선침범,건조,맑음,단일로 - 기타,화물,남,64세,경상,화물,남,57세,중상
2016111500100429,2016년 11월 15일 16시,화요일,전라남도 화순군 화순읍,경상사고,0,0,1,0,차대차 - 추돌,안전거리미확보,건조,맑음,단일로 - 기타,화물,남,65세,상해없음,승용,남,21세,경상
2016111500100477,2016년 11월 15일 17시,화요일,전라남도 여수시 신월동,중상사고,0,1,0,0,차대차 - 측면직각충돌,안전운전불이행,건조,맑음,교차로 - 교차로안,승용,남,28세,상해없음,원동기,남,27세,중상
2016111500100478,2016년 11월 15일 17시,화요일,전라남도 나주시 남평읍,경상사고,0,0,1,0,차대차 - 기타,차로위반,건조,맑음,단일로 - 기타,승용,여,55세,경상,화물,남,49세,상해없음
2016111500100479,2016년 11월 15일 17시,화요일,전라남도 광양시 광양읍,경상사고,0,0,2,0,차대차 - 측면직각충돌,교차로운행방법위반,건조,맑음,교차로 - 교차로안,승용,남,71세,상해없음,승용,여,43세,경상
2016111500100535,2016년 11월 15일 18시,화요일,전라남도 화순군 화순읍,경상사고,0,0,3,0,차대차 - 추돌,안전거리미확보,건조,맑음,교차로 - 교차로부근,승용,여,53세,상해없음,승용,남,52세,경상
2016111500100536,2016년 11월 15일 18시,화요일,전라남도 완도군 완도읍,경상사고,0,0,1,0,차대사람 - 기타,안전운전불이행,건조,맑음,단일로 - 기타,화물,남,33세,상해없음,보행자,남,50세,경상
2016111500100537,2016년 11월 15일 18시,화요일,전라남도 광양시 광양읍,중상사고,0,1,0,0,차대사람 - 횡단중,안전운전불이행,건조,맑음,교차로 - 교차로부근,승용,남,37세,상해없음,보행자,남,81세,중상
2016111500100588,2016년 11월 15일 19시,화요일,전라남도 여수시 여서동,경상사고,0,0,1,0,차대차 - 측면직각충돌,교차로운행방법위반,건조,맑음,교차로 - 교차로안,이륜,남,41세,경상,승용,남,52세,상해없음
2016111500100624,2016년 11월 15일 20시,화요일,전라남도 함평군 대동면,경상사고,0,0,3,0,차대차 - 정면충돌,중앙선침범,건조,맑음,단일로 - 기타,승용,남,66세,상해없음,승용,남,51세,경상
2016111500100667,2016년 11월 15일 21시,화요일,전라남도 화순군 이양면,경상사고,0,0,2,0,차대차 - 추돌,안전운전불이행,건조,맑음,교차로 - 교차로안,승용,남,54세,상해없음,승용,남,56세,경상
2016111500100693,2016년 11월 15일 22시,화요일,전라남도 담양군 담양읍,중상사고,0,1,3,0,차량단독 - 공작물충돌,안전운전불이행,건조,맑음,단일로 - 기타,승용,남,21세,경상,,,,
2016111600100037,2016년 11월 16일 02시,수요일,전라남도 순천시 해룡면,중상사고,0,2,1,0,차량단독 - 전도전복,안전운전불이행,건조,맑음,단일로 - 기타,승용,여,52세,중상,,,,
2016111600100055,2016년 11월 16일 05시,수요일,전라남도 여수시 국동,경상사고,0,0,1,0,차대차 - 추돌,기타,건조,맑음,단일로 - 기타,원동기,남,29세,경상,승용,남,39세,기타불명
2016111600100072,2016년 11월 16일 06시,수요일,전라남도 목포시 용당동,경상사고,0,0,2,0,차대차 - 기타,직진우회전진행방해,건조,맑음,교차로 - 교차로안,승용,남,36세,경상,승용,남,57세,경상
2016111600100073,2016년 11월 16일 06시,수요일,전라남도 화순군 도곡면,중상사고,0,1,1,0,차대차 - 정면충돌,안전운전불이행,건조,맑음,교차로 - 교차로안,승용,여,37세,경상,승용,남,55세,중상
2016111600100104,2016년 11월 16일 07시,수요일,전라남도 여수시 신기동,경상사고,0,0,2,0,차대차 - 측면직각충돌,교차로운행방법위반,건조,맑음,교차로 - 교차로안,원동기,남,56세,경상,승용,남,58세,경상
2016111600100149,2016년 11월 16일 08시,수요일,전라남도 순천시 인월동,경상사고,0,0,1,0,차대차 - 추돌,안전거리미확보,건조,맑음,단일로 - 기타,승용,여,35세,상해없음,승용,여,66세,경상
2016111600100150,2016년 11월 16일 08시,수요일,전라남도 화순군 춘양면,경상사고,0,0,1,0,차대차 - 추돌,기타,건조,맑음,단일로 - 터널,화물,남,38세,상해없음,화물,남,28세,상해없음
2016111600100191,2016년 11월 16일 09시,수요일,전라남도 여수시 둔덕동,경상사고,0,0,1,0,차대차 - 정면충돌,안전운전불이행,건조,맑음,교차로 - 교차로부근,승용,남,53세,상해없음,승용,여,58세,경상
2016111600100192,2016년 11월 16일 09시,수요일,전라남도 순천시 조례동,중상사고,0,1,0,0,차대사람 - 횡단중,보행자보호의무위반,건조,맑음,교차로 - 교차로부근,승합,남,74세,상해없음,보행자,여,79세,중상
2016111600100227,2016년 11월 16일 10시,수요일,전라남도 해남군 옥천면,경상사고,0,0,1,0,차대차 - 정면충돌,직진우회전진행방해,건조,맑음,교차로 - 교차로안,화물,남,68세,상해없음,승용,남,28세,경상
2016111600100228,2016년 11월 16일 10시,수요일,전라남도 해남군 현산면,경상사고,0,0,1,0,차대차 - 추돌,안전운전불이행,건조,맑음,단일로 - 기타,특수,남,57세,상해없음,화물,남,56세,경상
2016111600100261,2016년 11월 16일 11시,수요일,전라남도 목포시 대양동,중상사고,0,1,1,0,차대차 - 추돌,안전운전불이행,건조,맑음,단일로 - 기타,승용,남,67세,중상,화물,남,60세,경상
2016111600100262,2016년 11월 16일 11시,수요일,전라남도 보성군 조성면,경상사고,0,0,1,0,차대차 - 측면직각충돌,안전운전불이행,건조,맑음,기타 - 기타,승용,남,26세,상해없음,이륜,남,79세,경상
2016111600100263,2016년 11월 16일 11시,수요일,전라남도 강진군 도암면,중상사고,0,1,0,0,차량단독 - 기타,안전운전불이행,건조,맑음,단일로 - 기타,원동기,남,50세,중상,,,,
2016111600100264,2016년 11월 16일 11시,수요일,전라남도 광양시 진월면,중상사고,0,2,1,0,차대차 - 측면충돌,중앙선침범,건조,맑음,단일로 - 기타,이륜,남,73세,경상,이륜,남,75세,중상
2016111600100306,2016년 11월 16일 12시,수요일,전라남도 순천시 연향동,중상사고,0,1,0,0,차대사람 - 보도통행중,보행자보호의무위반,건조,맑음,교차로 - 교차로안,승용,남,39세,상해없음,보행자,여,76세,중상
2016111600100307,2016년 11월 16일 12시,수요일,전라남도 함평군 대동면,중상사고,0,1,1,0,차대차 - 추돌,안전운전불이행,건조,맑음,교차로 - 교차로부근,화물,남,48세,중상,화물,남,71세,경상
2016111600100308,2016년 11월 16일 12시,수요일,전라남도 장흥군 장흥읍,중상사고,0,1,0,0,차대차 - 추돌,안전운전불이행,건조,맑음,단일로 - 터널,승용,남,42세,상해없음,화물,남,54세,상해없음
2016111600100339,2016년 11월 16일 13시,수요일,전라남도 광양시 광양읍,중상사고,0,1,1,0,차대차 - 측면충돌,안전운전불이행,건조,맑음,교차로 - 교차로안,승용,여,46세,중상,승용,남,39세,경상
2016111600100367,2016년 11월 16일 14시,수요일,전라남도 나주시 빛가람동,경상사고,0,0,2,0,차대차 - 측면직각충돌,안전운전불이행,건조,맑음,단일로 - 기타,특수,남,44세,상해없음,승용,남,31세,경상
2016111600100397,2016년 11월 16일 15시,수요일,전라남도 해남군 문내면,경상사고,0,0,1,0,차량단독 - 전도전복,안전운전불이행,건조,맑음,단일로 - 기타,이륜,남,85세,경상,,,,
2016111600100437,2016년 11월 16일 16시,수요일,전라남도 순천시 매곡동,경상사고,0,0,1,0,차대차 - 정면충돌,기타,건조,맑음,단일로 - 기타,화물,남,56세,상해없음,승용,남,44세,경상
2016111600100438,2016년 11월 16일 16시,수요일,전라남도 화순군 화순읍,경상사고,0,0,6,0,차대차 - 측면충돌,직진우회전진행방해,건조,맑음,교차로 - 교차로안,승용,여,35세,경상,승용,남,59세,경상
2016111600100481,2016년 11월 16일 17시,수요일,전라남도 보성군 득량면,중상사고,0,1,0,0,차대사람 - 횡단중,안전운전불이행,건조,맑음,교차로 - 교차로부근,화물,남,66세,상해없음,보행자,남,70세,중상
2016111600100535,2016년 11월 16일 18시,수요일,전라남도 무안군 청계면,경상사고,0,0,1,0,차대사람 - 길가장자리구역통행중,안전운전불이행,건조,맑음,단일로 - 기타,승용,여,58세,상해없음,보행자,여,69세,경상
2016111600100536,2016년 11월 16일 18시,수요일,전라남도 광양시 진월면,경상사고,0,0,2,0,차대차 - 측면충돌,교차로운행방법위반,건조,맑음,교차로 - 교차로안,화물,남,41세,경상,특수,남,48세,경상
2016111600100577,2016년 11월 16일 19시,수요일,전라남도 목포시 용해동,중상사고,0,1,0,0,차대차 - 측면충돌,안전운전불이행,건조,맑음,교차로 - 교차로안,이륜,남,50세,중상,승용,남,64세,상해없음
2016111600100578,2016년 11월 16일 19시,수요일,전라남도 순천시 서면,경상사고,0,0,4,0,차대차 - 추돌,안전운전불이행,건조,맑음,단일로 - 기타,화물,남,43세,상해없음,승합,여,36세,경상
2016111600100579,2016년 11월 16일 19시,수요일,전라남도 광양시 광양읍,중상사고,0,1,0,0,차대차 - 정면충돌,중앙선침범,건조,맑음,단일로 - 기타,승용,남,48세,상해없음,이륜,남,19세,중상
2016111600100580,2016년 11월 16일 19시,수요일,전라남도 광양시 중동,부상신고사고,0,0,0,1,차대사람 - 횡단중,보행자보호의무위반,건조,맑음,단일로 - 횡단보도상,승용,남,48세,상해없음,보행자,남,20세,부상신고
2016111600100606,2016년 11월 16일 20시,수요일,전라남도 순천시 연향동,경상사고,0,0,1,0,차대차 - 추돌,안전운전불이행,건조,맑음,단일로 - 기타,승용,남,30세,상해없음,승용,여,46세,경상
2016111600100607,2016년 11월 16일 20시,수요일,전라남도 장성군 장성읍,경상사고,0,0,1,0,차량단독 - 전도전복,안전운전불이행,건조,맑음,단일로 - 기타,승용,남,48세,상해없음,,,,
2016111600100687,2016년 11월 16일 23시,수요일,전라남도 여수시 웅천동,경상사고,0,0,3,0,차대차 - 측면직각충돌,신호위반,건조,맑음,교차로 - 교차로안,승용,남,54세,상해없음,승용,남,49세,경상
2016111700100013,2016년 11월 17일 00시,목요일,전라남도 순천시 해룡면,경상사고,0,0,3,0,차대차 - 측면충돌,안전운전불이행,건조,맑음,교차로 - 교차로안,승용,남,64세,경상,승용,여,48세,경상
2016111700100038,2016년 11월 17일 01시,목요일,전라남도 여수시 문수동,경상사고,0,0,1,0,차대차 - 추돌,안전거리미확보,건조,맑음,단일로 - 기타,승용,남,20세,상해없음,승용,남,51세,경상
2016111700100039,2016년 11월 17일 01시,목요일,전라남도 완도군 군외면,중상사고,0,1,1,0,차량단독 - 전도전복,안전운전불이행,건조,맑음,교차로 - 교차로부근,승용,남,49세,경상,,,,
2016111700100154,2016년 11월 17일 09시,목요일,전라남도 목포시 호남동,중상사고,0,1,0,0,차대차 - 기타,안전거리미확보,건조,맑음,교차로 - 교차로부근,자전거,여,52세,중상,승용,여,42세,상해없음
2016111700100186,2016년 11월 17일 10시,목요일,전라남도 진도군 진도읍,중상사고,0,1,0,0,차량단독 - 기타,안전운전불이행,건조,맑음,단일로 - 기타,승합,남,60세,상해없음,,,,
2016111700100220,2016년 11월 17일 11시,목요일,전라남도 신안군 장산면,경상사고,0,0,1,0,차대차 - 추돌,안전운전불이행,건조,맑음,교차로 - 교차로부근,화물,남,30세,상해없음,이륜,남,75세,경상
2016111700100276,2016년 11월 17일 13시,목요일,전라남도 목포시 용당동,경상사고,0,0,1,0,차대차 - 측면충돌,안전운전불이행,건조,맑음,단일로 - 기타,승용,남,61세,상해없음,승합,남,57세,상해없음
2016111700100277,2016년 11월 17일 13시,목요일,전라남도 순천시 조례동,중상사고,0,1,0,0,차대차 - 기타,기타,건조,맑음,단일로 - 기타,화물,남,53세,중상,승용,여,37세,상해없음
2016111700100278,2016년 11월 17일 13시,목요일,전라남도 순천시 대대동,경상사고,0,0,1,1,차대차 - 측면충돌,교차로운행방법위반,건조,맑음,교차로 - 교차로안,승용,남,66세,부상신고,승용,남,76세,경상
2016111700100318,2016년 11월 17일 14시,목요일,전라남도 순천시 장천동,경상사고,0,0,1,0,차대차 - 측면충돌,안전운전불이행,건조,맑음,단일로 - 기타,승용,여,65세,상해없음,승합,남,59세,상해없음
2016111700100319,2016년 11월 17일 14시,목요일,전라남도 담양군 담양읍,경상사고,0,0,1,0,차대차 - 정면충돌,직진우회전진행방해,건조,맑음,교차로 - 교차로안,승용,여,43세,상해없음,원동기,남,76세,상해없음
2016111700100320,2016년 11월 17일 14시,목요일,전라남도 무안군 청계면,중상사고,0,1,0,0,차대사람 - 횡단중,안전운전불이행,건조,맑음,단일로 - 기타,건설기계,남,45세,상해없음,보행자,남,55세,중상
2016111700100321,2016년 11월 17일 14시,목요일,전라남도 진도군 진도읍,중상사고,0,1,0,0,차대사람 - 횡단중,안전운전불이행,건조,맑음,단일로 - 기타,승용,남,68세,상해없음,보행자,여,76세,중상
2016111700100322,2016년 11월 17일 14시,목요일,전라남도 구례군 구례읍,경상사고,0,0,2,0,차대차 - 측면충돌,교차로운행방법위반,건조,맑음,교차로 - 교차로안,원동기,여,22세,경상,승용,여,46세,경상
2016111700100355,2016년 11월 17일 15시,목요일,전라남도 여수시 연등동,경상사고,0,0,2,0,차대차 - 측면충돌,교차로운행방법위반,건조,맑음,교차로 - 교차로안,승용,남,31세,상해없음,이륜,남,24세,경상
2016111700100356,2016년 11월 17일 15시,목요일,전라남도 순천시 삼거동,사망사고,1,0,0,0,차량단독 - 도로외이탈 - 추락,안전운전불이행,건조,맑음,단일로 - 기타,화물,여,57세,사망,,,,
2016111700100357,2016년 11월 17일 15시,목요일,전라남도 장흥군 관산읍,중상사고,0,1,1,0,차대차 - 측면충돌,중앙선침범,건조,맑음,단일로 - 기타,승용,남,75세,상해없음,승용,여,53세,중상
2016111700100358,2016년 11월 17일 15시,목요일,전라남도 해남군 해남읍,경상사고,0,0,1,0,차대사람 - 횡단중,안전운전불이행,습기,맑음,교차로 - 교차로안,화물,남,30세,상해없음,보행자,여,65세,경상
2016111700100359,2016년 11월 17일 15시,목요일,전라남도 해남군 북평면,경상사고,0,0,3,0,차대차 - 기타,직진우회전진행방해,건조,맑음,교차로 - 교차로안,화물,남,64세,상해없음,승합,남,74세,상해없음
2016111700100360,2016년 11월 17일 15시,목요일,전라남도 무안군 삼향읍,경상사고,0,0,1,0,차대사람 - 횡단중,안전운전불이행,건조,맑음,교차로 - 교차로부근,승용,여,39세,상해없음,보행자,남,6세,경상
2016111700100393,2016년 11월 17일 16시,목요일,전라남도 순천시 해룡면,중상사고,0,1,1,0,차대차 - 정면충돌,신호위반,건조,맑음,교차로 - 교차로안,승용,남,34세,상해없음,승용,여,60세,중상
2016111700100394,2016년 11월 17일 16시,목요일,전라남도 해남군 산이면,경상사고,0,0,1,0,차대차 - 정면충돌,안전운전불이행,건조,맑음,단일로 - 기타,화물,남,57세,상해없음,승용,남,61세,경상
2016111700100437,2016년 11월 17일 17시,목요일,전라남도 고흥군 남양면,경상사고,0,0,1,0,차대차 - 추돌,안전운전불이행,건조,맑음,단일로 - 기타,승용,남,72세,상해없음,농기계,남,71세,경상
2016111700100438,2016년 11월 17일 17시,목요일,전라남도 함평군 신광면,경상사고,0,0,1,1,차량단독 - 전도전복,안전운전불이행,건조,맑음,교차로 - 교차로부근,승용,남,61세,부상신고,,,,
2016111700100439,2016년 11월 17일 17시,목요일,전라남도 광양시 광양읍,경상사고,0,0,3,0,차대차 - 추돌,안전운전불이행,건조,맑음,교차로 - 교차로부근,승용,여,48세,상해없음,승용,남,31세,경상
2016111700100488,2016년 11월 17일 18시,목요일,전라남도 나주시 금천면,경상사고,0,0,1,0,차대차 - 추돌,안전운전불이행,건조,맑음,교차로 - 교차로부근,승용,여,40세,상해없음,화물,남,27세,경상
2016111700100489,2016년 11월 17일 18시,목요일,전라남도 곡성군 석곡면,중상사고,0,1,0,0,차대사람 - 길가장자리구역통행중,안전운전불이행,건조,맑음,교차로 - 교차로부근,승합,남,78세,상해없음,보행자,남,54세,중상
2016111700100550,2016년 11월 17일 19시,목요일,전라남도 나주시 대기동,경상사고,0,0,2,0,차대차 - 기타,직진우회전진행방해,건조,맑음,교차로 - 교차로안,승용,남,29세,경상,승용,여,43세,경상
2016111700100551,2016년 11월 17일 19시,목요일,전라남도 장성군 장성읍,경상사고,0,0,1,0,차량단독 - 전도전복,교차로운행방법위반,건조,맑음,교차로 - 교차로안,이륜,남,75세,경상,,,,
2016111700100552,2016년 11월 17일 19시,목요일,전라남도 담양군 담양읍,중상사고,0,1,0,0,차대차 - 측면직각충돌,안전운전불이행,건조,맑음,교차로 - 교차로안,화물,남,46세,상해없음,자전거,남,16세,중상
2016111700100553,2016년 11월 17일 19시,목요일,전라남도 광양시 중동,경상사고,0,0,1,0,차대차 - 측면충돌,직진우회전진행방해,건조,맑음,교차로 - 교차로안,승용,여,49세,상해없음,이륜,남,19세,경상
2016111700100588,2016년 11월 17일 20시,목요일,전라남도 순천시 서면,중상사고,0,2,2,0,차대차 - 측면충돌,안전운전불이행,건조,맑음,단일로 - 기타,화물,남,54세,상해없음,승용,남,45세,중상
2016111700100589,2016년 11월 17일 20시,목요일,전라남도 강진군 강진읍,경상사고,0,0,1,0,차대사람 - 기타,안전운전불이행,건조,맑음,교차로 - 교차로안,승용,남,40세,상해없음,보행자,남,40세,경상
2016111700100616,2016년 11월 17일 21시,목요일,전라남도 광양시 중동,경상사고,0,0,1,0,차대차 - 측면충돌,신호위반,건조,맑음,교차로 - 교차로안,승용,여,49세,상해없음,이륜,남,27세,경상
2016111700100647,2016년 11월 17일 22시,목요일,전라남도 목포시 용당동,중상사고,0,1,0,0,차대사람 - 횡단중,안전운전불이행,건조,맑음,교차로 - 교차로안,승용,남,38세,상해없음,보행자,남,65세,중상
2016111700100648,2016년 11월 17일 22시,목요일,전라남도 구례군 문척면,중상사고,0,1,0,0,차대차 - 정면충돌,중앙선침범,건조,맑음,단일로 - 기타,건설기계,남,56세,상해없음,농기계,남,69세,중상
2016111700100672,2016년 11월 17일 23시,목요일,전라남도 목포시 산정동,중상사고,0,1,1,0,차대차 - 측면직각충돌,직진우회전진행방해,건조,맑음,교차로 - 교차로안,승용,남,35세,중상,승용,남,39세,경상
2016111700100673,2016년 11월 17일 23시,목요일,전라남도 해남군 문내면,중상사고,0,1,0,0,차대사람 - 길가장자리구역통행중,안전운전불이행,건조,맑음,단일로 - 기타,승용,남,47세,상해없음,보행자,남,62세,중상
2016111800100017,2016년 11월 18일 00시,금요일,전라남도 목포시 옥암동,중상사고,0,3,1,0,차대차 - 측면직각충돌,안전운전불이행,건조,맑음,교차로 - 교차로안,승용,여,39세,중상,화물,남,63세,경상
2016111800100018,2016년 11월 18일 00시,금요일,전라남도 순천시 덕암동,경상사고,0,0,1,0,차대차 - 측면직각충돌,직진우회전진행방해,건조,맑음,교차로 - 교차로안,승용,남,48세,상해없음,승용,남,60세,경상
2016111800100019,2016년 11월 18일 00시,금요일,전라남도 해남군 송지면,중상사고,0,1,0,0,차량단독 - 기타,기타,건조,맑음,단일로 - 기타,승합,남,34세,상해없음,,,,
2016111800100044,2016년 11월 18일 02시,금요일,전라남도 순천시 조곡동,경상사고,0,0,1,0,차량단독 - 전도전복,안전운전불이행,건조,맑음,단일로 - 기타,승용,남,42세,경상,,,,
2016111800100055,2016년 11월 18일 04시,금요일,전라남도 순천시 조곡동,부상신고사고,0,0,0,1,차대차 - 추돌,안전운전불이행,건조,맑음,단일로 - 터널,승용,남,25세,부상신고,승용,여,34세,상해없음
2016111800100088,2016년 11월 18일 06시,금요일,전라남도 여수시 문수동,경상사고,0,0,1,0,차대사람 - 횡단중,안전운전불이행,건조,맑음,단일로 - 기타,승용,남,67세,상해없음,보행자,여,24세,경상
2016111800100089,2016년 11월 18일 06시,금요일,전라남도 해남군 화산면,중상사고,0,1,0,0,차대사람 - 횡단중,안전운전불이행,건조,맑음,교차로 - 교차로안,이륜,남,74세,상해없음,보행자,여,73세,중상
2016111800100128,2016년 11월 18일 08시,금요일,전라남도 나주시 세지면,중상사고,0,1,0,0,차대사람 - 차도통행중,중앙선침범,건조,맑음,단일로 - 기타,승합,남,71세,상해없음,보행자,남,65세,중상
2016111800100172,2016년 11월 18일 09시,금요일,전라남도 순천시 해룡면,중상사고,0,1,1,0,차대차 - 추돌,기타,건조,맑음,단일로 - 기타,승용,여,57세,상해없음,원동기,남,85세,중상
2016111800100195,2016년 11월 18일 10시,금요일,전라남도 무안군 삼향읍,경상사고,0,0,1,0,차대차 - 기타,안전거리미확보,건조,맑음,단일로 - 기타,건설기계,남,50세,상해없음,승용,여,29세,경상
2016111800100219,2016년 11월 18일 11시,금요일,전라남도 신안군 지도읍,중상사고,0,2,0,0,차대차 - 측면직각충돌,직진우회전진행방해,건조,맑음,교차로 - 교차로안,승용,여,61세,상해없음,이륜,남,74세,중상
2016111800100256,2016년 11월 18일 12시,금요일,전라남도 고흥군 고흥읍,경상사고,0,0,2,0,차대차 - 추돌,안전운전불이행,건조,맑음,단일로 - 기타,건설기계,남,48세,상해없음,승용,남,49세,경상
2016111800100257,2016년 11월 18일 12시,금요일,전라남도 화순군 화순읍,중상사고,0,1,0,0,차대차 - 측면직각충돌,안전운전불이행,건조,맑음,단일로 - 기타,이륜,남,78세,중상,승용,여,61세,상해없음
2016111800100258,2016년 11월 18일 12시,금요일,전라남도 완도군 청산면,중상사고,0,1,0,0,차대사람 - 횡단중,안전운전불이행,건조,맑음,단일로 - 기타,화물,남,53세,상해없음,보행자,여,81세,중상
2016111800100295,2016년 11월 18일 13시,금요일,전라남도 여수시 웅천동,경상사고,0,0,1,0,차대차 - 정면충돌,안전운전불이행,건조,맑음,교차로 - 교차로부근,승용,여,38세,상해없음,승용,여,43세,경상
2016111800100296,2016년 11월 18일 13시,금요일,전라남도 순천시 주암면,경상사고,0,0,3,0,차량단독 - 전도전복,안전운전불이행,건조,맑음,교차로 - 교차로부근,승용,여,31세,상해없음,,,,
2016111800100297,2016년 11월 18일 13시,금요일,전라남도 화순군 화순읍,경상사고,0,0,1,0,차대차 - 측면충돌,교차로운행방법위반,건조,맑음,교차로 - 교차로안,승용,남,64세,상해없음,승용,남,67세,경상
2016111800100327,2016년 11월 18일 14시,금요일,전라남도 순천시 조례동,중상사고,0,1,0,0,차대차 - 측면충돌,신호위반,습기,비,교차로 - 교차로부근,승용,여,61세,상해없음,자전거,남,77세,중상
2016111800100356,2016년 11월 18일 15시,금요일,전라남도 목포시 옥암동,경상사고,0,0,3,0,차대차 - 측면직각충돌,신호위반,습기,비,교차로 - 교차로안,승용,여,33세,상해없음,승용,여,35세,경상
2016111800100357,2016년 11월 18일 15시,금요일,전라남도 강진군 칠량면,경상사고,0,0,2,0,차대차 - 추돌,안전거리미확보,습기,비,단일로 - 기타,화물,남,55세,상해없음,승용,여,53세,경상
2016111800100392,2016년 11월 18일 16시,금요일,전라남도 목포시 상동,경상사고,0,0,2,0,차대사람 - 횡단중,보행자보호의무위반,습기,비,단일로 - 횡단보도상,이륜,남,16세,상해없음,보행자,여,17세,경상
2016111800100393,2016년 11월 18일 16시,금요일,전라남도 여수시 웅천동,경상사고,0,0,2,0,차대차 - 정면충돌,안전운전불이행,습기,비,교차로 - 교차로부근,승용,남,60세,상해없음,승용,여,54세,경상
2016111800100394,2016년 11월 18일 16시,금요일,전라남도 순천시 동외동,중상사고,0,1,0,0,차대차 - 추돌,안전운전불이행,습기,비,교차로 - 교차로부근,화물,남,24세,상해없음,승용,남,25세,중상
2016111800100452,2016년 11월 18일 17시,금요일,전라남도 여수시 여서동,경상사고,0,0,4,0,차대차 - 추돌,안전운전불이행,습기,비,단일로 - 기타,승용,남,66세,상해없음,승용,남,39세,경상
2016111800100453,2016년 11월 18일 17시,금요일,전라남도 여수시 여서동,경상사고,0,0,3,0,차대차 - 정면충돌,안전운전불이행,습기,비,단일로 - 기타,승용,남,43세,상해없음,승용,여,46세,경상
2016111800100454,2016년 11월 18일 17시,금요일,전라남도 여수시 신기동,경상사고,0,0,5,0,차대차 - 추돌,안전운전불이행,습기,비,단일로 - 기타,화물,남,65세,상해없음,승용,남,61세,경상
2016111800100525,2016년 11월 18일 18시,금요일,전라남도 목포시 산정동,중상사고,0,1,0,0,차대사람 - 횡단중,안전운전불이행,습기,비,단일로 - 기타,승용,남,74세,상해없음,보행자,여,83세,중상
2016111800100526,2016년 11월 18일 18시,금요일,전라남도 여수시 미평동,중상사고,0,1,0,0,차대사람 - 횡단중,안전운전불이행,습기,비,단일로 - 기타,승용,여,33세,상해없음,보행자,여,58세,중상
2016111800100527,2016년 11월 18일 18시,금요일,전라남도 순천시 장천동,경상사고,0,0,1,0,차대사람 - 횡단중,안전운전불이행,습기,비,단일로 - 횡단보도상,승용,여,43세,상해없음,보행자,남,17세,경상
2016111800100528,2016년 11월 18일 18시,금요일,전라남도 순천시 별량면,경상사고,0,0,1,0,차대차 - 기타,안전거리미확보,습기,비,교차로 - 교차로부근,승용,남,27세,상해없음,승용,여,57세,경상
2016111800100529,2016년 11월 18일 18시,금요일,전라남도 영광군 군서면,중상사고,0,1,2,0,차대차 - 측면직각충돌,직진우회전진행방해,습기,비,교차로 - 교차로안,승용,여,35세,경상,화물,남,49세,경상
2016111800100603,2016년 11월 18일 19시,금요일,전라남도 목포시 옥암동,경상사고,0,0,1,0,차대사람 - 횡단중,보행자보호의무위반,습기,비,단일로 - 횡단보도상,승용,남,45세,상해없음,보행자,여,38세,경상