사고번호,사고일시,요일,시군구,사고내용,사망자수,중상자수,경상자수,부상신고자수,사고유형,법규위반,노면상태,기상상태,도로형태,가해운전자 차종,가해운전자 성별,가해운전자 연령,가해운전자 상해정도,피해운전자 차종,피해운전자 성별,피해운전자 연령,피해운전자 상해정도
2016111800100604,2016년 11월 18일 19시,금요일,전라남도 목포시 상동,경상사고,0,0,1,0,차대차 - 추돌,안전운전불이행,습기,비,교차로 - 교차로부근,승용,남,19세,상해없음,이륜,남,17세,경상
2016111800100605,2016년 11월 18일 19시,금요일,전라남도 목포시 산정동,중상사고,0,1,0,0,차대사람 - 횡단중,보행자보호의무위반,습기,비,단일로 - 기타,승용,남,54세,기타불명,보행자,남,41세,중상
2016111800100606,2016년 11월 18일 19시,금요일,전라남도 여수시 문수동,경상사고,0,0,3,0,차대차 - 추돌,안전운전불이행,습기,비,단일로 - 기타,승용,남,54세,경상,승용,남,42세,상해없음
2016111800100607,2016년 11월 18일 19시,금요일,전라남도 순천시 저전동,경상사고,0,0,1,0,차대사람 - 횡단중,안전운전불이행,습기,비,단일로 - 횡단보도상,승용,기타불명,기타불명,기타불명,보행자,여,16세,경상
2016111800100608,2016년 11월 18일 19시,금요일,전라남도 나주시 삼영동,경상사고,0,0,3,0,차대차 - 측면충돌,직진우회전진행방해,습기,비,교차로 - 교차로안,승용,여,37세,경상,승용,남,51세,상해없음
2016111800100609,2016년 11월 18일 19시,금요일,전라남도 영암군 학산면,중상사고,0,1,1,0,차대차 - 기타,안전운전불이행,습기,비,단일로 - 기타,승용,남,37세,경상,승용,남,24세,중상
2016111800100610,2016년 11월 18일 19시,금요일,전라남도 광양시 중동,경상사고,0,0,2,0,차대차 - 측면충돌,신호위반,습기,비,교차로 - 교차로안,원동기,남,41세,경상,승용,여,38세,경상
2016111800100611,2016년 11월 18일 19시,금요일,전라남도 광양시 광양읍,경상사고,0,0,1,0,차대차 - 추돌,안전운전불이행,습기,비,단일로 - 기타,승용,남,46세,상해없음,승용,여,32세,상해없음
2016111800100661,2016년 11월 18일 20시,금요일,전라남도 담양군 담양읍,중상사고,0,1,1,0,차대차 - 측면충돌,중앙선침범,습기,비,교차로 - 교차로부근,승용,남,60세,중상,승용,남,47세,경상
2016111800100707,2016년 11월 18일 21시,금요일,전라남도 여수시 안산동,경상사고,0,0,1,0,차대사람 - 횡단중,안전운전불이행,습기,비,단일로 - 기타,승용,남,50세,상해없음,보행자,남,49세,경상
2016111800100708,2016년 11월 18일 21시,금요일,전라남도 여수시 학동,경상사고,0,0,1,0,차대차 - 측면직각충돌,안전운전불이행,습기,비,단일로 - 기타,승용,여,51세,상해없음,이륜,남,65세,경상
2016111800100709,2016년 11월 18일 21시,금요일,전라남도 여수시 광무동,중상사고,0,1,0,0,차대차 - 측면충돌,안전운전불이행,습기,비,단일로 - 기타,원동기,남,29세,중상,승용,남,23세,상해없음
2016111800100753,2016년 11월 18일 22시,금요일,전라남도 목포시 상동,경상사고,0,0,2,0,차대차 - 추돌,안전운전불이행,습기,비,단일로 - 기타,승용,남,42세,상해없음,승용,남,36세,상해없음
2016111800100754,2016년 11월 18일 22시,금요일,전라남도 보성군 벌교읍,경상사고,0,0,2,0,차대차 - 정면충돌,직진우회전진행방해,건조,맑음,교차로 - 교차로안,승용,남,56세,상해없음,승용,남,50세,경상
2016111800100792,2016년 11월 18일 23시,금요일,전라남도 순천시 해룡면,중상사고,0,2,0,0,차대사람 - 차도통행중,안전운전불이행,습기,비,교차로 - 교차로안,원동기,남,17세,중상,보행자,남,60세,중상
2016111800100793,2016년 11월 18일 23시,금요일,전라남도 나주시 산정동,경상사고,0,0,2,0,차대차 - 추돌,안전운전불이행,습기,비,교차로 - 교차로부근,특수,남,48세,상해없음,승용,남,61세,경상
2016111900100049,2016년 11월 19일 01시,토요일,전라남도 여수시 소호동,경상사고,0,0,1,0,차대차 - 정면충돌,중앙선침범,습기,비,교차로 - 교차로안,승용,남,26세,상해없음,승용,남,35세,경상
2016111900100066,2016년 11월 19일 02시,토요일,전라남도 목포시 옥암동,경상사고,0,0,1,0,차대사람 - 횡단중,안전운전불이행,습기,비,단일로 - 기타,승용,여,34세,상해없음,보행자,남,53세,경상
2016111900100067,2016년 11월 19일 02시,토요일,전라남도 나주시 빛가람동,경상사고,0,0,1,0,차대차 - 추돌,안전운전불이행,습기,비,교차로 - 교차로부근,승용,남,23세,상해없음,승용,남,54세,경상
2016111900100101,2016년 11월 19일 05시,토요일,전라남도 영광군 영광읍,중상사고,0,1,0,0,차대차 - 정면충돌,중앙선침범,건조,맑음,단일로 - 기타,승용,여,46세,상해없음,승용,남,47세,중상
2016111900100179,2016년 11월 19일 09시,토요일,전라남도 나주시 금천면,중상사고,0,1,1,0,차대차 - 추돌,안전거리미확보,습기,안개,단일로 - 기타,화물,남,40세,중상,화물,남,62세,경상
2016111900100210,2016년 11월 19일 10시,토요일,전라남도 목포시 상동,경상사고,0,0,3,1,차대차 - 추돌,안전운전불이행,습기,흐림,단일로 - 기타,승용,여,63세,부상신고,승용,남,25세,경상
2016111900100211,2016년 11월 19일 10시,토요일,전라남도 화순군 도곡면,중상사고,0,1,1,0,차대차 - 측면충돌,교차로운행방법위반,건조,맑음,교차로 - 교차로안,승용,여,21세,상해없음,화물,남,62세,중상
2016111900100212,2016년 11월 19일 10시,토요일,전라남도 구례군 구례읍,경상사고,0,0,3,0,차대차 - 측면충돌,직진우회전진행방해,건조,맑음,교차로 - 교차로안,승용,여,46세,경상,승용,여,44세,경상
2016111900100243,2016년 11월 19일 11시,토요일,전라남도 영광군 법성면,경상사고,0,0,2,0,차대차 - 추돌,안전운전불이행,습기,흐림,단일로 - 기타,승용,남,42세,상해없음,승용,남,59세,경상
2016111900100284,2016년 11월 19일 12시,토요일,전라남도 목포시 용해동,경상사고,0,0,1,0,차대차 - 정면충돌,안전운전불이행,건조,맑음,단일로 - 기타,승용,남,48세,상해없음,승용,남,48세,상해없음
2016111900100285,2016년 11월 19일 12시,토요일,전라남도 나주시 공산면,중상사고,0,1,0,0,차대차 - 측면직각충돌,신호위반,습기,비,교차로 - 교차로안,승용,남,66세,상해없음,원동기,남,81세,중상
2016111900100286,2016년 11월 19일 12시,토요일,전라남도 광양시 광양읍,경상사고,0,0,1,0,차대차 - 추돌,안전운전불이행,건조,흐림,단일로 - 기타,승합,남,51세,상해없음,승합,남,36세,경상
2016111900100322,2016년 11월 19일 13시,토요일,전라남도 목포시 석현동,경상사고,0,0,2,1,차대차 - 추돌,안전운전불이행,습기,흐림,단일로 - 기타,승용,여,33세,상해없음,승용,여,51세,경상
2016111900100323,2016년 11월 19일 13시,토요일,전라남도 여수시 국동,경상사고,0,0,1,0,차대차 - 추돌,안전거리미확보,건조,맑음,단일로 - 기타,원동기,남,25세,경상,승용,여,35세,상해없음
2016111900100324,2016년 11월 19일 13시,토요일,전라남도 순천시 오천동,경상사고,0,0,2,0,차대차 - 추돌,안전운전불이행,건조,맑음,단일로 - 기타,승용,여,25세,상해없음,승용,남,52세,경상
2016111900100407,2016년 11월 19일 15시,토요일,전라남도 여수시 돌산읍,경상사고,0,0,3,0,차대차 - 정면충돌,중앙선침범,건조,맑음,단일로 - 기타,승용,남,54세,경상,화물,남,55세,경상
2016111900100408,2016년 11월 19일 15시,토요일,전라남도 해남군 해남읍,중상사고,0,2,0,0,차량단독 - 공작물충돌,안전운전불이행,건조,맑음,교차로 - 교차로부근,승용,남,58세,중상,,,,
2016111900100409,2016년 11월 19일 15시,토요일,전라남도 광양시 광양읍,경상사고,0,0,1,0,차대차 - 추돌,안전거리미확보,건조,맑음,단일로 - 기타,이륜,남,23세,경상,승용,여,24세,상해없음
2016111900100484,2016년 11월 19일 17시,토요일,전라남도 순천시 용당동,경상사고,0,0,1,0,차대차 - 추돌,안전운전불이행,건조,맑음,단일로 - 기타,승용,남,59세,상해없음,승용,남,46세,경상
2016111900100485,2016년 11월 19일 17시,토요일,전라남도 완도군 완도읍,경상사고,0,0,2,0,차대차 - 측면충돌,안전운전불이행,건조,맑음,교차로 - 교차로안,승용,남,73세,경상,승용,남,51세,경상
2016111900100486,2016년 11월 19일 17시,토요일,전라남도 완도군 완도읍,경상사고,0,0,1,0,차대차 - 추돌,안전운전불이행,건조,맑음,단일로 - 기타,화물,남,72세,경상,승용,남,48세,상해없음
2016111900100487,2016년 11월 19일 17시,토요일,전라남도 광양시 광양읍,중상사고,0,1,2,0,차대차 - 측면직각충돌,안전운전불이행,건조,맑음,단일로 - 기타,승용,남,53세,상해없음,승용,남,53세,경상
2016111900100537,2016년 11월 19일 18시,토요일,전라남도 담양군 고서면,경상사고,0,0,1,0,차대사람 - 차도통행중,안전운전불이행,습기,비,단일로 - 기타,승용,여,51세,상해없음,보행자,남,36세,경상
2016111900100604,2016년 11월 19일 19시,토요일,전라남도 영암군 삼호읍,중상사고,0,1,2,0,차량단독 - 전도전복,안전운전불이행,습기,안개,단일로 - 기타,승용,남,41세,경상,,,,
2016111900100605,2016년 11월 19일 19시,토요일,전라남도 광양시 광영동,경상사고,0,0,1,0,차대차 - 추돌,안전운전불이행,건조,맑음,교차로 - 교차로부근,승용,남,54세,상해없음,이륜,남,24세,경상
2016111900100705,2016년 11월 19일 22시,토요일,전라남도 여수시 고소동,경상사고,0,0,3,0,차대차 - 정면충돌,중앙선침범,건조,맑음,단일로 - 기타,승용,남,57세,상해없음,승용,남,39세,경상
2016112000100025,2016년 11월 20일 01시,일요일,전라남도 고흥군 봉래면,중상사고,0,1,0,0,차량단독 - 공작물충돌,안전운전불이행,건조,맑음,교차로 - 교차로안,승용,남,48세,중상,,,,
2016112000100125,2016년 11월 20일 09시,일요일,전라남도 목포시 옥암동,경상사고,0,0,2,0,차대차 - 추돌,안전운전불이행,건조,맑음,단일로 - 기타,승용,남,31세,상해없음,승용,여,37세,경상
2016112000100155,2016년 11월 20일 10시,일요일,전라남도 화순군 화순읍,중상사고,0,1,0,0,차량단독 - 전도전복,안전운전불이행,건조,맑음,단일로 - 기타,승용,남,39세,중상,,,,
2016112000100156,2016년 11월 20일 10시,일요일,전라남도 장성군 장성읍,경상사고,0,0,1,0,차대차 - 측면직각충돌,직진우회전진행방해,건조,맑음,교차로 - 교차로안,승합,남,78세,상해없음,승용,여,27세,상해없음
2016112000100157,2016년 11월 20일 10시,일요일,전라남도 광양시 옥룡면,중상사고,0,1,1,0,차대차 - 측면직각충돌,교차로운행방법위반,건조,맑음,교차로 - 교차로안,승용,남,55세,경상,승용,남,25세,중상
2016112000100182,2016년 11월 20일 11시,일요일,전라남도 여수시 봉강동,중상사고,0,1,0,0,차대차 - 측면직각충돌,신호위반,건조,맑음,교차로 - 교차로안,이륜,남,79세,중상,승용,남,71세,상해없음
2016112000100183,2016년 11월 20일 11시,일요일,전라남도 고흥군 도화면,중상사고,0,1,0,0,차량단독 - 전도전복,안전운전불이행,건조,맑음,단일로 - 기타,농기계,남,57세,중상,,,,
2016112000100184,2016년 11월 20일 11시,일요일,전라남도 영광군 영광읍,중상사고,0,1,2,0,차대차 - 측면직각충돌,직진우회전진행방해,건조,맑음,교차로 - 교차로안,승용,남,53세,기타불명,승용,여,56세,경상
2016112000100205,2016년 11월 20일 12시,일요일,전라남도 여수시 문수동,중상사고,0,1,0,0,차대차 - 측면직각충돌,기타,건조,맑음,교차로 - 교차로안,원동기,남,50세,중상,승용,남,63세,상해없음
2016112000100206,2016년 11월 20일 12시,일요일,전라남도 화순군 화순읍,사망사고,1,1,2,2,차대차 - 측면충돌,신호위반,건조,맑음,교차로 - 교차로안,특수,남,33세,경상,승용,남,37세,경상
2016112000100243,2016년 11월 20일 13시,일요일,전라남도 해남군 송지면,경상사고,0,0,2,0,차대차 - 정면충돌,중앙선침범,건조,맑음,단일로 - 기타,승합,남,51세,상해없음,승용,남,54세,경상
2016112000100274,2016년 11월 20일 14시,일요일,전라남도 목포시 용당동,경상사고,0,0,4,0,차대차 - 추돌,안전운전불이행,건조,맑음,단일로 - 기타,승용,남,25세,경상,승용,남,36세,상해없음
2016112000100307,2016년 11월 20일 15시,일요일,전라남도 영암군 영암읍,중상사고,0,2,0,0,차대차 - 추돌,안전운전불이행,건조,맑음,단일로 - 기타,이륜,남,71세,중상,승용,남,42세,상해없음
2016112000100308,2016년 11월 20일 15시,일요일,전라남도 완도군 완도읍,경상사고,0,0,2,0,차대차 - 추돌,안전운전불이행,건조,맑음,단일로 - 기타,승용,남,59세,상해없음,승용,남,65세,경상
2016112000100341,2016년 11월 20일 16시,일요일,전라남도 목포시 상동,중상사고,0,1,0,0,차대차 - 측면충돌,신호위반,건조,맑음,교차로 - 교차로안,이륜,남,36세,중상,승용,남,46세,상해없음
2016112000100342,2016년 11월 20일 16시,일요일,전라남도 영암군 학산면,중상사고,0,2,0,0,차대차 - 측면직각충돌,신호위반,건조,맑음,교차로 - 교차로안,승용,남,68세,중상,승용,남,29세,중상
2016112000100378,2016년 11월 20일 17시,일요일,전라남도 목포시 용해동,중상사고,0,1,0,0,차대차 - 정면충돌,중앙선침범,건조,맑음,단일로 - 기타,승용,여,32세,상해없음,이륜,남,53세,중상
2016112000100475,2016년 11월 20일 20시,일요일,전라남도 여수시 여서동,경상사고,0,0,1,0,차대사람 - 횡단중,안전운전불이행,건조,맑음,교차로 - 교차로부근,승용,여,31세,상해없음,보행자,남,35세,경상
2016112000100476,2016년 11월 20일 20시,일요일,전라남도 광양시 진월면,중상사고,0,1,0,0,차량단독 - 공작물충돌,안전운전불이행,건조,맑음,단일로 - 기타,화물,남,53세,중상,,,,
2016112100100008,2016년 11월 21일 00시,월요일,전라남도 나주시 송월동,경상사고,0,0,2,0,차대차 - 측면직각충돌,신호위반,건조,맑음,교차로 - 교차로안,승용,남,50세,경상,승용,남,54세,경상
2016112100100079,2016년 11월 21일 07시,월요일,전라남도 나주시 산포면,경상사고,0,0,2,0,차대차 - 측면직각충돌,신호위반,건조,맑음,교차로 - 교차로안,승용,남,42세,경상,승용,남,33세,경상
2016112100100107,2016년 11월 21일 08시,월요일,전라남도 목포시 옥암동,경상사고,0,0,2,0,차대차 - 측면충돌,직진우회전진행방해,건조,맑음,교차로 - 교차로안,승용,남,51세,경상,승용,여,42세,경상
2016112100100108,2016년 11월 21일 08시,월요일,전라남도 장흥군 대덕읍,중상사고,0,1,0,0,차대사람 - 횡단중,안전운전불이행,건조,흐림,단일로 - 기타,승용,여,33세,상해없음,보행자,남,80세,중상
2016112100100109,2016년 11월 21일 08시,월요일,전라남도 영광군 영광읍,경상사고,0,0,2,0,차대차 - 측면직각충돌,안전운전불이행,건조,맑음,교차로 - 교차로안,이륜,남,75세,경상,화물,남,56세,상해없음
2016112100100151,2016년 11월 21일 09시,월요일,전라남도 함평군 함평읍,중상사고,0,1,0,0,차대사람 - 기타,안전운전불이행,건조,맑음,교차로 - 교차로부근,승용,남,74세,상해없음,보행자,여,63세,중상
2016112100100254,2016년 11월 21일 12시,월요일,전라남도 무안군 삼향읍,부상신고사고,0,0,0,1,차대차 - 추돌,안전운전불이행,건조,맑음,교차로 - 교차로안,승용,남,56세,부상신고,승용,남,42세,상해없음
2016112100100278,2016년 11월 21일 13시,월요일,전라남도 장흥군 용산면,경상사고,0,0,1,0,차량단독 - 전도전복,안전운전불이행,건조,맑음,단일로 - 기타,화물,남,74세,경상,,,,
2016112100100279,2016년 11월 21일 13시,월요일,전라남도 장흥군 관산읍,경상사고,0,0,1,0,차량단독 - 전도전복,안전운전불이행,습기,비,단일로 - 기타,승용,남,77세,경상,,,,
2016112100100280,2016년 11월 21일 13시,월요일,전라남도 해남군 해남읍,경상사고,0,0,1,0,차대차 - 정면충돌,과속,건조,맑음,단일로 - 기타,화물,남,41세,경상,승용,남,59세,상해없음
2016112100100315,2016년 11월 21일 14시,월요일,전라남도 순천시 해룡면,경상사고,0,0,2,0,차대차 - 측면직각충돌,기타,건조,맑음,교차로 - 교차로안,승용,남,55세,상해없음,화물,남,22세,경상
2016112100100345,2016년 11월 21일 15시,월요일,전라남도 신안군 하의면,중상사고,0,1,0,0,차대차 - 측면충돌,안전운전불이행,건조,맑음,단일로 - 기타,이륜,남,75세,중상,화물,남,46세,상해없음
2016112100100385,2016년 11월 21일 16시,월요일,전라남도 목포시 옥암동,경상사고,0,0,1,0,차대사람 - 횡단중,안전운전불이행,건조,맑음,교차로 - 교차로안,기타불명,기타불명,기타불명,기타불명,보행자,남,13세,경상
2016112100100386,2016년 11월 21일 16시,월요일,전라남도 보성군 회천면,경상사고,0,0,1,0,차대차 - 측면직각충돌,직진우회전진행방해,건조,맑음,교차로 - 교차로안,화물,남,42세,상해없음,승용,여,67세,경상
2016112100100387,2016년 11월 21일 16시,월요일,전라남도 영암군 영암읍,경상사고,0,0,1,0,차대차 - 추돌,안전운전불이행,건조,맑음,단일로 - 기타,승용,여,51세,상해없음,승용,남,50세,경상
2016112100100423,2016년 11월 21일 17시,월요일,전라남도 함평군 함평읍,경상사고,0,0,1,0,차대사람 - 길가장자리구역통행중,안전운전불이행,건조,맑음,단일로 - 기타,승용,남,43세,상해없음,보행자,여,15세,경상
2016112100100424,2016년 11월 21일 17시,월요일,전라남도 영암군 삼호읍,경상사고,0,0,2,0,차대차 - 측면직각충돌,안전운전불이행,건조,맑음,교차로 - 교차로안,승용,여,44세,경상,승용,남,47세,경상
2016112100100425,2016년 11월 21일 17시,월요일,전라남도 장성군 진원면,경상사고,0,0,12,0,차대차 - 측면충돌,안전운전불이행,건조,맑음,단일로 - 기타,승합,남,64세,경상,승용,남,53세,경상
2016112100100483,2016년 11월 21일 18시,월요일,전라남도 해남군 해남읍,경상사고,0,0,1,0,차대차 - 정면충돌,직진우회전진행방해,건조,맑음,교차로 - 교차로안,승용,남,45세,상해없음,원동기,남,26세,경상
2016112100100484,2016년 11월 21일 18시,월요일,전라남도 영광군 영광읍,경상사고,0,0,3,0,차대차 - 추돌,안전운전불이행,건조,맑음,단일로 - 기타,승용,여,57세,경상,화물,남,78세,경상
2016112100100485,2016년 11월 21일 18시,월요일,전라남도 화순군 화순읍,경상사고,0,0,1,0,차대사람 - 횡단중,안전운전불이행,건조,맑음,교차로 - 교차로부근,화물,남,34세,상해없음,보행자,여,64세,경상
2016112100100486,2016년 11월 21일 18시,월요일,전라남도 함평군 함평읍,부상신고사고,0,0,0,1,차대차 - 측면충돌,안전운전불이행,건조,맑음,교차로 - 교차로부근,이륜,남,18세,부상신고,승용,남,41세,상해없음
2016112100100487,2016년 11월 21일 18시,월요일,전라남도 영암군 삼호읍,경상사고,0,0,3,0,차대차 - 측면직각충돌,안전운전불이행,건조,맑음,교차로 - 교차로안,승용,여,29세,경상,승용,여,25세,경상
2016112100100532,2016년 11월 21일 19시,월요일,전라남도 여수시 선원동,경상사고,0,0,2,0,차대차 - 추돌,안전운전불이행,건조,맑음,교차로 - 교차로부근,승합,남,37세,상해없음,승용,남,45세,경상
2016112100100533,2016년 11월 21일 19시,월요일,전라남도 보성군 미력면,경상사고,0,0,1,0,차대차 - 추돌,불법유턴,건조,맑음,단일로 - 기타,승용,남,54세,상해없음,승용,남,73세,경상
2016112100100610,2016년 11월 21일 22시,월요일,전라남도 순천시 조례동,중상사고,0,1,1,0,차대차 - 정면충돌,안전운전불이행,건조,맑음,교차로 - 교차로안,승용,남,38세,경상,승용,남,33세,중상
2016112100100611,2016년 11월 21일 22시,월요일,전라남도 광양시 중동,경상사고,0,0,2,0,차대차 - 측면직각충돌,안전운전불이행,건조,맑음,단일로 - 기타,승용,남,56세,경상,이륜,남,24세,경상
2016112200100038,2016년 11월 22일 04시,화요일,전라남도 화순군 화순읍,경상사고,0,0,1,0,차량단독 - 공작물충돌,안전운전불이행,건조,맑음,교차로 - 교차로안,승용,남,14세,상해없음,,,,
2016112200100051,2016년 11월 22일 05시,화요일,전라남도 순천시 별량면,중상사고,0,1,0,0,차대사람 - 차도통행중,안전운전불이행,건조,맑음,교차로 - 교차로안,화물,남,52세,상해없음,보행자,여,71세,중상
2016112200100052,2016년 11월 22일 05시,화요일,전라남도 보성군 벌교읍,사망사고,1,0,0,0,차대사람 - 차도통행중,안전운전불이행,건조,맑음,단일로 - 기타,화물,남,57세,상해없음,보행자,여,76세,사망
2016112200100063,2016년 11월 22일 06시,화요일,전라남도 여수시 선원동,경상사고,0,0,1,0,차대차 - 측면직각충돌,교차로운행방법위반,건조,맑음,교차로 - 교차로안,화물,남,57세,상해없음,승용,남,22세,경상
2016112200100107,2016년 11월 22일 08시,화요일,전라남도 여수시 광무동,경상사고,0,0,2,0,차대사람 - 횡단중,안전운전불이행,건조,맑음,단일로 - 기타,화물,남,44세,상해없음,보행자,남,74세,경상
2016112200100160,2016년 11월 22일 10시,화요일,전라남도 목포시 연산동,경상사고,0,0,2,0,차대차 - 측면충돌,안전운전불이행,건조,맑음,단일로 - 기타,승용,남,79세,상해없음,승용,여,48세,경상
2016112200100161,2016년 11월 22일 10시,화요일,전라남도 해남군 해남읍,경상사고,0,0,1,0,차대차 - 측면직각충돌,신호위반,건조,맑음,교차로 - 교차로안,승용,남,41세,상해없음,승합,여,48세,경상
2016112200100183,2016년 11월 22일 11시,화요일,전라남도 여수시 연등동,경상사고,0,0,1,0,차대차 - 추돌,안전운전불이행,건조,맑음,교차로 - 교차로부근,화물,남,54세,상해없음,이륜,남,24세,경상
2016112200100211,2016년 11월 22일 12시,화요일,전라남도 여수시 광무동,경상사고,0,0,2,0,차대차 - 정면충돌,안전운전불이행,건조,맑음,단일로 - 기타,승용,남,39세,상해없음,승용,남,41세,경상
2016112200100212,2016년 11월 22일 12시,화요일,전라남도 담양군 대전면,경상사고,0,0,1,0,차대차 - 추돌,안전거리미확보,건조,맑음,단일로 - 기타,승용,여,51세,상해없음,승용,여,52세,경상
2016112200100213,2016년 11월 22일 12시,화요일,전라남도 무안군 무안읍,경상사고,0,0,2,0,차대차 - 정면충돌,안전운전불이행,건조,맑음,단일로 - 기타,승용,여,23세,경상,승용,남,21세,경상
2016112200100270,2016년 11월 22일 14시,화요일,전라남도 순천시 조례동,경상사고,0,0,3,0,차대차 - 추돌,안전운전불이행,건조,맑음,단일로 - 기타,승용,여,27세,상해없음,승용,여,56세,경상
2016112200100271,2016년 11월 22일 14시,화요일,전라남도 화순군 동면,경상사고,0,0,1,0,차대차 - 추돌,안전거리미확보,건조,맑음,기타 - 기타,승용,남,47세,상해없음,승용,남,49세,경상
2016112200100294,2016년 11월 22일 15시,화요일,전라남도 목포시 옥암동,경상사고,0,0,2,0,차대차 - 측면충돌,교차로운행방법위반,건조,맑음,교차로 - 교차로안,승용,여,35세,경상,승용,남,64세,경상
2016112200100295,2016년 11월 22일 15시,화요일,전라남도 여수시 미평동,경상사고,0,0,2,0,차대차 - 추돌,안전거리미확보,건조,맑음,단일로 - 기타,화물,남,37세,경상,승용,여,46세,상해없음
2016112200100296,2016년 11월 22일 15시,화요일,전라남도 영광군 영광읍,경상사고,0,0,1,0,차대차 - 측면직각충돌,신호위반,건조,맑음,교차로 - 교차로안,승용,남,33세,상해없음,승용,남,61세,경상
2016112200100297,2016년 11월 22일 15시,화요일,전라남도 강진군 병영면,중상사고,0,1,0,0,차대차 - 측면직각충돌,안전운전불이행,건조,맑음,단일로 - 기타,승용,남,52세,기타불명,승용,남,29세,중상
2016112200100298,2016년 11월 22일 15시,화요일,전라남도 구례군 구례읍,경상사고,0,0,1,0,차대차 - 측면직각충돌,교차로운행방법위반,건조,맑음,교차로 - 교차로안,승용,여,39세,상해없음,원동기,남,81세,경상
2016112200100320,2016년 11월 22일 16시,화요일,전라남도 순천시 인월동,중상사고,0,1,4,0,차대차 - 측면직각충돌,교차로운행방법위반,건조,맑음,교차로 - 교차로안,승용,여,54세,중상,승용,남,23세,상해없음
2016112200100362,2016년 11월 22일 17시,화요일,전라남도 나주시 공산면,부상신고사고,0,0,0,1,차량단독 - 전도전복,안전운전불이행,건조,맑음,단일로 - 기타,승용,남,45세,부상신고,,,,
2016112200100414,2016년 11월 22일 18시,화요일,전라남도 목포시 항동,경상사고,0,0,2,0,차대차 - 측면직각충돌,직진우회전진행방해,건조,맑음,교차로 - 교차로안,승용,여,34세,상해없음,승용,남,53세,경상
2016112200100415,2016년 11월 22일 18시,화요일,전라남도 순천시 조례동,경상사고,0,0,1,0,차대사람 - 횡단중,교차로운행방법위반,건조,맑음,교차로 - 교차로부근,승용,여,54세,상해없음,보행자,여,51세,경상
2016112200100416,2016년 11월 22일 18시,화요일,전라남도 순천시 조례동,중상사고,0,1,0,0,차대차 - 정면충돌,중앙선침범,건조,맑음,단일로 - 기타,승용,남,60세,상해없음,원동기,남,38세,중상
2016112200100528,2016년 11월 22일 21시,화요일,전라남도 나주시 대호동,경상사고,0,0,4,0,차대차 - 측면직각충돌,안전운전불이행,건조,맑음,교차로 - 교차로안,승합,여,32세,경상,승용,남,48세,경상
2016112200100577,2016년 11월 22일 23시,화요일,전라남도 순천시 가곡동,경상사고,0,0,2,0,차대차 - 측면충돌,신호위반,건조,맑음,교차로 - 교차로안,원동기,남,18세,경상,승용,남,57세,경상
2016112200100578,2016년 11월 22일 23시,화요일,전라남도 화순군 화순읍,경상사고,0,0,1,0,차대차 - 측면직각충돌,중앙선침범,건조,맑음,교차로 - 교차로부근,승용,남,57세,상해없음,승용,남,31세,경상
2016112300100033,2016년 11월 23일 01시,수요일,전라남도 여수시 학동,중상사고,0,1,0,0,차대사람 - 횡단중,안전운전불이행,건조,흐림,교차로 - 교차로안,승용,남,56세,상해없음,보행자,남,35세,중상
2016112300100042,2016년 11월 23일 02시,수요일,전라남도 순천시 저전동,중상사고,0,2,0,0,차대차 - 추돌,안전운전불이행,건조,맑음,교차로 - 교차로부근,원동기,남,16세,중상,화물,남,39세,상해없음
2016112300100135,2016년 11월 23일 08시,수요일,전라남도 강진군 강진읍,경상사고,0,0,1,0,차대차 - 측면직각충돌,직진우회전진행방해,건조,맑음,교차로 - 교차로안,승합,남,64세,상해없음,원동기,여,73세,경상
2016112300100136,2016년 11월 23일 08시,수요일,전라남도 순천시 주암면,경상사고,0,0,1,0,차대차 - 기타,안전거리미확보,건조,맑음,단일로 - 기타,승용,남,36세,상해없음,승용,여,56세,경상
2016112300100172,2016년 11월 23일 09시,수요일,전라남도 여수시 국동,경상사고,0,0,1,0,차대차 - 측면직각충돌,신호위반,건조,맑음,교차로 - 교차로부근,승용,남,21세,상해없음,승용,남,50세,경상
2016112300100173,2016년 11월 23일 09시,수요일,전라남도 해남군 현산면,경상사고,0,0,5,0,차대차 - 정면충돌,안전거리미확보,건조,맑음,단일로 - 기타,승용,남,31세,경상,승용,남,29세,경상
2016112300100206,2016년 11월 23일 10시,수요일,전라남도 나주시 남외동,경상사고,0,0,2,0,차대차 - 추돌,안전운전불이행,건조,맑음,교차로 - 교차로부근,화물,남,49세,상해없음,화물,남,63세,경상
2016112300100207,2016년 11월 23일 10시,수요일,전라남도 나주시 금천면,경상사고,0,0,1,0,차대차 - 측면충돌,직진우회전진행방해,건조,맑음,교차로 - 교차로안,화물,여,37세,상해없음,승용,남,49세,경상