사고번호,사고일시,요일,시군구,사고내용,사망자수,중상자수,경상자수,부상신고자수,사고유형,법규위반,노면상태,기상상태,도로형태,가해운전자 차종,가해운전자 성별,가해운전자 연령,가해운전자 상해정도,피해운전자 차종,피해운전자 성별,피해운전자 연령,피해운전자 상해정도
2016112300100208,2016년 11월 23일 10시,수요일,전라남도 강진군 강진읍,중상사고,0,1,3,0,차대차 - 측면직각충돌,직진우회전진행방해,건조,맑음,교차로 - 교차로안,화물,남,77세,경상,승용,남,55세,경상
2016112300100239,2016년 11월 23일 11시,수요일,전라남도 순천시 해룡면,중상사고,0,1,0,0,차대사람 - 횡단중,안전운전불이행,건조,맑음,교차로 - 교차로안,화물,남,46세,상해없음,보행자,여,90세 이상,중상
2016112300100286,2016년 11월 23일 13시,수요일,전라남도 영광군 영광읍,경상사고,0,0,1,0,차대차 - 정면충돌,신호위반,건조,맑음,교차로 - 교차로안,이륜,남,73세,경상,승용,남,54세,상해없음
2016112300100287,2016년 11월 23일 13시,수요일,전라남도 장성군 장성읍,중상사고,0,1,0,0,차대차 - 측면직각충돌,기타,건조,맑음,교차로 - 교차로안,화물,남,46세,상해없음,자전거,남,83세,중상
2016112300100312,2016년 11월 23일 14시,수요일,전라남도 구례군 구례읍,중상사고,0,1,0,0,차대사람 - 차도통행중,안전운전불이행,건조,맑음,단일로 - 기타,승용,남,55세,상해없음,보행자,여,74세,중상
2016112300100346,2016년 11월 23일 15시,수요일,전라남도 순천시 가곡동,사망사고,1,0,0,0,차량단독 - 전도전복,안전운전불이행,건조,맑음,단일로 - 기타,건설기계,남,51세,사망,,,,
2016112300100380,2016년 11월 23일 16시,수요일,전라남도 장흥군 용산면,경상사고,0,0,1,0,차대차 - 추돌,안전거리미확보,건조,맑음,단일로 - 기타,승용,남,69세,상해없음,승용,여,38세,경상
2016112300100381,2016년 11월 23일 16시,수요일,전라남도 고흥군 도양읍,중상사고,0,1,1,0,차대차 - 측면직각충돌,교차로운행방법위반,건조,맑음,교차로 - 교차로안,승용,남,32세,상해없음,승용,남,56세,상해없음
2016112300100416,2016년 11월 23일 17시,수요일,전라남도 목포시 석현동,경상사고,0,0,1,0,차대차 - 측면충돌,안전운전불이행,건조,맑음,교차로 - 교차로안,승용,여,55세,경상,특수,남,63세,상해없음
2016112300100417,2016년 11월 23일 17시,수요일,전라남도 여수시 둔덕동,경상사고,0,0,1,0,차대차 - 추돌,안전운전불이행,건조,맑음,단일로 - 기타,승용,여,47세,상해없음,승용,여,44세,경상
2016112300100468,2016년 11월 23일 18시,수요일,전라남도 여수시 국동,경상사고,0,0,1,0,차대사람 - 횡단중,안전운전불이행,건조,맑음,단일로 - 기타,승합,남,66세,상해없음,보행자,남,53세,경상
2016112300100510,2016년 11월 23일 19시,수요일,전라남도 목포시 상동,중상사고,0,1,0,0,차대차 - 측면충돌,신호위반,건조,맑음,교차로 - 교차로부근,이륜,남,19세,상해없음,자전거,남,61세,중상
2016112300100511,2016년 11월 23일 19시,수요일,전라남도 여수시 신기동,중상사고,0,1,0,0,차대사람 - 횡단중,신호위반,건조,맑음,교차로 - 교차로부근,승용,여,57세,상해없음,보행자,여,40세,중상
2016112300100512,2016년 11월 23일 19시,수요일,전라남도 순천시 장천동,경상사고,0,0,1,0,차대차 - 기타,안전운전불이행,건조,맑음,교차로 - 교차로부근,승용,남,38세,상해없음,승용,남,26세,경상
2016112300100513,2016년 11월 23일 19시,수요일,전라남도 장성군 장성읍,경상사고,0,0,1,0,차대차 - 추돌,안전운전불이행,건조,맑음,단일로 - 기타,승용,남,56세,상해없음,승용,남,35세,경상
2016112300100541,2016년 11월 23일 20시,수요일,전라남도 목포시 상동,경상사고,0,0,1,0,차대차 - 측면충돌,안전운전불이행,건조,맑음,단일로 - 기타,화물,남,42세,상해없음,승합,남,55세,경상
2016112300100542,2016년 11월 23일 20시,수요일,전라남도 화순군 화순읍,경상사고,0,0,1,0,차대차 - 기타,신호위반,건조,맑음,교차로 - 교차로부근,이륜,남,34세,경상,승용,남,61세,상해없음
2016112300100568,2016년 11월 23일 21시,수요일,전라남도 목포시 상동,경상사고,0,0,1,0,차대차 - 측면충돌,직진우회전진행방해,건조,맑음,교차로 - 교차로안,승용,남,46세,상해없음,승용,남,39세,경상
2016112400100015,2016년 11월 24일 00시,목요일,전라남도 순천시 조례동,경상사고,0,0,1,0,차대차 - 측면충돌,안전운전불이행,건조,맑음,교차로 - 교차로안,승용,여,35세,상해없음,원동기,남,28세,경상
2016112400100066,2016년 11월 24일 06시,목요일,전라남도 나주시 반남면,경상사고,0,0,2,0,차대차 - 추돌,안전운전불이행,건조,기타,단일로 - 기타,승합,여,33세,경상,특수,남,45세,경상
2016112400100085,2016년 11월 24일 07시,목요일,전라남도 목포시 용당동,경상사고,0,0,6,0,차대차 - 추돌,안전운전불이행,건조,맑음,교차로 - 교차로부근,승용,남,42세,상해없음,승용,여,41세,경상
2016112400100086,2016년 11월 24일 07시,목요일,전라남도 여수시 화양면,중상사고,0,2,4,0,차대차 - 추돌,안전운전불이행,건조,맑음,단일로 - 기타,승용,여,44세,상해없음,화물,남,45세,기타불명
2016112400100087,2016년 11월 24일 07시,목요일,전라남도 여수시 중흥동,경상사고,0,0,1,0,차대차 - 측면직각충돌,차로위반,건조,맑음,단일로 - 기타,특수,남,65세,상해없음,승용,여,50세,경상
2016112400100088,2016년 11월 24일 07시,목요일,전라남도 무안군 무안읍,경상사고,0,0,2,0,차대차 - 정면충돌,중앙선침범,건조,맑음,교차로 - 교차로부근,승용,여,56세,상해없음,승용,여,47세,경상
2016112400100142,2016년 11월 24일 08시,목요일,전라남도 해남군 해남읍,경상사고,0,0,2,0,차대차 - 측면직각충돌,직진우회전진행방해,건조,맑음,교차로 - 교차로안,승용,여,49세,경상,승용,남,40세,경상
2016112400100143,2016년 11월 24일 08시,목요일,전라남도 영광군 군서면,사망사고,1,1,1,0,차대차 - 정면충돌,중앙선침범,건조,맑음,단일로 - 기타,승용,여,41세,경상,이륜,남,72세,사망
2016112400100213,2016년 11월 24일 10시,목요일,전라남도 영광군 영광읍,경상사고,0,0,1,0,차대차 - 측면직각충돌,교차로운행방법위반,건조,맑음,교차로 - 교차로안,승용,남,57세,상해없음,승용,여,33세,경상
2016112400100308,2016년 11월 24일 13시,목요일,전라남도 광양시 마동,경상사고,0,0,1,0,차대차 - 측면직각충돌,직진우회전진행방해,건조,맑음,교차로 - 교차로안,화물,남,43세,상해없음,승용,남,36세,상해없음
2016112400100342,2016년 11월 24일 14시,목요일,전라남도 목포시 석현동,경상사고,0,0,1,0,차대차 - 측면충돌,안전운전불이행,건조,맑음,단일로 - 기타,승용,여,33세,상해없음,승용,남,67세,경상
2016112400100343,2016년 11월 24일 14시,목요일,전라남도 고흥군 남양면,경상사고,0,0,1,0,차대차 - 측면직각충돌,교차로운행방법위반,건조,맑음,교차로 - 교차로안,승용,남,31세,상해없음,이륜,남,67세,경상
2016112400100344,2016년 11월 24일 14시,목요일,전라남도 곡성군 곡성읍,중상사고,0,1,0,0,차대차 - 정면충돌,안전운전불이행,건조,맑음,교차로 - 교차로안,원동기,남,84세,상해없음,자전거,여,64세,중상
2016112400100380,2016년 11월 24일 15시,목요일,전라남도 나주시 남평읍,중상사고,0,1,0,0,차대차 - 측면충돌,안전운전불이행,건조,맑음,교차로 - 교차로안,승용,남,61세,상해없음,자전거,남,77세,중상
2016112400100381,2016년 11월 24일 15시,목요일,전라남도 무안군 삼향읍,중상사고,0,1,0,0,차대사람 - 횡단중,보행자보호의무위반,건조,맑음,단일로 - 횡단보도상,승용,남,35세,상해없음,보행자,남,8세,중상
2016112400100410,2016년 11월 24일 16시,목요일,전라남도 신안군 도초면,중상사고,0,2,0,0,차대차 - 정면충돌,중앙선침범,건조,맑음,단일로 - 기타,승합,여,50세,중상,화물,남,53세,중상
2016112400100411,2016년 11월 24일 16시,목요일,전라남도 순천시 조례동,경상사고,0,0,1,0,차대차 - 측면충돌,안전운전불이행,건조,맑음,단일로 - 기타,승용,남,46세,상해없음,승용,남,61세,경상
2016112400100454,2016년 11월 24일 17시,목요일,전라남도 화순군 동면,경상사고,0,0,1,0,차대사람 - 길가장자리구역통행중,안전운전불이행,건조,맑음,단일로 - 기타,기타불명,기타불명,기타불명,기타불명,보행자,남,37세,경상
2016112400100510,2016년 11월 24일 18시,목요일,전라남도 목포시 상동,경상사고,0,0,1,0,차대차 - 측면충돌,신호위반,건조,맑음,교차로 - 교차로안,이륜,남,18세,경상,화물,남,50세,상해없음
2016112400100511,2016년 11월 24일 18시,목요일,전라남도 목포시 용당동,경상사고,0,0,1,0,차대차 - 측면충돌,안전운전불이행,건조,맑음,단일로 - 기타,승용,남,64세,상해없음,이륜,남,16세,경상
2016112400100512,2016년 11월 24일 18시,목요일,전라남도 해남군 마산면,경상사고,0,0,1,0,차대사람 - 차도통행중,안전운전불이행,건조,맑음,단일로 - 기타,승용,여,53세,상해없음,보행자,여,69세,경상
2016112400100549,2016년 11월 24일 19시,목요일,전라남도 목포시 옥암동,경상사고,0,0,1,0,차대사람 - 횡단중,보행자보호의무위반,건조,맑음,교차로 - 교차로부근,승합,남,64세,상해없음,보행자,남,36세,경상
2016112400100550,2016년 11월 24일 19시,목요일,전라남도 여수시 국동,경상사고,0,0,2,0,차대차 - 측면직각충돌,교차로운행방법위반,건조,맑음,교차로 - 교차로안,승용,남,69세,상해없음,승용,남,81세,상해없음
2016112400100617,2016년 11월 24일 21시,목요일,전라남도 순천시 남정동,중상사고,0,1,0,0,차대차 - 측면충돌,안전운전불이행,건조,맑음,교차로 - 교차로안,승용,여,56세,상해없음,이륜,남,50세,중상
2016112400100618,2016년 11월 24일 21시,목요일,전라남도 강진군 강진읍,경상사고,0,0,1,0,차대차 - 추돌,안전운전불이행,건조,맑음,단일로 - 기타,승용,남,32세,기타불명,승용,여,39세,경상
2016112400100645,2016년 11월 24일 22시,목요일,전라남도 여수시 둔덕동,경상사고,0,0,1,0,차대차 - 추돌,안전운전불이행,건조,맑음,단일로 - 기타,승용,남,44세,상해없음,원동기,남,38세,경상
2016112400100669,2016년 11월 24일 23시,목요일,전라남도 목포시 용해동,중상사고,0,2,0,0,차대차 - 측면충돌,안전운전불이행,건조,맑음,단일로 - 기타,승용,남,60세,상해없음,이륜,남,16세,중상
2016112400100670,2016년 11월 24일 23시,목요일,전라남도 순천시 연향동,경상사고,0,0,1,0,차대차 - 추돌,안전운전불이행,건조,맑음,교차로 - 교차로부근,승용,남,63세,상해없음,승용,남,26세,경상
2016112400100671,2016년 11월 24일 23시,목요일,전라남도 영암군 삼호읍,경상사고,0,0,2,0,차대차 - 추돌,안전운전불이행,건조,맑음,단일로 - 기타,승용,남,34세,상해없음,승용,여,28세,경상
2016112400100672,2016년 11월 24일 23시,목요일,전라남도 광양시 옥곡면,사망사고,1,0,0,0,차량단독 - 전도전복,안전운전불이행,건조,맑음,단일로 - 기타,화물,남,38세,사망,,,,
2016112500100063,2016년 11월 25일 05시,금요일,전라남도 강진군 도암면,중상사고,0,1,0,0,차대사람 - 횡단중,안전운전불이행,건조,흐림,단일로 - 기타,승용,남,59세,상해없음,보행자,여,57세,중상
2016112500100074,2016년 11월 25일 06시,금요일,전라남도 여수시 신월동,중상사고,0,1,0,0,차대사람 - 횡단중,안전운전불이행,건조,맑음,단일로 - 기타,승용,남,41세,상해없음,보행자,여,59세,중상
2016112500100096,2016년 11월 25일 07시,금요일,전라남도 나주시 왕곡면,중상사고,0,2,0,0,차대차 - 측면충돌,신호위반,건조,맑음,교차로 - 교차로안,승용,남,67세,중상,승용,여,39세,중상
2016112500100128,2016년 11월 25일 08시,금요일,전라남도 순천시 해룡면,중상사고,0,2,3,0,차대차 - 정면충돌,안전운전불이행,건조,맑음,교차로 - 교차로안,승용,남,50세,경상,승용,남,36세,중상
2016112500100129,2016년 11월 25일 08시,금요일,전라남도 강진군 강진읍,경상사고,0,0,1,0,차대차 - 기타,직진우회전진행방해,건조,맑음,교차로 - 교차로안,승합,남,59세,상해없음,원동기,남,69세,경상
2016112500100130,2016년 11월 25일 08시,금요일,전라남도 광양시 광영동,중상사고,0,1,0,0,차대사람 - 횡단중,안전운전불이행,건조,맑음,단일로 - 기타,화물,남,60세,상해없음,보행자,여,52세,중상
2016112500100168,2016년 11월 25일 09시,금요일,전라남도 담양군 담양읍,경상사고,0,0,2,0,차대차 - 측면직각충돌,직진우회전진행방해,건조,맑음,교차로 - 교차로안,승용,여,44세,경상,승용,남,54세,경상
2016112500100236,2016년 11월 25일 12시,금요일,전라남도 화순군 화순읍,중상사고,0,1,0,0,차대사람 - 기타,안전운전불이행,건조,맑음,단일로 - 기타,화물,남,54세,상해없음,보행자,여,57세,중상
2016112500100270,2016년 11월 25일 13시,금요일,전라남도 고흥군 과역면,경상사고,0,0,1,0,차대차 - 측면충돌,교차로운행방법위반,건조,맑음,교차로 - 교차로안,화물,남,42세,상해없음,승용,여,33세,경상
2016112500100301,2016년 11월 25일 14시,금요일,전라남도 목포시 상동,경상사고,0,0,1,0,차대사람 - 횡단중,안전운전불이행,건조,맑음,교차로 - 교차로안,승용,여,28세,상해없음,보행자,남,23세,경상
2016112500100335,2016년 11월 25일 15시,금요일,전라남도 여수시 국동,경상사고,0,0,1,0,차대차 - 측면충돌,안전운전불이행,건조,맑음,교차로 - 교차로안,화물,남,28세,상해없음,승용,남,57세,경상
2016112500100336,2016년 11월 25일 15시,금요일,전라남도 해남군 해남읍,경상사고,0,0,3,0,차대차 - 정면충돌,안전거리미확보,건조,맑음,단일로 - 기타,승용,여,50세,경상,승용,남,58세,경상
2016112500100337,2016년 11월 25일 15시,금요일,전라남도 광양시 광양읍,경상사고,0,0,1,0,차대차 - 측면직각충돌,안전운전불이행,건조,맑음,단일로 - 기타,승용,여,57세,상해없음,화물,남,60세,경상
2016112500100382,2016년 11월 25일 16시,금요일,전라남도 목포시 상동,경상사고,0,0,1,0,차대차 - 측면충돌,안전운전불이행,건조,맑음,단일로 - 기타,이륜,남,19세,상해없음,승용,남,43세,경상
2016112500100383,2016년 11월 25일 16시,금요일,전라남도 광양시 봉강면,중상사고,0,1,0,0,차량단독 - 전도전복,안전운전불이행,건조,맑음,단일로 - 기타,건설기계,남,51세,중상,,,,
2016112500100422,2016년 11월 25일 17시,금요일,전라남도 여수시 주삼동,중상사고,0,1,0,0,차대차 - 정면충돌,안전운전불이행,건조,맑음,단일로 - 기타,승용,남,24세,상해없음,승합,남,41세,중상
2016112500100423,2016년 11월 25일 17시,금요일,전라남도 여수시 여서동,경상사고,0,0,2,0,차대차 - 측면충돌,차로위반,건조,맑음,교차로 - 교차로안,승용,남,64세,경상,승용,남,27세,경상
2016112500100477,2016년 11월 25일 18시,금요일,전라남도 나주시 금천면,경상사고,0,0,2,0,차대차 - 추돌,안전거리미확보,건조,맑음,단일로 - 기타,화물,남,53세,경상,승용,남,58세,경상
2016112500100478,2016년 11월 25일 18시,금요일,전라남도 해남군 현산면,경상사고,0,0,2,0,차대차 - 정면충돌,직진우회전진행방해,건조,맑음,교차로 - 교차로안,승용,여,50세,경상,승용,여,55세,경상
2016112500100479,2016년 11월 25일 18시,금요일,전라남도 진도군 임회면,경상사고,0,0,1,0,차대차 - 측면직각충돌,안전운전불이행,건조,맑음,교차로 - 교차로안,화물,남,34세,상해없음,승용,남,49세,경상
2016112500100480,2016년 11월 25일 18시,금요일,전라남도 광양시 광양읍,경상사고,0,0,1,0,차대사람 - 차도통행중,안전운전불이행,건조,맑음,교차로 - 교차로부근,승용,여,39세,상해없음,보행자,여,81세,경상
2016112500100533,2016년 11월 25일 19시,금요일,전라남도 해남군 해남읍,경상사고,0,0,1,0,차량단독 - 전도전복,안전운전불이행,건조,맑음,단일로 - 기타,화물,남,45세,경상,,,,
2016112500100571,2016년 11월 25일 20시,금요일,전라남도 순천시 해룡면,경상사고,0,0,1,0,차대차 - 측면충돌,안전운전불이행,건조,맑음,단일로 - 기타,승합,남,37세,상해없음,이륜,남,17세,경상
2016112500100613,2016년 11월 25일 21시,금요일,전라남도 광양시 광양읍,경상사고,0,0,1,0,차대차 - 추돌,안전운전불이행,건조,맑음,단일로 - 기타,승용,남,54세,경상,특수,남,47세,상해없음
2016112500100665,2016년 11월 25일 22시,금요일,전라남도 광양시 광양읍,부상신고사고,0,0,0,1,차량단독 - 공작물충돌,기타,건조,맑음,단일로 - 기타,승용,남,26세,부상신고,,,,
2016112600100020,2016년 11월 26일 00시,토요일,전라남도 목포시 용당동,경상사고,0,0,1,0,차대차 - 측면충돌,신호위반,건조,맑음,교차로 - 교차로부근,승용,남,48세,상해없음,승용,남,31세,경상
2016112600100060,2016년 11월 26일 02시,토요일,전라남도 목포시 상동,경상사고,0,0,1,0,차대차 - 측면충돌,안전운전불이행,건조,맑음,교차로 - 교차로부근,특수,남,25세,기타불명,화물,여,50세,경상
2016112600100061,2016년 11월 26일 02시,토요일,전라남도 순천시 해룡면,경상사고,0,0,1,0,차대차 - 정면충돌,안전운전불이행,건조,맑음,단일로 - 기타,승용,남,57세,상해없음,이륜,남,17세,경상
2016112600100086,2016년 11월 26일 04시,토요일,전라남도 광양시 황길동,경상사고,0,0,1,0,차대차 - 추돌,안전운전불이행,건조,맑음,단일로 - 기타,승용,남,24세,경상,특수,남,54세,상해없음
2016112600100140,2016년 11월 26일 08시,토요일,전라남도 나주시 금천면,중상사고,0,1,0,0,차대사람 - 횡단중,보행자보호의무위반,건조,맑음,교차로 - 교차로안,승용,남,43세,상해없음,보행자,여,62세,중상
2016112600100141,2016년 11월 26일 08시,토요일,전라남도 광양시 광영동,경상사고,0,0,4,0,차대차 - 측면직각충돌,교차로운행방법위반,건조,맑음,교차로 - 교차로안,승용,남,70세,경상,승용,남,52세,경상
2016112600100174,2016년 11월 26일 10시,토요일,전라남도 나주시 금천면,경상사고,0,0,3,0,차대차 - 기타,교차로운행방법위반,건조,맑음,교차로 - 교차로안,승용,남,77세,경상,건설기계,남,41세,경상
2016112600100196,2016년 11월 26일 11시,토요일,전라남도 여수시 학동,중상사고,0,2,1,0,차대차 - 측면충돌,신호위반,건조,맑음,교차로 - 교차로안,승용,여,62세,상해없음,승용,남,50세,경상
2016112600100197,2016년 11월 26일 11시,토요일,전라남도 해남군 황산면,경상사고,0,0,2,0,차대차 - 정면충돌,중앙선침범,습기,비,단일로 - 기타,화물,남,25세,상해없음,화물,남,45세,경상
2016112600100227,2016년 11월 26일 12시,토요일,전라남도 영암군 삼호읍,경상사고,0,0,6,0,차대차 - 측면직각충돌,안전거리미확보,습기,비,단일로 - 기타,승용,여,48세,경상,승용,남,52세,경상
2016112600100254,2016년 11월 26일 13시,토요일,전라남도 화순군 동면,중상사고,0,3,2,0,차량단독 - 전도전복,안전운전불이행,습기,비,단일로 - 기타,승용,남,56세,중상,,,,
2016112600100255,2016년 11월 26일 13시,토요일,전라남도 영암군 도포면,경상사고,0,0,1,0,차대차 - 기타,안전운전불이행,습기,비,교차로 - 교차로안,승용,남,33세,경상,승합,남,60세,상해없음
2016112600100287,2016년 11월 26일 14시,토요일,전라남도 순천시 서면,중상사고,0,1,0,0,차대차 - 측면충돌,직진우회전진행방해,습기,비,교차로 - 교차로안,화물,남,50세,상해없음,이륜,남,19세,중상
2016112600100288,2016년 11월 26일 14시,토요일,전라남도 광양시 광양읍,경상사고,0,0,1,0,차대차 - 추돌,교차로운행방법위반,습기,비,교차로 - 교차로안,화물,남,56세,기타불명,승용,남,34세,경상
2016112600100331,2016년 11월 26일 15시,토요일,전라남도 목포시 용해동,경상사고,0,0,1,0,차대차 - 추돌,안전운전불이행,습기,비,단일로 - 기타,승용,남,52세,상해없음,승용,남,56세,경상
2016112600100332,2016년 11월 26일 15시,토요일,전라남도 순천시 조례동,중상사고,0,1,0,0,차대사람 - 횡단중,보행자보호의무위반,건조,맑음,교차로 - 교차로부근,승합,남,76세,상해없음,보행자,남,18세,중상
2016112600100366,2016년 11월 26일 16시,토요일,전라남도 여수시 문수동,경상사고,0,0,1,0,차대차 - 정면충돌,교차로운행방법위반,습기,흐림,단일로 - 기타,승용,남,82세,상해없음,이륜,남,26세,경상
2016112600100367,2016년 11월 26일 16시,토요일,전라남도 순천시 덕암동,중상사고,0,1,0,0,차대사람 - 횡단중,안전운전불이행,습기,비,단일로 - 기타,승용,남,25세,상해없음,보행자,남,49세,중상
2016112600100368,2016년 11월 26일 16시,토요일,전라남도 영암군 삼호읍,경상사고,0,0,4,0,차대차 - 측면직각충돌,안전운전불이행,습기,비,교차로 - 교차로안,승용,남,60세,경상,승용,남,47세,경상
2016112600100369,2016년 11월 26일 16시,토요일,전라남도 무안군 삼향읍,사망사고,1,0,2,0,차대차 - 정면충돌,안전운전불이행,습기,비,교차로 - 교차로안,화물,남,56세,사망,승용,남,41세,경상
2016112600100416,2016년 11월 26일 17시,토요일,전라남도 나주시 영산동,중상사고,0,1,0,0,차대사람 - 횡단중,안전운전불이행,습기,비,단일로 - 기타,화물,남,49세,상해없음,보행자,여,79세,중상
2016112600100417,2016년 11월 26일 17시,토요일,전라남도 해남군 송지면,부상신고사고,0,0,0,1,차량단독 - 전도전복,안전운전불이행,습기,비,단일로 - 기타,건설기계,남,22세,부상신고,,,,
2016112600100418,2016년 11월 26일 17시,토요일,전라남도 화순군 능주면,중상사고,0,1,0,0,차대사람 - 기타,안전운전불이행,습기,비,단일로 - 기타,승용,남,60세,상해없음,보행자,여,48세,중상
2016112600100419,2016년 11월 26일 17시,토요일,전라남도 광양시 진월면,경상사고,0,0,1,0,차대차 - 측면충돌,안전운전불이행,건조,맑음,단일로 - 기타,이륜,남,67세,경상,화물,남,64세,상해없음
2016112600100483,2016년 11월 26일 18시,토요일,전라남도 목포시 산정동,중상사고,0,1,0,0,차대사람 - 길가장자리구역통행중,안전운전불이행,습기,비,단일로 - 기타,이륜,남,31세,상해없음,보행자,여,75세,중상
2016112600100484,2016년 11월 26일 18시,토요일,전라남도 목포시 명륜동,경상사고,0,0,2,0,차대차 - 정면충돌,교차로운행방법위반,습기,비,교차로 - 교차로안,승용,여,54세,경상,승용,남,55세,경상
2016112600100485,2016년 11월 26일 18시,토요일,전라남도 순천시 풍덕동,경상사고,0,0,4,0,차대차 - 측면충돌,신호위반,습기,비,교차로 - 교차로안,승용,남,58세,상해없음,승용,남,60세,상해없음
2016112600100486,2016년 11월 26일 18시,토요일,전라남도 고흥군 고흥읍,경상사고,0,0,1,0,차대사람 - 횡단중,안전운전불이행,습기,비,단일로 - 기타,화물,남,52세,상해없음,보행자,남,87세,경상
2016112600100487,2016년 11월 26일 18시,토요일,전라남도 담양군 대덕면,사망사고,1,0,0,0,차량단독 - 전도전복,안전운전불이행,건조,맑음,단일로 - 기타,승용,남,54세,사망,,,,
2016112600100555,2016년 11월 26일 19시,토요일,전라남도 순천시 가곡동,중상사고,0,1,0,0,차대차 - 측면충돌,안전운전불이행,습기,비,교차로 - 교차로안,승용,여,54세,상해없음,이륜,남,25세,중상
2016112600100556,2016년 11월 26일 19시,토요일,전라남도 광양시 옥룡면,중상사고,0,1,0,0,차대사람 - 횡단중,안전운전불이행,습기,비,단일로 - 기타,승용,여,46세,상해없음,보행자,남,47세,중상
2016112600100619,2016년 11월 26일 20시,토요일,전라남도 무안군 삼향읍,경상사고,0,0,2,0,차대차 - 측면충돌,직진우회전진행방해,습기,비,교차로 - 교차로안,승용,남,36세,경상,승용,남,31세,경상
2016112600100620,2016년 11월 26일 20시,토요일,전라남도 순천시 서면,경상사고,0,0,3,0,차대차 - 기타,안전거리미확보,습기,비,단일로 - 기타,승용,남,67세,상해없음,승용,남,40세,경상
2016112600100721,2016년 11월 26일 23시,토요일,전라남도 여수시 학동,경상사고,0,0,1,0,차대사람 - 횡단중,안전운전불이행,건조,맑음,단일로 - 기타,승용,여,61세,상해없음,보행자,남,21세,경상
2016112700100041,2016년 11월 27일 01시,일요일,전라남도 여수시 화양면,중상사고,0,1,0,0,차량단독 - 전도전복,안전운전불이행,습기,비,단일로 - 기타,승용,남,25세,상해없음,,,,
2016112700100104,2016년 11월 27일 06시,일요일,전라남도 신안군 임자면,중상사고,0,1,0,0,차량단독 - 전도전복,안전운전불이행,건조,흐림,단일로 - 기타,승합,여,59세,중상,,,,
2016112700100202,2016년 11월 27일 12시,일요일,전라남도 곡성군 겸면,경상사고,0,0,1,0,차대차 - 측면직각충돌,안전운전불이행,건조,맑음,교차로 - 교차로안,화물,남,53세,상해없음,승용,남,58세,상해없음
2016112700100219,2016년 11월 27일 13시,일요일,전라남도 해남군 해남읍,경상사고,0,0,1,0,차대차 - 정면충돌,안전운전불이행,건조,맑음,단일로 - 기타,이륜,남,78세,경상,승용,남,82세,상해없음
2016112700100220,2016년 11월 27일 13시,일요일,전라남도 무안군 무안읍,경상사고,0,0,5,1,차대차 - 측면충돌,직진우회전진행방해,건조,맑음,교차로 - 교차로안,승용,여,39세,부상신고,승용,남,58세,경상
2016112700100247,2016년 11월 27일 14시,일요일,전라남도 화순군 능주면,중상사고,0,1,1,0,차대차 - 측면직각충돌,교차로운행방법위반,건조,맑음,교차로 - 교차로안,승용,남,68세,상해없음,승용,남,58세,중상
2016112700100282,2016년 11월 27일 15시,일요일,전라남도 여수시 공화동,경상사고,0,0,1,0,차대차 - 정면충돌,중앙선침범,건조,맑음,단일로 - 기타,승용,남,24세,상해없음,승합,남,60세,경상
2016112700100283,2016년 11월 27일 15시,일요일,전라남도 영암군 삼호읍,경상사고,0,0,3,0,차대차 - 정면충돌,안전운전불이행,건조,맑음,교차로 - 교차로안,승용,남,73세,경상,승용,남,52세,경상
2016112700100284,2016년 11월 27일 15시,일요일,전라남도 강진군 성전면,중상사고,0,3,0,0,차대차 - 추돌,안전운전불이행,건조,맑음,단일로 - 기타,화물,남,65세,중상,승용,남,40세,상해없음
2016112700100285,2016년 11월 27일 15시,일요일,전라남도 강진군 성전면,중상사고,0,1,0,0,차량단독 - 공작물충돌,안전운전불이행,건조,맑음,단일로 - 기타,승용,남,40세,상해없음,,,,
2016112700100314,2016년 11월 27일 16시,일요일,전라남도 순천시 가곡동,중상사고,0,1,0,0,차대차 - 측면충돌,안전운전불이행,건조,맑음,교차로 - 교차로안,화물,남,52세,상해없음,승용,여,40세,중상
2016112700100339,2016년 11월 27일 17시,일요일,전라남도 여수시 둔덕동,경상사고,0,0,1,0,차대차 - 추돌,안전운전불이행,건조,맑음,교차로 - 교차로부근,승용,남,58세,상해없음,승용,남,24세,경상
2016112700100378,2016년 11월 27일 18시,일요일,전라남도 해남군 황산면,중상사고,0,1,0,0,차대사람 - 기타,안전운전불이행,건조,맑음,단일로 - 기타,승용,남,35세,상해없음,보행자,남,52세,중상
2016112700100379,2016년 11월 27일 18시,일요일,전라남도 영광군 영광읍,경상사고,0,0,3,0,차대차 - 정면충돌,중앙선침범,습기,맑음,단일로 - 기타,승합,여,36세,상해없음,승용,남,42세,경상
2016112700100380,2016년 11월 27일 18시,일요일,전라남도 진도군 고군면,사망사고,1,0,1,0,차대사람 - 횡단중,안전운전불이행,건조,흐림,단일로 - 기타,승용,여,35세,상해없음,보행자,여,62세,사망
2016112700100408,2016년 11월 27일 19시,일요일,전라남도 목포시 상동,경상사고,0,0,1,0,차대차 - 측면충돌,중앙선침범,건조,맑음,단일로 - 기타,승용,남,38세,상해없음,승용,남,23세,경상