사고번호,사고일시,요일,시군구,사고내용,사망자수,중상자수,경상자수,부상신고자수,사고유형,법규위반,노면상태,기상상태,도로형태,가해운전자 차종,가해운전자 성별,가해운전자 연령,가해운전자 상해정도,피해운전자 차종,피해운전자 성별,피해운전자 연령,피해운전자 상해정도
2016120700100566,2016년 12월 7일 21시,수요일,전라남도 여수시 소호동,경상사고,0,0,2,0,차대차 - 측면충돌,안전거리미확보,건조,맑음,단일로 - 기타,승용,남,64세,상해없음,승용,여,49세,경상
2016120700100592,2016년 12월 7일 22시,수요일,전라남도 순천시 조례동,경상사고,0,0,2,0,차대차 - 측면충돌,신호위반,건조,맑음,교차로 - 교차로안,승용,여,25세,상해없음,이륜,남,17세,경상
2016120700100610,2016년 12월 7일 23시,수요일,전라남도 여수시 봉산동,경상사고,0,0,1,0,차대사람 - 횡단중,안전운전불이행,건조,맑음,단일로 - 기타,이륜,남,21세,상해없음,보행자,여,30세,경상
2016120800100017,2016년 12월 8일 00시,목요일,전라남도 순천시 조례동,경상사고,0,0,6,0,차대차 - 측면충돌,직진우회전진행방해,건조,맑음,교차로 - 교차로안,승용,여,51세,경상,승용,남,28세,경상
2016120800100096,2016년 12월 8일 06시,목요일,전라남도 순천시 남정동,중상사고,0,1,2,0,차대차 - 측면충돌,교차로운행방법위반,건조,맑음,교차로 - 교차로안,승용,남,26세,상해없음,승용,남,26세,경상
2016120800100129,2016년 12월 8일 07시,목요일,전라남도 목포시 옥암동,중상사고,0,1,1,0,차대차 - 측면직각충돌,신호위반,건조,맑음,교차로 - 교차로안,승용,남,43세,상해없음,승용,남,30세,중상
2016120800100130,2016년 12월 8일 07시,목요일,전라남도 무안군 청계면,경상사고,0,0,1,0,차대차 - 정면충돌,안전운전불이행,건조,맑음,교차로 - 교차로부근,승용,여,25세,상해없음,이륜,여,62세,경상
2016120800100131,2016년 12월 8일 07시,목요일,전라남도 담양군 대전면,중상사고,0,1,1,0,차대차 - 추돌,안전운전불이행,결빙,안개,단일로 - 교량,화물,남,38세,상해없음,승용,남,49세,경상
2016120800100177,2016년 12월 8일 08시,목요일,전라남도 나주시 금천면,경상사고,0,0,5,0,차대차 - 추돌,안전거리미확보,결빙,안개,단일로 - 기타,승용,남,52세,경상,승용,여,42세,경상
2016120800100178,2016년 12월 8일 08시,목요일,전라남도 나주시 금천면,경상사고,0,0,3,0,차대차 - 추돌,안전운전불이행,결빙,안개,단일로 - 기타,승용,남,22세,경상,승용,여,46세,경상
2016120800100179,2016년 12월 8일 08시,목요일,전라남도 나주시 금천면,경상사고,0,0,1,0,차대차 - 추돌,안전운전불이행,결빙,안개,단일로 - 기타,승용,여,21세,상해없음,승용,남,22세,경상
2016120800100180,2016년 12월 8일 08시,목요일,전라남도 나주시 금천면,경상사고,0,0,1,0,차대차 - 추돌,안전운전불이행,결빙,안개,단일로 - 기타,승용,남,34세,상해없음,승용,여,27세,경상
2016120800100181,2016년 12월 8일 08시,목요일,전라남도 나주시 금천면,경상사고,0,0,1,0,차대차 - 추돌,안전거리미확보,결빙,안개,단일로 - 기타,화물,남,71세,상해없음,승용,남,52세,경상
2016120800100182,2016년 12월 8일 08시,목요일,전라남도 나주시 금천면,경상사고,0,0,3,0,차대차 - 추돌,안전거리미확보,결빙,안개,단일로 - 기타,승용,여,47세,경상,승용,남,57세,경상
2016120800100183,2016년 12월 8일 08시,목요일,전라남도 나주시 금천면,경상사고,0,0,1,0,차대차 - 추돌,안전운전불이행,결빙,안개,단일로 - 기타,승용,남,57세,경상,화물,남,71세,상해없음
2016120800100184,2016년 12월 8일 08시,목요일,전라남도 함평군 월야면,경상사고,0,0,2,0,차대차 - 추돌,안전거리미확보,습기,안개,단일로 - 기타,승용,남,26세,경상,승용,남,68세,경상
2016120800100185,2016년 12월 8일 08시,목요일,전라남도 담양군 고서면,경상사고,0,0,1,0,차대차 - 추돌,안전운전불이행,결빙,맑음,단일로 - 기타,승합,남,43세,상해없음,승용,남,29세,경상
2016120800100186,2016년 12월 8일 08시,목요일,전라남도 담양군 고서면,중상사고,0,2,7,0,차대차 - 측면직각충돌,안전운전불이행,결빙,맑음,단일로 - 기타,화물,남,43세,중상,승용,여,47세,경상
2016120800100187,2016년 12월 8일 08시,목요일,전라남도 장성군 서삼면,중상사고,0,1,1,0,차대차 - 추돌,안전거리미확보,습기,안개,단일로 - 기타,화물,남,52세,상해없음,화물,남,62세,경상
2016120800100219,2016년 12월 8일 09시,목요일,전라남도 강진군 강진읍,경상사고,0,0,1,0,차대차 - 추돌,기타,건조,맑음,교차로 - 교차로안,승용,여,56세,상해없음,승용,남,64세,경상
2016120800100243,2016년 12월 8일 10시,목요일,전라남도 여수시 해산동,중상사고,0,1,0,0,차대사람 - 횡단중,안전운전불이행,건조,맑음,교차로 - 교차로안,승용,남,52세,상해없음,보행자,여,75세,중상
2016120800100244,2016년 12월 8일 10시,목요일,전라남도 함평군 월야면,경상사고,0,0,2,0,차대차 - 측면충돌,안전운전불이행,건조,맑음,교차로 - 교차로안,승용,남,63세,상해없음,승용,남,36세,경상
2016120800100275,2016년 12월 8일 11시,목요일,전라남도 보성군 벌교읍,경상사고,0,0,1,0,차대차 - 정면충돌,직진우회전진행방해,건조,맑음,교차로 - 교차로안,화물,남,71세,상해없음,승용,남,27세,상해없음
2016120800100276,2016년 12월 8일 11시,목요일,전라남도 화순군 능주면,경상사고,0,0,2,0,차대차 - 측면직각충돌,직진우회전진행방해,건조,맑음,교차로 - 교차로안,승용,여,32세,경상,승용,남,50세,상해없음
2016120800100277,2016년 12월 8일 11시,목요일,전라남도 무안군 일로읍,중상사고,0,1,0,0,차량단독 - 전도전복,안전운전불이행,건조,맑음,단일로 - 기타,이륜,남,79세,상해없음,,,,
2016120800100278,2016년 12월 8일 11시,목요일,전라남도 구례군 구례읍,경상사고,0,0,2,0,차대차 - 측면직각충돌,직진우회전진행방해,건조,맑음,교차로 - 교차로안,승용,여,27세,경상,건설기계,남,46세,상해없음
2016120800100305,2016년 12월 8일 12시,목요일,전라남도 해남군 해남읍,중상사고,0,1,0,0,차대차 - 측면직각충돌,중앙선침범,건조,맑음,교차로 - 교차로안,자전거,여,68세,중상,승합,여,35세,상해없음
2016120800100360,2016년 12월 8일 14시,목요일,전라남도 나주시 대호동,중상사고,0,1,0,0,차대차 - 측면충돌,불법유턴,건조,맑음,교차로 - 교차로안,승용,여,57세,상해없음,이륜,남,40세,중상
2016120800100361,2016년 12월 8일 14시,목요일,전라남도 영광군 영광읍,경상사고,0,0,1,0,차대사람 - 횡단중,안전운전불이행,건조,맑음,단일로 - 기타,승용,남,49세,상해없음,보행자,여,50세,경상
2016120800100362,2016년 12월 8일 14시,목요일,전라남도 함평군 신광면,중상사고,0,1,0,0,차대차 - 정면충돌,중앙선침범,건조,맑음,단일로 - 기타,화물,여,41세,상해없음,이륜,남,70세,중상
2016120800100363,2016년 12월 8일 14시,목요일,전라남도 광양시 중동,경상사고,0,0,1,0,차대차 - 측면충돌,안전운전불이행,건조,맑음,교차로 - 교차로부근,승용,여,39세,상해없음,승용,여,50세,경상
2016120800100399,2016년 12월 8일 15시,목요일,전라남도 순천시 석현동,중상사고,0,1,0,0,차량단독 - 기타,안전운전불이행,건조,맑음,단일로 - 기타,승합,남,60세,상해없음,,,,
2016120800100466,2016년 12월 8일 17시,목요일,전라남도 완도군 완도읍,중상사고,0,2,2,0,차대차 - 추돌,안전운전불이행,건조,맑음,교차로 - 교차로부근,화물,남,54세,상해없음,승용,여,49세,경상
2016120800100661,2016년 12월 8일 21시,목요일,전라남도 여수시 신기동,중상사고,0,1,0,0,차대사람 - 횡단중,안전운전불이행,건조,맑음,단일로 - 기타,승용,남,58세,상해없음,보행자,남,58세,중상
2016120800100706,2016년 12월 8일 22시,목요일,전라남도 목포시 연산동,중상사고,0,1,0,0,차대사람 - 횡단중,보행자보호의무위반,건조,맑음,기타 - 기타,승용,남,41세,상해없음,보행자,여,33세,중상
2016120900100015,2016년 12월 9일 00시,금요일,전라남도 목포시 산정동,중상사고,0,1,1,0,차대차 - 측면충돌,직진우회전진행방해,건조,맑음,교차로 - 교차로부근,승용,남,47세,중상,승용,여,33세,경상
2016120900100055,2016년 12월 9일 02시,금요일,전라남도 여수시 학동,중상사고,0,1,0,0,차대차 - 측면직각충돌,안전운전불이행,건조,맑음,교차로 - 교차로안,승용,남,20세,상해없음,승용,여,43세,중상
2016120900100167,2016년 12월 9일 08시,금요일,전라남도 목포시 상동,경상사고,0,0,1,0,차대차 - 측면충돌,안전운전불이행,건조,맑음,단일로 - 기타,승용,남,50세,상해없음,자전거,남,13세,경상
2016120900100168,2016년 12월 9일 08시,금요일,전라남도 목포시 명륜동,경상사고,0,0,1,0,차대차 - 측면충돌,안전운전불이행,건조,맑음,교차로 - 교차로안,화물,남,64세,상해없음,승용,남,55세,경상
2016120900100189,2016년 12월 9일 09시,금요일,전라남도 광양시 중동,경상사고,0,0,1,0,차대사람 - 횡단중,안전운전불이행,건조,맑음,단일로 - 횡단보도상,승용,여,50세,상해없음,보행자,여,58세,경상
2016120900100212,2016년 12월 9일 10시,금요일,전라남도 강진군 성전면,중상사고,0,1,0,0,차대차 - 측면직각충돌,직진우회전진행방해,건조,맑음,교차로 - 교차로안,건설기계,남,35세,상해없음,화물,남,66세,중상
2016120900100239,2016년 12월 9일 11시,금요일,전라남도 순천시 가곡동,중상사고,0,1,0,0,차대사람 - 차도통행중,안전운전불이행,건조,맑음,단일로 - 기타,화물,남,50세,상해없음,보행자,남,74세,중상
2016120900100240,2016년 12월 9일 11시,금요일,전라남도 장성군 장성읍,중상사고,0,1,0,0,차대차 - 측면충돌,안전운전불이행,건조,맑음,교차로 - 교차로안,승용,남,57세,상해없음,이륜,남,70세,중상
2016120900100270,2016년 12월 9일 12시,금요일,전라남도 순천시 해룡면,경상사고,0,0,1,0,차대차 - 추돌,안전운전불이행,건조,맑음,단일로 - 기타,승용,남,46세,상해없음,승용,여,38세,경상
2016120900100301,2016년 12월 9일 13시,금요일,전라남도 고흥군 남양면,중상사고,0,1,0,0,차대차 - 기타,안전운전불이행,건조,맑음,단일로 - 기타,승용,남,70세,상해없음,승합,남,38세,중상
2016120900100333,2016년 12월 9일 14시,금요일,전라남도 완도군 신지면,중상사고,0,2,0,0,차량단독 - 공작물충돌,안전운전불이행,건조,맑음,단일로 - 기타,화물,남,58세,중상,,,,
2016120900100368,2016년 12월 9일 15시,금요일,전라남도 고흥군 과역면,사망사고,1,0,3,0,차대차 - 추돌,안전운전불이행,건조,맑음,단일로 - 기타,화물,남,66세,사망,화물,여,62세,경상
2016120900100369,2016년 12월 9일 15시,금요일,전라남도 고흥군 과역면,중상사고,0,3,5,0,차대차 - 추돌,안전운전불이행,건조,맑음,단일로 - 기타,화물,남,63세,중상,화물,남,65세,경상
2016120900100370,2016년 12월 9일 15시,금요일,전라남도 영암군 영암읍,경상사고,0,0,1,0,차대차 - 측면직각충돌,안전운전불이행,건조,맑음,단일로 - 횡단보도부근,이륜,남,61세,경상,승용,여,58세,상해없음
2016120900100396,2016년 12월 9일 16시,금요일,전라남도 목포시 산정동,경상사고,0,0,2,0,차대차 - 측면충돌,신호위반,건조,맑음,교차로 - 교차로안,승용,남,75세,상해없음,승용,남,45세,경상
2016120900100397,2016년 12월 9일 16시,금요일,전라남도 목포시 산정동,중상사고,0,1,0,0,차대사람 - 기타,안전운전불이행,건조,맑음,단일로 - 기타,승용,남,57세,상해없음,보행자,남,5세,중상
2016120900100398,2016년 12월 9일 16시,금요일,전라남도 나주시 영산동,경상사고,0,0,1,0,차대차 - 측면직각충돌,안전운전불이행,건조,맑음,교차로 - 교차로안,화물,남,37세,상해없음,원동기,남,74세,경상
2016120900100399,2016년 12월 9일 16시,금요일,전라남도 보성군 벌교읍,경상사고,0,0,1,0,차대차 - 추돌,안전운전불이행,건조,맑음,단일로 - 기타,원동기,남,56세,경상,이륜,남,79세,기타불명
2016120900100424,2016년 12월 9일 17시,금요일,전라남도 순천시 풍덕동,경상사고,0,0,1,0,차대차 - 측면충돌,교차로운행방법위반,건조,맑음,교차로 - 교차로안,승용,여,49세,상해없음,승용,여,51세,경상
2016120900100425,2016년 12월 9일 17시,금요일,전라남도 순천시 매곡동,경상사고,0,0,1,0,차대차 - 측면직각충돌,안전운전불이행,건조,맑음,단일로 - 기타,승합,남,42세,상해없음,승용,남,50세,경상
2016120900100426,2016년 12월 9일 17시,금요일,전라남도 화순군 동면,중상사고,0,1,0,0,차대차 - 측면충돌,중앙선침범,건조,맑음,단일로 - 기타,승용,남,39세,상해없음,승용,남,62세,중상
2016120900100476,2016년 12월 9일 18시,금요일,전라남도 목포시 상동,경상사고,0,0,3,0,차대차 - 추돌,안전운전불이행,건조,맑음,교차로 - 교차로부근,승용,남,56세,상해없음,승용,남,42세,경상
2016120900100477,2016년 12월 9일 18시,금요일,전라남도 고흥군 과역면,경상사고,0,0,1,0,차대차 - 기타,기타,건조,맑음,단일로 - 기타,화물,남,47세,상해없음,승용,남,42세,경상
2016120900100478,2016년 12월 9일 18시,금요일,전라남도 무안군 삼향읍,경상사고,0,0,2,0,차대차 - 기타,안전거리미확보,건조,맑음,단일로 - 기타,승용,남,71세,상해없음,승용,남,42세,경상
2016120900100536,2016년 12월 9일 19시,금요일,전라남도 목포시 옥암동,경상사고,0,0,1,0,차대사람 - 횡단중,중앙선침범,건조,맑음,단일로 - 기타,승용,남,49세,상해없음,보행자,여,27세,경상
2016120900100569,2016년 12월 9일 20시,금요일,전라남도 여수시 덕충동,경상사고,0,0,3,0,차대차 - 추돌,안전운전불이행,건조,맑음,교차로 - 교차로부근,승용,남,42세,상해없음,화물,남,43세,경상
2016120900100638,2016년 12월 9일 22시,금요일,전라남도 목포시 상동,중상사고,0,1,0,0,차대차 - 기타,안전운전불이행,건조,흐림,단일로 - 기타,승용,여,59세,상해없음,자전거,여,60세,중상
2016120900100639,2016년 12월 9일 22시,금요일,전라남도 나주시 금천면,경상사고,0,0,2,0,차대차 - 측면직각충돌,중앙선침범,건조,맑음,단일로 - 기타,승용,남,39세,상해없음,승용,남,31세,경상
2016120900100674,2016년 12월 9일 23시,금요일,전라남도 목포시 옥암동,경상사고,0,0,4,0,차대차 - 추돌,안전운전불이행,건조,맑음,단일로 - 기타,승용,남,58세,상해없음,승용,여,30세,경상
2016121000100031,2016년 12월 10일 01시,토요일,전라남도 여수시 여서동,중상사고,0,1,0,0,차대사람 - 횡단중,중앙선침범,건조,맑음,교차로 - 교차로부근,승용,남,38세,상해없음,보행자,남,24세,중상
2016121000100080,2016년 12월 10일 05시,토요일,전라남도 여수시 둔덕동,중상사고,0,1,0,0,차대사람 - 횡단중,안전운전불이행,건조,맑음,단일로 - 기타,승용,남,22세,상해없음,보행자,남,23세,중상
2016121000100099,2016년 12월 10일 06시,토요일,전라남도 영광군 법성면,중상사고,0,1,0,0,차대사람 - 차도통행중,안전운전불이행,건조,맑음,교차로 - 교차로부근,화물,남,67세,상해없음,보행자,여,73세,중상
2016121000100122,2016년 12월 10일 07시,토요일,전라남도 강진군 대구면,경상사고,0,0,1,0,차량단독 - 전도전복,안전운전불이행,습기,맑음,단일로 - 기타,화물,남,48세,경상,,,,
2016121000100137,2016년 12월 10일 08시,토요일,전라남도 목포시 산정동,경상사고,0,0,3,0,차대차 - 측면직각충돌,신호위반,건조,맑음,교차로 - 교차로안,승용,여,66세,상해없음,승용,남,50세,경상
2016121000100138,2016년 12월 10일 08시,토요일,전라남도 여수시 여서동,중상사고,0,1,0,0,차대사람 - 횡단중,보행자보호의무위반,건조,맑음,교차로 - 교차로부근,승용,남,44세,상해없음,보행자,여,26세,중상
2016121000100139,2016년 12월 10일 08시,토요일,전라남도 순천시 서면,중상사고,0,1,0,0,차대차 - 측면충돌,교차로운행방법위반,건조,맑음,교차로 - 교차로안,승용,여,46세,상해없음,자전거,남,70세,중상
2016121000100140,2016년 12월 10일 08시,토요일,전라남도 영광군 군남면,경상사고,0,0,1,0,차대차 - 추돌,안전운전불이행,건조,맑음,단일로 - 기타,승용,남,71세,상해없음,승합,남,55세,경상
2016121000100164,2016년 12월 10일 09시,토요일,전라남도 여수시 신월동,경상사고,0,0,1,0,차대차 - 정면충돌,안전운전불이행,건조,맑음,단일로 - 기타,화물,남,32세,경상,승용,남,42세,상해없음
2016121000100165,2016년 12월 10일 09시,토요일,전라남도 무안군 삼향읍,경상사고,0,0,1,1,차대차 - 측면충돌,직진우회전진행방해,건조,맑음,교차로 - 교차로안,승용,남,41세,부상신고,승용,남,50세,경상
2016121000100195,2016년 12월 10일 10시,토요일,전라남도 목포시 산정동,경상사고,0,0,2,0,차대차 - 측면충돌,교차로운행방법위반,건조,맑음,교차로 - 교차로안,승용,남,28세,상해없음,승용,여,32세,경상
2016121000100196,2016년 12월 10일 10시,토요일,전라남도 목포시 상동,경상사고,0,0,4,0,차대차 - 측면충돌,교차로운행방법위반,건조,맑음,교차로 - 교차로안,승용,여,48세,경상,승용,여,44세,경상
2016121000100197,2016년 12월 10일 10시,토요일,전라남도 영암군 영암읍,중상사고,0,1,0,0,차대차 - 측면직각충돌,과속,건조,맑음,교차로 - 교차로안,승용,남,24세,상해없음,화물,남,66세,중상
2016121000100198,2016년 12월 10일 10시,토요일,전라남도 무안군 삼향읍,경상사고,0,0,1,0,차대사람 - 기타,안전운전불이행,건조,맑음,교차로 - 교차로안,승용,여,40세,상해없음,보행자,남,58세,경상
2016121000100252,2016년 12월 10일 12시,토요일,전라남도 목포시 용해동,경상사고,0,0,2,0,차대차 - 추돌,안전운전불이행,건조,맑음,단일로 - 횡단보도부근,승용,남,74세,상해없음,승용,여,56세,경상
2016121000100284,2016년 12월 10일 13시,토요일,전라남도 여수시 공화동,경상사고,0,0,2,0,차대차 - 추돌,안전운전불이행,건조,맑음,단일로 - 기타,승용,남,55세,상해없음,승용,남,27세,경상
2016121000100285,2016년 12월 10일 13시,토요일,전라남도 보성군 회천면,경상사고,0,0,1,0,차대차 - 추돌,안전운전불이행,건조,맑음,단일로 - 기타,승합,여,69세,상해없음,자전거,남,13세,경상
2016121000100319,2016년 12월 10일 14시,토요일,전라남도 순천시 조곡동,중상사고,0,1,0,0,차대차 - 정면충돌,중앙선침범,습기,맑음,단일로 - 기타,이륜,남,18세,중상,승용,남,52세,상해없음
2016121000100359,2016년 12월 10일 15시,토요일,전라남도 여수시 평여동,경상사고,0,0,3,0,차량단독 - 공작물충돌,안전운전불이행,건조,맑음,단일로 - 터널,승용,남,21세,상해없음,,,,
2016121000100360,2016년 12월 10일 15시,토요일,전라남도 고흥군 도양읍,중상사고,0,1,3,0,차대차 - 측면직각충돌,직진우회전진행방해,건조,맑음,교차로 - 교차로안,승합,여,34세,경상,승용,여,48세,경상
2016121000100394,2016년 12월 10일 16시,토요일,전라남도 목포시 옥암동,경상사고,0,0,6,0,차대차 - 측면충돌,차로위반,건조,맑음,단일로 - 기타,건설기계,남,50세,상해없음,승용,여,43세,경상
2016121000100395,2016년 12월 10일 16시,토요일,전라남도 나주시 남내동,경상사고,0,0,1,0,차대사람 - 횡단중,안전운전불이행,건조,맑음,단일로 - 횡단보도부근,원동기,남,61세,상해없음,보행자,여,75세,경상
2016121000100426,2016년 12월 10일 17시,토요일,전라남도 여수시 월하동,경상사고,0,0,1,0,차대차 - 추돌,안전운전불이행,건조,맑음,단일로 - 기타,승용,남,73세,경상,건설기계,남,48세,상해없음
2016121000100427,2016년 12월 10일 17시,토요일,전라남도 해남군 해남읍,경상사고,0,0,4,0,차대차 - 측면직각충돌,교차로운행방법위반,건조,맑음,교차로 - 교차로안,승용,남,59세,경상,승용,여,36세,상해없음
2016121000100428,2016년 12월 10일 17시,토요일,전라남도 영암군 시종면,중상사고,0,1,0,0,차대차 - 측면직각충돌,안전운전불이행,건조,맑음,교차로 - 교차로안,자전거,남,68세,중상,승용,남,50세,상해없음
2016121000100429,2016년 12월 10일 17시,토요일,전라남도 영암군 삼호읍,경상사고,0,0,2,0,차대차 - 추돌,안전운전불이행,건조,맑음,교차로 - 교차로안,건설기계,남,59세,경상,승용,남,46세,경상
2016121000100473,2016년 12월 10일 18시,토요일,전라남도 여수시 신기동,중상사고,0,1,0,0,차대차 - 정면충돌,안전운전불이행,건조,맑음,단일로 - 기타,승용,여,55세,상해없음,이륜,남,34세,중상
2016121000100474,2016년 12월 10일 18시,토요일,전라남도 여수시 신기동,중상사고,0,1,0,0,차대사람 - 차도통행중,중앙선침범,건조,맑음,단일로 - 기타,승용,남,24세,상해없음,보행자,여,43세,중상
2016121000100475,2016년 12월 10일 18시,토요일,전라남도 무안군 삼향읍,부상신고사고,0,0,0,1,차대차 - 추돌,안전운전불이행,건조,맑음,단일로 - 기타,승용,남,52세,부상신고,특수,기타불명,기타불명,기타불명
2016121000100511,2016년 12월 10일 19시,토요일,전라남도 순천시 조례동,경상사고,0,0,1,0,차대사람 - 차도통행중,안전운전불이행,건조,맑음,단일로 - 기타,승용,여,27세,상해없음,보행자,남,41세,경상
2016121000100512,2016년 12월 10일 19시,토요일,전라남도 장흥군 장흥읍,경상사고,0,0,1,0,차대사람 - 기타,안전운전불이행,건조,맑음,교차로 - 교차로안,승용,남,58세,기타불명,보행자,남,21세,경상
2016121000100513,2016년 12월 10일 19시,토요일,전라남도 무안군 무안읍,경상사고,0,0,3,0,차대차 - 기타,안전운전불이행,건조,맑음,교차로 - 교차로부근,승용,여,53세,상해없음,승용,남,51세,경상
2016121000100603,2016년 12월 10일 22시,토요일,전라남도 해남군 송지면,경상사고,0,0,1,0,차량단독 - 전도전복,안전운전불이행,건조,맑음,단일로 - 기타,승용,여,54세,경상,,,,
2016121000100632,2016년 12월 10일 23시,토요일,전라남도 영암군 삼호읍,경상사고,0,0,4,0,차대차 - 추돌,안전운전불이행,건조,맑음,단일로 - 기타,승용,남,38세,경상,승용,남,36세,경상
2016121100100031,2016년 12월 11일 01시,일요일,전라남도 여수시 학동,경상사고,0,0,1,0,차대사람 - 횡단중,안전운전불이행,건조,맑음,단일로 - 기타,승용,남,62세,상해없음,보행자,남,43세,경상
2016121100100049,2016년 12월 11일 02시,일요일,전라남도 여수시 웅천동,경상사고,0,0,1,0,차대차 - 기타,안전운전불이행,건조,맑음,교차로 - 교차로안,승용,여,43세,상해없음,승용,남,36세,경상
2016121100100069,2016년 12월 11일 03시,일요일,전라남도 여수시 돌산읍,중상사고,0,1,0,0,차량단독 - 공작물충돌,안전운전불이행,건조,맑음,단일로 - 기타,승용,남,60세,중상,,,,
2016121100100106,2016년 12월 11일 07시,일요일,전라남도 여수시 중흥동,경상사고,0,0,1,0,차대차 - 측면직각충돌,신호위반,건조,맑음,교차로 - 교차로안,승용,남,39세,상해없음,승용,남,47세,경상
2016121100100120,2016년 12월 11일 08시,일요일,전라남도 영광군 영광읍,중상사고,0,1,0,0,차대차 - 측면직각충돌,직진우회전진행방해,건조,맑음,교차로 - 교차로안,이륜,남,85세,중상,승용,여,38세,상해없음
2016121100100155,2016년 12월 11일 10시,일요일,전라남도 목포시 상동,경상사고,0,0,2,0,차대차 - 측면충돌,직진우회전진행방해,건조,맑음,교차로 - 교차로안,승용,남,60세,경상,승용,여,46세,경상
2016121100100157,2016년 12월 11일 10시,일요일,전라남도 광양시 중동,경상사고,0,0,1,0,차대차 - 측면직각충돌,신호위반,건조,맑음,교차로 - 교차로부근,승용,여,72세,상해없음,화물,여,66세,경상
2016121100100186,2016년 12월 11일 11시,일요일,전라남도 해남군 계곡면,중상사고,0,1,0,0,차대차 - 정면충돌,직진우회전진행방해,건조,맑음,교차로 - 교차로안,원동기,남,76세,중상,승용,남,34세,상해없음
2016121100100256,2016년 12월 11일 14시,일요일,전라남도 여수시 돌산읍,경상사고,0,0,3,0,차대차 - 정면충돌,중앙선침범,건조,맑음,단일로 - 기타,화물,남,56세,상해없음,승용,여,53세,경상
2016121100100257,2016년 12월 11일 14시,일요일,전라남도 순천시 조례동,경상사고,0,0,1,0,차대차 - 측면직각충돌,안전운전불이행,건조,맑음,단일로 - 기타,승용,남,20세,상해없음,승용,남,29세,경상
2016121100100258,2016년 12월 11일 14시,일요일,전라남도 영암군 학산면,경상사고,0,0,4,0,차대차 - 측면직각충돌,안전운전불이행,건조,맑음,교차로 - 교차로부근,화물,남,80세,경상,승용,여,59세,경상
2016121100100282,2016년 12월 11일 15시,일요일,전라남도 여수시 여서동,경상사고,0,0,1,0,차대차 - 정면충돌,안전운전불이행,건조,맑음,기타 - 기타,승용,여,42세,상해없음,승용,여,42세,경상
2016121100100305,2016년 12월 11일 16시,일요일,전라남도 목포시 산정동,경상사고,0,0,1,0,차대차 - 기타,안전운전불이행,건조,맑음,단일로 - 기타,승용,여,52세,상해없음,승용,남,46세,상해없음
2016121100100340,2016년 12월 11일 17시,일요일,전라남도 화순군 동복면,중상사고,0,1,0,0,차대사람 - 횡단중,안전운전불이행,건조,맑음,교차로 - 교차로부근,화물,남,61세,상해없음,보행자,남,84세,중상
2016121100100341,2016년 12월 11일 17시,일요일,전라남도 광양시 광양읍,경상사고,0,0,2,0,차대사람 - 횡단중,보행자보호의무위반,건조,맑음,교차로 - 교차로부근,승용,남,45세,상해없음,보행자,남,57세,경상
2016121100100377,2016년 12월 11일 18시,일요일,전라남도 완도군 생일면,중상사고,0,1,0,0,차대사람 - 기타,안전운전불이행,건조,맑음,단일로 - 기타,화물,남,58세,상해없음,보행자,여,55세,중상
2016121100100414,2016년 12월 11일 19시,일요일,전라남도 여수시 문수동,경상사고,0,0,1,0,차대차 - 정면충돌,신호위반,건조,맑음,교차로 - 교차로안,승용,남,36세,상해없음,이륜,남,31세,경상
2016121100100447,2016년 12월 11일 20시,일요일,전라남도 화순군 화순읍,경상사고,0,0,1,0,차대차 - 기타,안전운전불이행,건조,맑음,단일로 - 기타,화물,남,55세,상해없음,승합,여,39세,경상
2016121100100490,2016년 12월 11일 23시,일요일,전라남도 순천시 연향동,경상사고,0,0,1,0,차대차 - 측면충돌,신호위반,건조,맑음,교차로 - 교차로안,승용,여,61세,상해없음,승용,여,43세,경상
2016121200100005,2016년 12월 12일 00시,월요일,전라남도 여수시 신월동,경상사고,0,0,1,0,차대사람 - 횡단중,안전운전불이행,건조,맑음,교차로 - 교차로안,승용,남,42세,상해없음,보행자,여,18세,경상
2016121200100018,2016년 12월 12일 02시,월요일,전라남도 순천시 연향동,경상사고,0,0,1,0,차대차 - 측면충돌,직진우회전진행방해,건조,맑음,교차로 - 교차로안,승용,여,47세,상해없음,승용,남,45세,경상
2016121200100033,2016년 12월 12일 05시,월요일,전라남도 무안군 삼향읍,중상사고,0,1,1,0,차대차 - 측면직각충돌,교차로운행방법위반,건조,맑음,교차로 - 교차로안,승용,남,56세,중상,승용,남,48세,경상
2016121200100051,2016년 12월 12일 06시,월요일,전라남도 목포시 상동,경상사고,0,0,1,0,차대차 - 측면충돌,안전거리미확보,건조,흐림,교차로 - 교차로안,승용,남,48세,상해없음,화물,남,45세,경상
2016121200100052,2016년 12월 12일 06시,월요일,전라남도 무안군 삼향읍,경상사고,0,0,1,0,차대차 - 측면충돌,신호위반,건조,맑음,교차로 - 교차로안,승용,여,45세,상해없음,승용,여,37세,경상
2016121200100078,2016년 12월 12일 07시,월요일,전라남도 순천시 동외동,경상사고,0,0,1,0,차대차 - 추돌,안전운전불이행,건조,맑음,단일로 - 기타,승용,남,57세,상해없음,승용,남,31세,경상