사고번호,사고일시,요일,시군구,사고내용,사망자수,중상자수,경상자수,부상신고자수,사고유형,법규위반,노면상태,기상상태,도로형태,가해운전자 차종,가해운전자 성별,가해운전자 연령,가해운전자 상해정도,피해운전자 차종,피해운전자 성별,피해운전자 연령,피해운전자 상해정도
2016121600100426,2016년 12월 16일 16시,금요일,전라남도 영암군 삼호읍,부상신고사고,0,0,0,1,차대차 - 측면충돌,안전운전불이행,건조,맑음,단일로 - 기타,화물,남,61세,부상신고,건설기계,남,38세,상해없음
2016121600100512,2016년 12월 16일 18시,금요일,전라남도 목포시 산정동,경상사고,0,0,6,0,차대차 - 측면충돌,교차로운행방법위반,건조,맑음,교차로 - 교차로안,이륜,남,19세,경상,승용,남,63세,경상
2016121600100553,2016년 12월 16일 19시,금요일,전라남도 순천시 해룡면,중상사고,0,1,0,0,차대차 - 측면직각충돌,기타,건조,맑음,교차로 - 교차로안,이륜,남,23세,중상,승용,여,34세,상해없음
2016121600100554,2016년 12월 16일 19시,금요일,전라남도 나주시 왕곡면,경상사고,0,0,1,0,차대차 - 추돌,안전운전불이행,건조,맑음,단일로 - 기타,화물,남,37세,상해없음,승용,남,27세,경상
2016121600100595,2016년 12월 16일 20시,금요일,전라남도 보성군 보성읍,경상사고,0,0,3,0,차대차 - 측면직각충돌,기타,건조,맑음,교차로 - 교차로안,승용,남,39세,상해없음,승용,남,26세,경상
2016121600100627,2016년 12월 16일 21시,금요일,전라남도 순천시 조례동,경상사고,0,0,1,0,차대사람 - 차도통행중,안전운전불이행,건조,맑음,단일로 - 기타,승용,남,34세,상해없음,보행자,여,48세,경상
2016121700100012,2016년 12월 17일 00시,토요일,전라남도 목포시 상동,경상사고,0,0,1,0,차대사람 - 횡단중,안전운전불이행,건조,맑음,교차로 - 교차로안,승용,여,37세,상해없음,보행자,남,38세,경상
2016121700100013,2016년 12월 17일 00시,토요일,전라남도 여수시 학동,중상사고,0,1,0,0,차대차 - 측면직각충돌,신호위반,건조,맑음,교차로 - 교차로안,승용,남,60세,상해없음,원동기,남,42세,중상
2016121700100046,2016년 12월 17일 01시,토요일,전라남도 여수시 해산동,경상사고,0,0,1,0,차량단독 - 공작물충돌,안전운전불이행,건조,맑음,교차로 - 교차로안,승용,남,48세,경상,,,,
2016121700100087,2016년 12월 17일 04시,토요일,전라남도 여수시 문수동,경상사고,0,0,1,0,차대차 - 추돌,중앙선침범,건조,맑음,단일로 - 기타,승용,남,49세,상해없음,승용,남,27세,경상
2016121700100134,2016년 12월 17일 08시,토요일,전라남도 여수시 율촌면,중상사고,0,1,0,0,차대차 - 측면충돌,신호위반,건조,맑음,교차로 - 교차로안,승용,여,42세,상해없음,이륜,남,46세,중상
2016121700100189,2016년 12월 17일 10시,토요일,전라남도 순천시 별량면,경상사고,0,0,1,0,차대차 - 기타,안전운전불이행,건조,맑음,단일로 - 기타,화물,남,59세,상해없음,승용,남,56세,경상
2016121700100213,2016년 12월 17일 11시,토요일,전라남도 여수시 화양면,경상사고,0,0,4,0,차대차 - 추돌,안전거리미확보,건조,맑음,단일로 - 기타,화물,남,56세,상해없음,승용,남,47세,경상
2016121700100214,2016년 12월 17일 11시,토요일,전라남도 여수시 남산동,경상사고,0,0,1,0,차대사람 - 횡단중,보행자보호의무위반,건조,맑음,단일로 - 횡단보도상,승용,남,73세,상해없음,보행자,남,8세,경상
2016121700100215,2016년 12월 17일 11시,토요일,전라남도 해남군 해남읍,경상사고,0,0,2,0,차대차 - 정면충돌,안전운전불이행,건조,맑음,교차로 - 교차로부근,승용,여,58세,경상,승용,여,54세,경상
2016121700100282,2016년 12월 17일 13시,토요일,전라남도 목포시 남교동,경상사고,0,0,1,0,차대사람 - 횡단중,안전운전불이행,건조,맑음,단일로 - 기타,승용,여,60세,상해없음,보행자,남,73세,경상
2016121700100283,2016년 12월 17일 13시,토요일,전라남도 해남군 옥천면,중상사고,0,2,0,0,차대차 - 정면충돌,안전운전불이행,건조,맑음,단일로 - 기타,화물,남,72세,중상,화물,남,32세,상해없음
2016121700100284,2016년 12월 17일 13시,토요일,전라남도 강진군 성전면,경상사고,0,0,1,0,차대차 - 기타,안전거리미확보,건조,맑음,단일로 - 기타,승용,남,75세,상해없음,승용,여,41세,경상
2016121700100313,2016년 12월 17일 14시,토요일,전라남도 목포시 옥암동,중상사고,0,1,0,0,차대차 - 기타,안전거리미확보,건조,맑음,단일로 - 기타,승용,남,26세,상해없음,이륜,남,59세,중상
2016121700100314,2016년 12월 17일 14시,토요일,전라남도 나주시 산포면,경상사고,0,0,2,1,차대차 - 추돌,안전운전불이행,건조,맑음,단일로 - 기타,승용,남,56세,부상신고,승용,남,46세,경상
2016121700100315,2016년 12월 17일 14시,토요일,전라남도 무안군 삼향읍,중상사고,0,2,0,0,차대차 - 기타,안전운전불이행,결빙,맑음,교차로 - 교차로부근,승용,남,33세,상해없음,화물,남,42세,중상
2016121700100345,2016년 12월 17일 15시,토요일,전라남도 여수시 남산동,사망사고,1,0,0,0,차대사람 - 횡단중,보행자보호의무위반,건조,맑음,교차로 - 교차로안,화물,남,67세,상해없음,보행자,여,90세 이상,사망
2016121700100346,2016년 12월 17일 15시,토요일,전라남도 화순군 남면,중상사고,0,1,0,0,차대사람 - 기타,안전운전불이행,건조,맑음,단일로 - 기타,승합,남,34세,상해없음,보행자,여,76세,중상
2016121700100347,2016년 12월 17일 15시,토요일,전라남도 담양군 담양읍,경상사고,0,0,5,0,차대차 - 추돌,안전거리미확보,건조,맑음,단일로 - 기타,승용,여,55세,상해없음,승용,여,32세,경상
2016121700100348,2016년 12월 17일 15시,토요일,전라남도 광양시 광양읍,경상사고,0,0,3,0,차대차 - 추돌,안전거리미확보,건조,맑음,단일로 - 기타,승합,남,55세,상해없음,화물,남,41세,경상
2016121700100349,2016년 12월 17일 15시,토요일,전라남도 구례군 구례읍,중상사고,0,1,0,0,차대차 - 추돌,안전운전불이행,건조,맑음,단일로 - 기타,원동기,남,73세,중상,승용,여,53세,상해없음
2016121700100376,2016년 12월 17일 16시,토요일,전라남도 광양시 광양읍,경상사고,0,0,4,0,차대차 - 기타,안전거리미확보,건조,맑음,교차로 - 교차로부근,승용,남,55세,상해없음,승용,여,25세,경상
2016121700100409,2016년 12월 17일 17시,토요일,전라남도 무안군 현경면,경상사고,0,0,1,0,차량단독 - 공작물충돌,안전운전불이행,건조,맑음,단일로 - 기타,화물,남,75세,경상,,,,
2016121700100458,2016년 12월 17일 18시,토요일,전라남도 구례군 산동면,중상사고,0,1,0,0,차대사람 - 차도통행중,안전운전불이행,건조,맑음,단일로 - 기타,원동기,남,26세,상해없음,보행자,여,69세,중상
2016121700100513,2016년 12월 17일 19시,토요일,전라남도 목포시 산정동,중상사고,0,1,0,0,차대차 - 기타,안전거리미확보,건조,맑음,단일로 - 기타,승용,여,37세,상해없음,이륜,남,37세,중상
2016121700100514,2016년 12월 17일 19시,토요일,전라남도 목포시 옥암동,경상사고,0,0,2,0,차대차 - 측면직각충돌,직진우회전진행방해,건조,맑음,교차로 - 교차로안,승용,여,40세,경상,이륜,남,19세,경상
2016121700100515,2016년 12월 17일 19시,토요일,전라남도 순천시 조곡동,중상사고,0,1,0,0,차대사람 - 횡단중,안전운전불이행,건조,맑음,교차로 - 교차로부근,승용,남,56세,상해없음,보행자,남,74세,중상
2016121700100516,2016년 12월 17일 19시,토요일,전라남도 나주시 삼영동,경상사고,0,0,2,0,차대차 - 측면충돌,직진우회전진행방해,건조,맑음,교차로 - 교차로안,승용,남,24세,상해없음,승용,여,38세,경상
2016121700100517,2016년 12월 17일 19시,토요일,전라남도 장성군 남면,경상사고,0,0,2,0,차대차 - 측면충돌,중앙선침범,건조,맑음,단일로 - 기타,화물,남,70세,상해없음,승용,여,44세,경상
2016121700100518,2016년 12월 17일 19시,토요일,전라남도 광양시 광영동,경상사고,0,0,4,0,차대차 - 추돌,안전운전불이행,건조,맑음,교차로 - 교차로부근,승용,남,49세,상해없음,승용,남,36세,경상
2016121700100561,2016년 12월 17일 20시,토요일,전라남도 목포시 산정동,중상사고,0,1,1,0,차대차 - 기타,직진우회전진행방해,건조,맑음,교차로 - 교차로안,승용,남,30세,경상,이륜,남,18세,중상
2016121700100562,2016년 12월 17일 20시,토요일,전라남도 여수시 소라면,경상사고,0,0,3,0,차대차 - 정면충돌,안전운전불이행,건조,맑음,단일로 - 기타,화물,남,44세,상해없음,승용,남,32세,경상
2016121700100563,2016년 12월 17일 20시,토요일,전라남도 보성군 보성읍,중상사고,0,1,0,0,차대차 - 측면직각충돌,안전거리미확보,건조,맑음,교차로 - 교차로안,승용,남,54세,상해없음,승용,남,32세,중상
2016121700100594,2016년 12월 17일 21시,토요일,전라남도 목포시 옥암동,중상사고,0,1,0,0,차대사람 - 횡단중,안전운전불이행,건조,맑음,단일로 - 기타,승용,여,49세,상해없음,보행자,남,58세,중상
2016121700100624,2016년 12월 17일 22시,토요일,전라남도 여수시 여서동,경상사고,0,0,1,0,차대차 - 정면충돌,중앙선침범,건조,맑음,단일로 - 기타,승용,남,55세,상해없음,승합,남,52세,경상
2016121700100625,2016년 12월 17일 22시,토요일,전라남도 영암군 삼호읍,경상사고,0,0,4,0,차대차 - 측면직각충돌,신호위반,건조,맑음,교차로 - 교차로안,승용,여,57세,상해없음,승용,남,48세,상해없음
2016121800100055,2016년 12월 18일 02시,일요일,전라남도 목포시 산정동,중상사고,0,1,1,0,차대사람 - 횡단중,안전운전불이행,건조,맑음,단일로 - 기타,승용,남,22세,경상,보행자,남,60세,중상
2016121800100081,2016년 12월 18일 04시,일요일,전라남도 목포시 산정동,중상사고,0,1,0,0,차대사람 - 횡단중,안전운전불이행,건조,맑음,단일로 - 기타,승용,남,34세,상해없음,보행자,남,51세,중상
2016121800100159,2016년 12월 18일 10시,일요일,전라남도 여수시 소라면,중상사고,0,1,0,0,차대사람 - 횡단중,보행자보호의무위반,건조,맑음,단일로 - 횡단보도상,승용,남,38세,상해없음,보행자,여,37세,중상
2016121800100160,2016년 12월 18일 10시,일요일,전라남도 영암군 덕진면,경상사고,0,0,2,0,차대차 - 측면충돌,안전운전불이행,건조,맑음,교차로 - 교차로안,승용,남,57세,경상,승용,남,35세,경상
2016121800100178,2016년 12월 18일 11시,일요일,전라남도 나주시 세지면,중상사고,0,1,2,0,차대차 - 측면충돌,직진우회전진행방해,건조,맑음,교차로 - 교차로안,승용,남,55세,경상,승용,여,55세,중상
2016121800100229,2016년 12월 18일 14시,일요일,전라남도 고흥군 포두면,경상사고,0,0,1,0,차대차 - 기타,안전운전불이행,건조,맑음,교차로 - 교차로안,이륜,남,76세,경상,승합,여,62세,상해없음
2016121800100251,2016년 12월 18일 15시,일요일,전라남도 나주시 세지면,중상사고,0,1,4,0,차대차 - 정면충돌,중앙선침범,건조,맑음,단일로 - 기타,승용,남,26세,경상,화물,남,52세,경상
2016121800100273,2016년 12월 18일 16시,일요일,전라남도 장성군 서삼면,중상사고,0,1,4,1,차대차 - 측면직각충돌,안전운전불이행,건조,맑음,교차로 - 교차로안,승용,여,49세,부상신고,승용,남,71세,상해없음
2016121800100305,2016년 12월 18일 17시,일요일,전라남도 여수시 안산동,경상사고,0,0,3,0,차대차 - 측면직각충돌,신호위반,건조,맑음,교차로 - 교차로안,승용,여,54세,상해없음,승용,남,33세,경상
2016121800100306,2016년 12월 18일 17시,일요일,전라남도 고흥군 도양읍,경상사고,0,0,2,0,차대사람 - 길가장자리구역통행중,안전운전불이행,건조,맑음,단일로 - 기타,화물,여,53세,상해없음,보행자,여,15세,경상
2016121800100334,2016년 12월 18일 18시,일요일,전라남도 목포시 달동,경상사고,0,0,3,0,차대차 - 추돌,안전운전불이행,건조,맑음,교차로 - 교차로부근,승용,남,57세,상해없음,승용,남,53세,경상
2016121800100366,2016년 12월 18일 19시,일요일,전라남도 여수시 월하동,경상사고,0,0,1,0,차대차 - 정면충돌,교차로운행방법위반,건조,맑음,교차로 - 교차로안,승용,남,64세,상해없음,승용,남,40세,경상
2016121800100367,2016년 12월 18일 19시,일요일,전라남도 여수시 학동,경상사고,0,0,1,0,차대차 - 추돌,안전거리미확보,건조,맑음,단일로 - 기타,승용,여,45세,상해없음,승용,남,29세,경상
2016121800100368,2016년 12월 18일 19시,일요일,전라남도 순천시 연향동,중상사고,0,1,0,0,차대차 - 측면충돌,직진우회전진행방해,건조,맑음,교차로 - 교차로안,원동기,남,17세,중상,승용,남,27세,상해없음
2016121800100369,2016년 12월 18일 19시,일요일,전라남도 나주시 세지면,경상사고,0,0,2,1,차대차 - 추돌,안전운전불이행,건조,기타,단일로 - 기타,승용,남,56세,부상신고,농기계,남,49세,경상
2016121800100370,2016년 12월 18일 19시,일요일,전라남도 해남군 해남읍,경상사고,0,0,1,0,차대차 - 추돌,안전운전불이행,건조,맑음,단일로 - 기타,승용,남,38세,상해없음,농기계,남,24세,경상
2016121800100371,2016년 12월 18일 19시,일요일,전라남도 광양시 광양읍,경상사고,0,0,1,0,차대사람 - 차도통행중,안전운전불이행,건조,맑음,교차로 - 교차로안,화물,남,59세,상해없음,보행자,남,53세,경상
2016121800100401,2016년 12월 18일 20시,일요일,전라남도 목포시 상동,경상사고,0,0,1,0,차대사람 - 횡단중,안전운전불이행,건조,맑음,단일로 - 기타,승용,남,18세,상해없음,보행자,남,31세,경상
2016121800100402,2016년 12월 18일 20시,일요일,전라남도 순천시 주암면,중상사고,0,1,0,0,차대사람 - 횡단중,안전운전불이행,건조,맑음,단일로 - 기타,승용,남,36세,상해없음,보행자,남,50세,중상
2016121800100430,2016년 12월 18일 21시,일요일,전라남도 목포시 상동,경상사고,0,0,1,0,차대사람 - 횡단중,안전운전불이행,습기,흐림,교차로 - 교차로부근,승용,남,23세,상해없음,보행자,남,41세,경상
2016121800100431,2016년 12월 18일 21시,일요일,전라남도 담양군 담양읍,경상사고,0,0,3,0,차대차 - 측면직각충돌,직진우회전진행방해,건조,맑음,교차로 - 교차로안,승용,남,59세,경상,승용,남,59세,경상
2016121800100458,2016년 12월 18일 22시,일요일,전라남도 순천시 조곡동,경상사고,0,0,1,0,차대차 - 측면충돌,안전운전불이행,건조,흐림,단일로 - 기타,화물,남,35세,상해없음,승용,남,26세,경상
2016121900100006,2016년 12월 19일 00시,월요일,전라남도 광양시 중동,경상사고,0,0,1,0,차대사람 - 기타,안전운전불이행,건조,맑음,기타 - 기타,승용,남,24세,상해없음,보행자,남,33세,경상
2016121900100057,2016년 12월 19일 05시,월요일,전라남도 해남군 북평면,경상사고,0,0,1,0,차량단독 - 전도전복,안전운전불이행,습기,비,단일로 - 기타,승용,남,48세,경상,,,,
2016121900100080,2016년 12월 19일 06시,월요일,전라남도 나주시 산포면,중상사고,0,1,0,0,차대사람 - 기타,안전운전불이행,습기,비,단일로 - 기타,승용,남,33세,상해없음,보행자,남,51세,중상
2016121900100108,2016년 12월 19일 07시,월요일,전라남도 해남군 현산면,경상사고,0,0,2,0,차대차 - 기타,안전운전불이행,습기,비,단일로 - 기타,승용,남,35세,경상,승용,여,36세,경상
2016121900100143,2016년 12월 19일 08시,월요일,전라남도 장흥군 장흥읍,중상사고,0,1,0,0,차대차 - 기타,안전운전불이행,습기,흐림,단일로 - 기타,화물,남,45세,상해없음,자전거,여,82세,중상
2016121900100178,2016년 12월 19일 09시,월요일,전라남도 여수시 여서동,경상사고,0,0,1,0,차대차 - 추돌,안전거리미확보,습기,비,단일로 - 기타,승용,여,41세,상해없음,승용,여,45세,경상
2016121900100207,2016년 12월 19일 10시,월요일,전라남도 영암군 학산면,경상사고,0,0,2,1,차대차 - 추돌,안전운전불이행,습기,비,교차로 - 교차로안,화물,여,62세,부상신고,승용,남,43세,경상
2016121900100233,2016년 12월 19일 11시,월요일,전라남도 목포시 산정동,사망사고,1,0,0,0,차대사람 - 길가장자리구역통행중,안전운전불이행,습기,흐림,교차로 - 교차로안,화물,남,54세,상해없음,보행자,여,60세,사망
2016121900100250,2016년 12월 19일 12시,월요일,전라남도 강진군 강진읍,경상사고,0,0,1,0,차량단독 - 기타,안전운전불이행,습기,비,단일로 - 기타,승용,남,36세,경상,,,,
2016121900100310,2016년 12월 19일 14시,월요일,전라남도 나주시 송월동,경상사고,0,0,4,0,차대차 - 추돌,안전거리미확보,건조,맑음,단일로 - 기타,승용,남,51세,상해없음,승용,여,45세,경상
2016121900100311,2016년 12월 19일 14시,월요일,전라남도 영암군 삼호읍,중상사고,0,1,1,0,차대차 - 정면충돌,신호위반,습기,비,교차로 - 교차로안,화물,남,76세,중상,건설기계,남,47세,경상
2016121900100312,2016년 12월 19일 14시,월요일,전라남도 무안군 현경면,중상사고,0,1,0,0,차대차 - 정면충돌,중앙선침범,습기,맑음,교차로 - 교차로부근,화물,남,43세,상해없음,화물,남,57세,중상
2016121900100375,2016년 12월 19일 16시,월요일,전라남도 목포시 옥암동,경상사고,0,0,2,0,차대차 - 추돌,안전운전불이행,습기,흐림,교차로 - 교차로부근,승용,남,43세,상해없음,승용,여,57세,경상
2016121900100376,2016년 12월 19일 16시,월요일,전라남도 광양시 금호동,경상사고,0,0,2,0,차대차 - 측면충돌,신호위반,습기,비,단일로 - 기타,승합,남,31세,상해없음,승용,여,51세,경상
2016121900100464,2016년 12월 19일 18시,월요일,전라남도 해남군 화원면,경상사고,0,0,2,0,차대차 - 정면충돌,직진우회전진행방해,습기,비,교차로 - 교차로안,승용,남,25세,경상,승용,여,25세,경상
2016121900100465,2016년 12월 19일 18시,월요일,전라남도 함평군 엄다면,경상사고,0,0,1,0,차대차 - 추돌,안전운전불이행,습기,흐림,미분류 - 미분류,화물,남,70세,상해없음,농기계,남,67세,경상
2016121900100539,2016년 12월 19일 20시,월요일,전라남도 여수시 오림동,경상사고,0,0,4,0,차대차 - 측면충돌,중앙선침범,습기,비,교차로 - 교차로부근,승용,남,19세,상해없음,승용,남,43세,경상
2016121900100540,2016년 12월 19일 20시,월요일,전라남도 여수시 선원동,경상사고,0,0,1,0,차대차 - 정면충돌,안전운전불이행,습기,비,단일로 - 기타,승용,남,57세,상해없음,승용,남,26세,경상
2016121900100592,2016년 12월 19일 22시,월요일,전라남도 목포시 상동,중상사고,0,1,1,0,차대차 - 측면충돌,안전운전불이행,습기,흐림,단일로 - 기타,승용,남,53세,상해없음,이륜,남,16세,중상
2016121900100593,2016년 12월 19일 22시,월요일,전라남도 여수시 광무동,중상사고,0,1,0,0,차대사람 - 횡단중,안전운전불이행,습기,비,단일로 - 기타,승용,남,62세,상해없음,보행자,남,62세,중상
2016121900100615,2016년 12월 19일 23시,월요일,전라남도 순천시 연향동,경상사고,0,0,1,0,차대차 - 정면충돌,직진우회전진행방해,습기,비,교차로 - 교차로안,승용,남,27세,상해없음,승용,남,51세,경상
2016122000100007,2016년 12월 20일 00시,화요일,전라남도 여수시 교동,사망사고,1,0,0,0,차대사람 - 횡단중,안전운전불이행,습기,흐림,단일로 - 기타,승용,여,24세,상해없음,보행자,남,56세,사망
2016122000100008,2016년 12월 20일 00시,화요일,전라남도 여수시 안산동,경상사고,0,0,4,0,차대차 - 측면충돌,교차로운행방법위반,습기,흐림,교차로 - 교차로안,승용,여,47세,상해없음,승용,여,54세,경상
2016122000100009,2016년 12월 20일 00시,화요일,전라남도 광양시 광양읍,경상사고,0,0,2,0,차대차 - 추돌,안전거리미확보,습기,비,단일로 - 기타,승용,남,35세,상해없음,승용,남,47세,경상
2016122000100061,2016년 12월 20일 05시,화요일,전라남도 여수시 학동,경상사고,0,0,1,0,차대차 - 측면직각충돌,안전운전불이행,건조,맑음,단일로 - 기타,승용,남,45세,상해없음,승용,남,26세,경상
2016122000100084,2016년 12월 20일 06시,화요일,전라남도 나주시 왕곡면,중상사고,0,1,4,0,차대차 - 추돌,안전거리미확보,건조,맑음,단일로 - 기타,화물,남,51세,경상,화물,남,51세,경상
2016122000100085,2016년 12월 20일 06시,화요일,전라남도 나주시 금천면,중상사고,0,1,0,0,차대사람 - 횡단중,신호위반,건조,맑음,단일로 - 횡단보도상,승용,남,46세,상해없음,보행자,여,21세,중상
2016122000100129,2016년 12월 20일 08시,화요일,전라남도 화순군 남면,부상신고사고,0,0,0,1,차대사람 - 길가장자리구역통행중,안전운전불이행,건조,맑음,단일로 - 기타,승용,남,84세,상해없음,보행자,남,73세,부상신고
2016122000100130,2016년 12월 20일 08시,화요일,전라남도 장성군 장성읍,경상사고,0,0,2,1,차대차 - 측면충돌,불법유턴,건조,맑음,단일로 - 기타,화물,남,60세,부상신고,승용,여,48세,경상
2016122000100131,2016년 12월 20일 08시,화요일,전라남도 광양시 광양읍,경상사고,0,0,2,0,차대차 - 측면직각충돌,교차로운행방법위반,건조,맑음,교차로 - 교차로안,이륜,여,70세,경상,승용,여,24세,경상
2016122000100170,2016년 12월 20일 09시,화요일,전라남도 신안군 압해읍,경상사고,0,0,2,0,차대차 - 기타,직진우회전진행방해,건조,맑음,교차로 - 교차로부근,화물,남,69세,상해없음,승용,남,55세,경상
2016122000100171,2016년 12월 20일 09시,화요일,전라남도 여수시 학동,경상사고,0,0,1,0,차대차 - 측면직각충돌,안전운전불이행,건조,맑음,단일로 - 기타,승용,남,74세,상해없음,승용,여,63세,경상
2016122000100208,2016년 12월 20일 10시,화요일,전라남도 순천시 조례동,경상사고,0,0,1,0,차대차 - 추돌,안전거리미확보,건조,맑음,단일로 - 기타,승용,남,65세,상해없음,승용,남,57세,경상
2016122000100209,2016년 12월 20일 10시,화요일,전라남도 나주시 금천면,경상사고,0,0,2,0,차대차 - 추돌,안전거리미확보,건조,맑음,단일로 - 기타,화물,남,47세,경상,승용,남,83세,경상
2016122000100210,2016년 12월 20일 10시,화요일,전라남도 고흥군 고흥읍,중상사고,0,1,0,0,차대사람 - 횡단중,교차로운행방법위반,습기,비,교차로 - 교차로안,화물,남,42세,상해없음,보행자,여,65세,중상
2016122000100252,2016년 12월 20일 11시,화요일,전라남도 고흥군 도화면,중상사고,0,1,0,0,차량단독 - 전도전복,안전운전불이행,건조,맑음,단일로 - 기타,화물,남,57세,중상,,,,
2016122000100282,2016년 12월 20일 12시,화요일,전라남도 여수시 공화동,중상사고,0,1,0,0,차대사람 - 횡단중,안전운전불이행,건조,맑음,단일로 - 기타,승용,남,64세,상해없음,보행자,남,67세,중상
2016122000100308,2016년 12월 20일 13시,화요일,전라남도 순천시 덕월동,경상사고,0,0,1,0,차대차 - 추돌,안전운전불이행,건조,맑음,교차로 - 교차로부근,승용,여,48세,상해없음,승용,여,62세,경상
2016122000100309,2016년 12월 20일 13시,화요일,전라남도 강진군 대구면,중상사고,0,3,3,0,차대차 - 측면직각충돌,직진우회전진행방해,건조,맑음,교차로 - 교차로안,승용,여,34세,경상,승용,남,56세,경상
2016122000100310,2016년 12월 20일 13시,화요일,전라남도 광양시 중동,중상사고,0,1,3,0,차대차 - 측면직각충돌,교차로운행방법위반,건조,맑음,교차로 - 교차로안,승용,남,29세,경상,승용,여,34세,중상
2016122000100335,2016년 12월 20일 14시,화요일,전라남도 목포시 산정동,경상사고,0,0,1,0,차대차 - 기타,안전운전불이행,건조,맑음,단일로 - 기타,승용,남,73세,상해없음,자전거,남,59세,경상
2016122000100336,2016년 12월 20일 14시,화요일,전라남도 영암군 미암면,경상사고,0,0,1,0,차대사람 - 횡단중,안전운전불이행,건조,맑음,단일로 - 기타,승용,여,52세,상해없음,보행자,남,74세,경상
2016122000100337,2016년 12월 20일 14시,화요일,전라남도 광양시 마동,중상사고,0,1,0,0,차대차 - 측면직각충돌,안전운전불이행,건조,맑음,교차로 - 교차로안,승용,여,48세,중상,화물,남,54세,상해없음
2016122000100373,2016년 12월 20일 15시,화요일,전라남도 목포시 상동,경상사고,0,0,2,0,차대차 - 측면직각충돌,안전운전불이행,습기,비,교차로 - 교차로부근,승용,여,36세,상해없음,승용,남,23세,경상
2016122000100374,2016년 12월 20일 15시,화요일,전라남도 목포시 금화동,중상사고,0,1,0,0,차대사람 - 횡단중,보행자보호의무위반,건조,맑음,단일로 - 횡단보도상,승용,여,48세,상해없음,보행자,남,73세,중상
2016122000100375,2016년 12월 20일 15시,화요일,전라남도 순천시 석현동,중상사고,0,2,1,0,차대차 - 측면충돌,안전운전불이행,건조,맑음,단일로 - 기타,승용,여,64세,경상,승용,여,39세,중상
2016122000100398,2016년 12월 20일 16시,화요일,전라남도 여수시 웅천동,경상사고,0,0,1,0,차대차 - 측면충돌,교차로운행방법위반,건조,맑음,교차로 - 교차로안,승용,남,57세,상해없음,승합,남,47세,경상
2016122000100399,2016년 12월 20일 16시,화요일,전라남도 강진군 강진읍,중상사고,0,1,0,0,차대차 - 측면직각충돌,직진우회전진행방해,건조,맑음,교차로 - 교차로안,원동기,남,78세,중상,승용,남,73세,상해없음
2016122000100494,2016년 12월 20일 18시,화요일,전라남도 광양시 광양읍,중상사고,0,1,0,0,차대사람 - 횡단중,안전운전불이행,건조,맑음,교차로 - 교차로부근,승용,남,55세,상해없음,보행자,여,49세,중상
2016122000100539,2016년 12월 20일 19시,화요일,전라남도 영암군 삼호읍,경상사고,0,0,2,0,차대차 - 측면직각충돌,안전운전불이행,습기,맑음,단일로 - 기타,승용,여,40세,경상,승용,남,28세,경상
2016122000100571,2016년 12월 20일 20시,화요일,전라남도 순천시 조례동,경상사고,0,0,2,0,차대차 - 추돌,안전거리미확보,건조,맑음,단일로 - 기타,승용,여,46세,상해없음,승용,남,50세,경상
2016122000100603,2016년 12월 20일 21시,화요일,전라남도 목포시 석현동,경상사고,0,0,1,1,차대차 - 측면직각충돌,중앙선침범,건조,맑음,단일로 - 기타,이륜,남,16세,부상신고,승용,남,55세,경상
2016122000100604,2016년 12월 20일 21시,화요일,전라남도 해남군 해남읍,경상사고,0,0,1,0,차대차 - 정면충돌,안전운전불이행,건조,맑음,단일로 - 기타,승용,여,59세,상해없음,승용,여,52세,경상
2016122000100605,2016년 12월 20일 21시,화요일,전라남도 보성군 보성읍,중상사고,0,3,0,0,차대차 - 정면충돌,중앙선침범,건조,흐림,교차로 - 교차로부근,승용,남,29세,중상,승용,남,69세,중상
2016122000100640,2016년 12월 20일 22시,화요일,전라남도 여수시 광무동,경상사고,0,0,1,0,차대사람 - 횡단중,안전운전불이행,건조,맑음,단일로 - 기타,화물,남,52세,상해없음,보행자,남,57세,경상
2016122100100096,2016년 12월 21일 07시,수요일,전라남도 목포시 옥암동,중상사고,0,1,0,0,차대차 - 정면충돌,직진우회전진행방해,건조,맑음,교차로 - 교차로안,승용,남,64세,상해없음,자전거,남,65세,중상
2016122100100134,2016년 12월 21일 08시,수요일,전라남도 나주시 봉황면,중상사고,0,1,1,0,차대차 - 기타,기타,건조,맑음,교차로 - 교차로안,승용,남,57세,상해없음,승용,여,61세,경상
2016122100100135,2016년 12월 21일 08시,수요일,전라남도 광양시 금호동,중상사고,0,1,0,0,차대사람 - 횡단중,안전운전불이행,건조,흐림,교차로 - 교차로부근,승용,여,26세,상해없음,보행자,남,8세,중상
2016122100100193,2016년 12월 21일 10시,수요일,전라남도 순천시 행동,중상사고,0,1,0,0,차대사람 - 횡단중,안전운전불이행,건조,맑음,단일로 - 기타,승용,남,71세,상해없음,보행자,여,56세,중상