사고번호,사고일시,요일,시군구,사고내용,사망자수,중상자수,경상자수,부상신고자수,사고유형,법규위반,노면상태,기상상태,도로형태,가해운전자 차종,가해운전자 성별,가해운전자 연령,가해운전자 상해정도,피해운전자 차종,피해운전자 성별,피해운전자 연령,피해운전자 상해정도
2016122600100617,2016년 12월 26일 23시,월요일,전라남도 함평군 함평읍,중상사고,0,1,0,0,차대사람 - 횡단중,안전운전불이행,습기,흐림,단일로 - 기타,승합,남,48세,상해없음,보행자,남,47세,중상
2016122700100010,2016년 12월 27일 00시,화요일,전라남도 목포시 옥암동,경상사고,0,0,1,0,차대차 - 측면충돌,교차로운행방법위반,건조,맑음,교차로 - 교차로안,승용,남,32세,상해없음,승용,남,27세,경상
2016122700100056,2016년 12월 27일 05시,화요일,전라남도 여수시 웅천동,경상사고,0,0,1,0,차대차 - 측면직각충돌,신호위반,건조,맑음,교차로 - 교차로안,승용,남,43세,상해없음,승용,여,60세,경상
2016122700100057,2016년 12월 27일 05시,화요일,전라남도 광양시 광양읍,사망사고,1,0,0,0,차대사람 - 횡단중,안전운전불이행,건조,맑음,단일로 - 기타,승용,여,39세,상해없음,보행자,남,68세,사망
2016122700100096,2016년 12월 27일 07시,화요일,전라남도 해남군 해남읍,중상사고,0,1,0,0,차대차 - 추돌,안전운전불이행,습기,흐림,단일로 - 기타,화물,남,72세,상해없음,원동기,남,67세,중상
2016122700100097,2016년 12월 27일 07시,화요일,전라남도 광양시 중동,중상사고,0,1,0,0,차대차 - 측면직각충돌,안전운전불이행,건조,맑음,단일로 - 기타,이륜,남,74세,중상,승용,여,36세,상해없음
2016122700100169,2016년 12월 27일 10시,화요일,전라남도 함평군 대동면,경상사고,0,0,3,0,차대차 - 정면충돌,안전운전불이행,건조,맑음,교차로 - 교차로안,승합,남,50세,상해없음,승용,여,72세,경상
2016122700100170,2016년 12월 27일 10시,화요일,전라남도 광양시 진상면,중상사고,0,1,2,0,차대차 - 측면직각충돌,불법유턴,건조,맑음,교차로 - 교차로안,화물,남,54세,경상,승용,여,40세,경상
2016122700100283,2016년 12월 27일 14시,화요일,전라남도 순천시 낙안면,경상사고,0,0,1,0,차대차 - 정면충돌,중앙선침범,건조,맑음,단일로 - 기타,승용,남,74세,상해없음,승용,남,39세,경상
2016122700100284,2016년 12월 27일 14시,화요일,전라남도 무안군 무안읍,경상사고,0,0,1,0,차대차 - 측면직각충돌,안전운전불이행,건조,맑음,단일로 - 기타,건설기계,남,33세,상해없음,승용,여,43세,경상
2016122700100384,2016년 12월 27일 17시,화요일,전라남도 강진군 칠량면,경상사고,0,0,1,0,차량단독 - 전도전복,안전운전불이행,건조,맑음,단일로 - 기타,화물,남,78세,경상,,,,
2016122700100432,2016년 12월 27일 18시,화요일,전라남도 순천시 황전면,사망사고,1,0,0,0,차대사람 - 횡단중,안전운전불이행,건조,맑음,교차로 - 교차로안,승용,남,31세,상해없음,보행자,남,78세,사망
2016122700100434,2016년 12월 27일 18시,화요일,전라남도 완도군 고금면,중상사고,0,1,0,0,차대차 - 측면충돌,안전운전불이행,건조,맑음,교차로 - 교차로부근,승용,남,49세,상해없음,농기계,남,45세,기타불명
2016122700100474,2016년 12월 27일 19시,화요일,전라남도 목포시 석현동,중상사고,0,1,0,0,차대사람 - 횡단중,안전운전불이행,건조,맑음,단일로 - 기타,승용,남,50세,상해없음,보행자,여,34세,중상
2016122700100475,2016년 12월 27일 19시,화요일,전라남도 순천시 해룡면,경상사고,0,0,2,0,차대차 - 측면직각충돌,안전거리미확보,건조,맑음,교차로 - 교차로부근,승용,여,41세,경상,승용,남,38세,경상
2016122700100476,2016년 12월 27일 19시,화요일,전라남도 나주시 산포면,경상사고,0,0,1,1,차대차 - 추돌,안전운전불이행,건조,맑음,단일로 - 기타,승용,남,41세,부상신고,건설기계,남,61세,경상
2016122700100535,2016년 12월 27일 21시,화요일,전라남도 나주시 빛가람동,부상신고사고,0,0,0,1,차량단독 - 전도전복,안전운전불이행,건조,맑음,단일로 - 기타,승용,남,35세,부상신고,,,,
2016122700100559,2016년 12월 27일 22시,화요일,전라남도 목포시 상동,경상사고,0,0,1,0,차대사람 - 횡단중,안전운전불이행,건조,맑음,기타 - 기타,승용,여,43세,기타불명,보행자,여,24세,경상
2016122700100560,2016년 12월 27일 22시,화요일,전라남도 해남군 해남읍,경상사고,0,0,1,0,차량단독 - 전도전복,안전운전불이행,건조,맑음,교차로 - 교차로부근,승용,남,63세,경상,,,,
2016122800100014,2016년 12월 28일 00시,수요일,전라남도 여수시 신기동,경상사고,0,0,2,0,차대차 - 추돌,안전운전불이행,건조,맑음,단일로 - 기타,승용,남,41세,상해없음,승용,남,24세,경상
2016122800100015,2016년 12월 28일 00시,수요일,전라남도 나주시 송월동,중상사고,0,1,1,1,차대차 - 측면직각충돌,신호위반,건조,맑음,교차로 - 교차로안,승용,여,21세,부상신고,승용,남,43세,중상
2016122800100077,2016년 12월 28일 06시,수요일,전라남도 순천시 해룡면,중상사고,0,1,0,0,차대사람 - 길가장자리구역통행중,안전운전불이행,건조,맑음,단일로 - 기타,화물,남,24세,상해없음,보행자,남,64세,중상
2016122800100101,2016년 12월 28일 07시,수요일,전라남도 나주시 남평읍,중상사고,0,1,1,0,차대차 - 측면직각충돌,신호위반,건조,맑음,교차로 - 교차로안,승용,남,50세,상해없음,승합,남,68세,경상
2016122800100102,2016년 12월 28일 07시,수요일,전라남도 장성군 북이면,경상사고,0,0,1,0,차대차 - 정면충돌,중앙선침범,건조,맑음,단일로 - 기타,화물,남,49세,상해없음,화물,남,65세,경상
2016122800100124,2016년 12월 28일 08시,수요일,전라남도 순천시 연향동,경상사고,0,0,1,0,차대사람 - 횡단중,보행자보호의무위반,건조,맑음,교차로 - 교차로안,화물,남,42세,상해없음,보행자,여,12세,경상
2016122800100158,2016년 12월 28일 09시,수요일,전라남도 영광군 군남면,경상사고,0,0,2,0,차대차 - 추돌,안전운전불이행,건조,맑음,교차로 - 교차로부근,건설기계,남,59세,상해없음,승용,남,38세,경상
2016122800100199,2016년 12월 28일 10시,수요일,전라남도 목포시 상동,경상사고,0,0,2,0,차대차 - 추돌,안전운전불이행,건조,맑음,단일로 - 기타,승용,여,44세,상해없음,승용,남,57세,경상
2016122800100219,2016년 12월 28일 11시,수요일,전라남도 목포시 상동,경상사고,0,0,1,0,차대차 - 측면충돌,중앙선침범,건조,맑음,단일로 - 기타,승용,남,21세,상해없음,승용,남,69세,경상
2016122800100220,2016년 12월 28일 11시,수요일,전라남도 여수시 미평동,경상사고,0,0,1,1,차대차 - 측면직각충돌,안전거리미확보,건조,맑음,단일로 - 기타,승용,남,45세,부상신고,승용,여,43세,경상
2016122800100281,2016년 12월 28일 13시,수요일,전라남도 영암군 덕진면,경상사고,0,0,4,1,차대차 - 추돌,안전운전불이행,건조,맑음,교차로 - 교차로부근,승용,남,59세,부상신고,승용,남,72세,경상
2016122800100314,2016년 12월 28일 14시,수요일,전라남도 목포시 연산동,경상사고,0,0,2,0,차대차 - 추돌,안전운전불이행,건조,맑음,교차로 - 교차로부근,화물,남,58세,상해없음,승용,여,54세,경상
2016122800100315,2016년 12월 28일 14시,수요일,전라남도 목포시 산정동,경상사고,0,0,4,0,차대차 - 측면충돌,교차로운행방법위반,건조,맑음,교차로 - 교차로안,승용,남,22세,경상,승용,여,25세,경상
2016122800100316,2016년 12월 28일 14시,수요일,전라남도 영암군 신북면,경상사고,0,0,1,0,차대차 - 추돌,안전운전불이행,건조,맑음,단일로 - 기타,승용,남,48세,경상,화물,남,53세,상해없음
2016122800100356,2016년 12월 28일 15시,수요일,전라남도 목포시 용해동,경상사고,0,0,1,0,차대차 - 측면충돌,안전운전불이행,건조,맑음,교차로 - 교차로안,승용,여,61세,상해없음,승용,남,43세,경상
2016122800100385,2016년 12월 28일 16시,수요일,전라남도 화순군 화순읍,부상신고사고,0,0,0,1,차대사람 - 길가장자리구역통행중,안전운전불이행,건조,맑음,단일로 - 기타,승용,여,45세,상해없음,보행자,여,18세,부상신고
2016122800100386,2016년 12월 28일 16시,수요일,전라남도 함평군 함평읍,경상사고,0,0,1,0,차대차 - 기타,안전운전불이행,건조,맑음,단일로 - 기타,화물,남,66세,상해없음,승용,남,55세,경상
2016122800100387,2016년 12월 28일 16시,수요일,전라남도 완도군 노화읍,중상사고,0,2,0,0,차대차 - 추돌,안전운전불이행,건조,맑음,단일로 - 기타,승용,여,65세,중상,승용,여,34세,상해없음
2016122800100388,2016년 12월 28일 16시,수요일,전라남도 무안군 삼향읍,경상사고,0,0,2,0,차대차 - 측면충돌,직진우회전진행방해,건조,맑음,교차로 - 교차로안,승용,여,26세,경상,승용,남,27세,경상
2016122800100417,2016년 12월 28일 17시,수요일,전라남도 목포시 상동,경상사고,0,0,1,0,차대사람 - 횡단중,보행자보호의무위반,건조,맑음,교차로 - 교차로안,승용,여,54세,상해없음,보행자,남,68세,경상
2016122800100476,2016년 12월 28일 18시,수요일,전라남도 목포시 산정동,경상사고,0,0,1,0,차대사람 - 횡단중,신호위반,건조,맑음,단일로 - 횡단보도부근,승용,여,40세,상해없음,보행자,여,67세,경상
2016122800100477,2016년 12월 28일 18시,수요일,전라남도 순천시 조례동,경상사고,0,0,1,0,차대차 - 측면충돌,신호위반,건조,맑음,교차로 - 교차로안,승용,남,36세,상해없음,승용,여,50세,경상
2016122800100478,2016년 12월 28일 18시,수요일,전라남도 해남군 송지면,중상사고,0,1,3,0,차대차 - 측면직각충돌,직진우회전진행방해,건조,맑음,교차로 - 교차로안,화물,남,27세,중상,승용,여,38세,경상
2016122800100520,2016년 12월 28일 19시,수요일,전라남도 순천시 동외동,중상사고,0,1,0,0,차대차 - 측면충돌,신호위반,건조,맑음,교차로 - 교차로안,승용,남,25세,상해없음,원동기,남,23세,중상
2016122800100545,2016년 12월 28일 20시,수요일,전라남도 목포시 상동,경상사고,0,0,1,0,차대사람 - 횡단중,안전운전불이행,건조,맑음,단일로 - 기타,승합,남,55세,기타불명,보행자,여,22세,경상
2016122800100575,2016년 12월 28일 21시,수요일,전라남도 목포시 상동,경상사고,0,0,2,0,차대차 - 추돌,안전운전불이행,건조,맑음,단일로 - 기타,승용,남,24세,상해없음,승용,남,27세,경상
2016122800100623,2016년 12월 28일 23시,수요일,전라남도 목포시 산정동,경상사고,0,0,2,0,차대차 - 추돌,안전운전불이행,건조,맑음,교차로 - 교차로부근,승용,남,28세,상해없음,승용,남,23세,경상
2016122900100049,2016년 12월 29일 02시,목요일,전라남도 목포시 대양동,경상사고,0,0,1,0,차량단독 - 전도전복,안전운전불이행,건조,맑음,단일로 - 기타,승용,남,34세,경상,,,,
2016122900100077,2016년 12월 29일 04시,목요일,전라남도 진도군 진도읍,중상사고,0,1,0,0,차대차 - 정면충돌,안전운전불이행,건조,흐림,단일로 - 기타,이륜,남,30세,중상,화물,남,64세,상해없음
2016122900100216,2016년 12월 29일 09시,목요일,전라남도 나주시 남평읍,경상사고,0,0,2,0,차대차 - 정면충돌,중앙선침범,결빙,눈,단일로 - 기타,승용,여,42세,경상,승용,여,34세,경상
2016122900100217,2016년 12월 29일 09시,목요일,전라남도 화순군 화순읍,경상사고,0,0,1,0,차대차 - 추돌,안전거리미확보,기타,기타,미분류 - 미분류,승용,여,49세,상해없음,승용,여,47세,경상
2016122900100218,2016년 12월 29일 09시,목요일,전라남도 무안군 삼향읍,중상사고,0,2,0,0,차대차 - 추돌,안전운전불이행,기타,눈,미분류 - 미분류,승용,여,34세,중상,승합,남,61세,중상
2016122900100219,2016년 12월 29일 09시,목요일,전라남도 진도군 지산면,경상사고,0,0,1,0,차량단독 - 기타,안전운전불이행,건조,맑음,단일로 - 기타,화물,남,55세,경상,,,,
2016122900100220,2016년 12월 29일 09시,목요일,전라남도 광양시 중동,경상사고,0,0,1,0,차대사람 - 횡단중,보행자보호의무위반,건조,맑음,단일로 - 횡단보도상,승용,남,66세,상해없음,보행자,여,44세,경상
2016122900100242,2016년 12월 29일 10시,목요일,전라남도 순천시 대룡동,중상사고,0,1,0,0,차대차 - 측면충돌,안전운전불이행,건조,맑음,단일로 - 기타,화물,남,49세,상해없음,승용,남,47세,중상
2016122900100243,2016년 12월 29일 10시,목요일,전라남도 나주시 금천면,경상사고,0,0,1,0,차량단독 - 공작물충돌,안전운전불이행,결빙,눈,단일로 - 교량,승용,남,67세,상해없음,,,,
2016122900100244,2016년 12월 29일 10시,목요일,전라남도 장성군 동화면,경상사고,0,0,1,1,차대차 - 측면충돌,안전운전불이행,결빙,맑음,단일로 - 기타,승용,남,35세,부상신고,화물,남,39세,경상
2016122900100279,2016년 12월 29일 11시,목요일,전라남도 장성군 황룡면,사망사고,1,0,0,0,차대차 - 측면충돌,안전운전불이행,건조,맑음,교차로 - 교차로안,승용,남,54세,상해없음,이륜,남,79세,사망
2016122900100356,2016년 12월 29일 13시,목요일,전라남도 목포시 상동,경상사고,0,0,1,0,차대사람 - 횡단중,안전운전불이행,기타,눈,단일로 - 기타,승용,남,72세,상해없음,보행자,여,66세,경상
2016122900100357,2016년 12월 29일 13시,목요일,전라남도 나주시 토계동,경상사고,0,0,3,1,차대차 - 측면충돌,직진우회전진행방해,건조,맑음,교차로 - 교차로안,승용,남,69세,부상신고,승용,여,46세,경상
2016122900100358,2016년 12월 29일 13시,목요일,전라남도 강진군 신전면,경상사고,0,0,1,0,차량단독 - 전도전복,안전운전불이행,건조,맑음,단일로 - 기타,승용,여,45세,경상,,,,
2016122900100359,2016년 12월 29일 13시,목요일,전라남도 광양시 황길동,경상사고,0,0,2,0,차대차 - 추돌,신호위반,건조,맑음,교차로 - 교차로안,화물,남,41세,상해없음,승합,남,30세,경상
2016122900100424,2016년 12월 29일 15시,목요일,전라남도 목포시 용당동,경상사고,0,0,1,0,차대사람 - 횡단중,안전운전불이행,건조,맑음,단일로 - 기타,승합,남,65세,상해없음,보행자,남,17세,경상
2016122900100497,2016년 12월 29일 17시,목요일,전라남도 순천시 조례동,경상사고,0,0,1,0,차대차 - 추돌,안전거리미확보,건조,맑음,교차로 - 교차로부근,승용,남,43세,상해없음,화물,여,49세,경상
2016122900100552,2016년 12월 29일 18시,목요일,전라남도 여수시 문수동,경상사고,0,0,1,0,차대차 - 측면직각충돌,안전운전불이행,건조,맑음,단일로 - 기타,원동기,남,47세,경상,승용,여,29세,상해없음
2016122900100553,2016년 12월 29일 18시,목요일,전라남도 나주시 빛가람동,중상사고,0,1,0,0,차대차 - 측면직각충돌,신호위반,건조,맑음,교차로 - 교차로안,이륜,남,50세,중상,승용,남,26세,상해없음
2016122900100660,2016년 12월 29일 20시,목요일,전라남도 나주시 중앙동,경상사고,0,0,1,0,차대사람 - 횡단중,보행자보호의무위반,건조,맑음,단일로 - 횡단보도상,승합,남,32세,상해없음,보행자,남,35세,경상
2016122900100661,2016년 12월 29일 20시,목요일,전라남도 화순군 화순읍,경상사고,0,0,1,0,차대사람 - 횡단중,보행자보호의무위반,건조,기타,단일로 - 횡단보도상,이륜,남,17세,상해없음,보행자,남,72세,경상
2016122900100662,2016년 12월 29일 20시,목요일,전라남도 광양시 중동,경상사고,0,0,2,0,차대차 - 측면충돌,안전운전불이행,건조,맑음,단일로 - 기타,승용,남,33세,경상,원동기,남,27세,경상
2016122900100699,2016년 12월 29일 21시,목요일,전라남도 순천시 해룡면,경상사고,0,0,1,0,차대차 - 측면충돌,교차로운행방법위반,건조,맑음,교차로 - 교차로안,이륜,남,18세,경상,승용,남,30세,상해없음
2016122900100700,2016년 12월 29일 21시,목요일,전라남도 나주시 송월동,중상사고,0,1,0,0,차량단독 - 전도전복,안전운전불이행,건조,맑음,교차로 - 교차로부근,승용,남,29세,상해없음,,,,
2016122900100701,2016년 12월 29일 21시,목요일,전라남도 고흥군 과역면,중상사고,0,1,0,0,차대사람 - 기타,안전운전불이행,건조,맑음,단일로 - 기타,승용,남,46세,상해없음,보행자,남,50세,중상
2016122900100784,2016년 12월 29일 23시,목요일,전라남도 광양시 광양읍,사망사고,1,0,0,0,차량단독 - 전도전복,안전운전불이행,건조,맑음,단일로 - 기타,승용,남,49세,사망,,,,
2016123000100087,2016년 12월 30일 03시,금요일,전라남도 목포시 석현동,중상사고,0,1,0,0,차대차 - 추돌,안전운전불이행,건조,맑음,단일로 - 기타,승용,남,25세,중상,승용,여,32세,상해없음
2016123000100118,2016년 12월 30일 06시,금요일,전라남도 나주시 빛가람동,중상사고,0,1,0,0,차대사람 - 횡단중,안전운전불이행,건조,맑음,단일로 - 기타,화물,남,54세,상해없음,보행자,남,63세,중상
2016123000100119,2016년 12월 30일 06시,금요일,전라남도 영암군 삼호읍,경상사고,0,0,2,0,차대차 - 추돌,안전운전불이행,건조,맑음,교차로 - 교차로부근,승용,남,22세,상해없음,승용,남,60세,상해없음
2016123000100185,2016년 12월 30일 08시,금요일,전라남도 순천시 연향동,경상사고,0,0,1,0,차대차 - 측면충돌,신호위반,건조,맑음,교차로 - 교차로안,화물,남,69세,상해없음,승용,남,37세,경상
2016123000100186,2016년 12월 30일 08시,금요일,전라남도 영암군 삼호읍,경상사고,0,0,1,0,차대차 - 측면직각충돌,안전운전불이행,건조,맑음,교차로 - 교차로안,건설기계,남,36세,상해없음,승용,남,42세,경상
2016123000100245,2016년 12월 30일 10시,금요일,전라남도 보성군 보성읍,경상사고,0,0,6,0,차대차 - 측면직각충돌,교차로운행방법위반,건조,맑음,교차로 - 교차로안,승용,여,34세,경상,승용,남,56세,경상
2016123000100246,2016년 12월 30일 10시,금요일,전라남도 강진군 강진읍,중상사고,0,1,0,0,차대차 - 측면직각충돌,교차로운행방법위반,건조,맑음,교차로 - 교차로안,승용,남,42세,상해없음,원동기,남,86세,중상
2016123000100286,2016년 12월 30일 11시,금요일,전라남도 목포시 죽교동,경상사고,0,0,1,0,차대사람 - 횡단중,안전운전불이행,건조,맑음,단일로 - 기타,승용,남,59세,상해없음,보행자,여,12세,경상
2016123000100287,2016년 12월 30일 11시,금요일,전라남도 광양시 광양읍,중상사고,0,1,0,0,차대사람 - 횡단중,보행자보호의무위반,건조,맑음,단일로 - 횡단보도상,승합,남,35세,상해없음,보행자,남,8세,중상
2016123000100331,2016년 12월 30일 12시,금요일,전라남도 목포시 북교동,중상사고,0,1,0,0,차대사람 - 횡단중,안전운전불이행,건조,맑음,교차로 - 교차로안,승용,남,57세,상해없음,보행자,남,65세,중상
2016123000100332,2016년 12월 30일 12시,금요일,전라남도 해남군 해남읍,중상사고,0,1,1,0,차대차 - 정면충돌,중앙선침범,건조,맑음,단일로 - 기타,승용,남,56세,중상,건설기계,남,45세,경상
2016123000100333,2016년 12월 30일 12시,금요일,전라남도 광양시 옥곡면,경상사고,0,0,3,0,차대차 - 기타,안전운전불이행,건조,맑음,교차로 - 교차로부근,화물,남,69세,경상,승용,남,48세,경상
2016123000100370,2016년 12월 30일 13시,금요일,전라남도 광양시 금호동,경상사고,0,0,3,0,차대차 - 측면직각충돌,차로위반,건조,맑음,교차로 - 교차로안,특수,남,52세,상해없음,승용,여,55세,경상
2016123000100371,2016년 12월 30일 13시,금요일,전라남도 광양시 금호동,경상사고,0,0,1,0,차대차 - 측면충돌,교차로운행방법위반,건조,맑음,교차로 - 교차로안,건설기계,남,51세,상해없음,승용,남,34세,상해없음
2016123000100499,2016년 12월 30일 16시,금요일,전라남도 목포시 상동,경상사고,0,0,5,0,차대차 - 측면충돌,중앙선침범,건조,맑음,단일로 - 기타,승용,남,18세,경상,승용,남,49세,경상
2016123000100546,2016년 12월 30일 17시,금요일,전라남도 목포시 산정동,경상사고,0,0,1,0,차대차 - 추돌,안전운전불이행,건조,맑음,교차로 - 교차로부근,승용,남,57세,상해없음,승용,여,40세,경상
2016123000100547,2016년 12월 30일 17시,금요일,전라남도 순천시 용당동,경상사고,0,0,1,0,차대차 - 측면충돌,신호위반,건조,맑음,교차로 - 교차로안,승용,여,34세,상해없음,이륜,여,52세,경상
2016123000100615,2016년 12월 30일 18시,금요일,전라남도 순천시 덕암동,중상사고,0,2,1,1,차대차 - 측면충돌,교차로운행방법위반,건조,맑음,교차로 - 교차로안,승용,여,54세,상해없음,승용,남,58세,중상
2016123000100616,2016년 12월 30일 18시,금요일,전라남도 나주시 대호동,경상사고,0,0,1,0,차대사람 - 횡단중,안전운전불이행,건조,기타,단일로 - 기타,승용,남,34세,상해없음,보행자,여,79세,경상
2016123000100679,2016년 12월 30일 19시,금요일,전라남도 순천시 오천동,경상사고,0,0,1,0,차대차 - 측면충돌,안전운전불이행,건조,맑음,교차로 - 교차로안,승합,남,51세,상해없음,승용,남,59세,상해없음
2016123000100680,2016년 12월 30일 19시,금요일,전라남도 나주시 삼영동,경상사고,0,0,1,0,차대차 - 추돌,안전운전불이행,건조,맑음,교차로 - 교차로부근,승용,남,59세,경상,화물,남,45세,기타불명
2016123000100681,2016년 12월 30일 19시,금요일,전라남도 광양시 광양읍,중상사고,0,1,0,0,차대사람 - 횡단중,안전운전불이행,건조,맑음,교차로 - 교차로부근,승용,남,55세,상해없음,보행자,남,29세,중상
2016123000100763,2016년 12월 30일 21시,금요일,전라남도 나주시 이창동,부상신고사고,0,0,0,1,차량단독 - 공작물충돌,안전운전불이행,건조,기타,교차로 - 교차로부근,화물,남,64세,부상신고,,,,
2016123000100797,2016년 12월 30일 22시,금요일,전라남도 나주시 다도면,경상사고,0,0,1,0,차량단독 - 전도전복,안전운전불이행,건조,맑음,단일로 - 기타,승용,남,51세,경상,,,,
2016123000100837,2016년 12월 30일 23시,금요일,전라남도 목포시 산정동,경상사고,0,0,3,0,차대차 - 측면충돌,신호위반,건조,맑음,교차로 - 교차로안,승용,남,37세,상해없음,승용,남,31세,경상
2016123100100058,2016년 12월 31일 01시,토요일,전라남도 영암군 삼호읍,부상신고사고,0,0,0,1,차량단독 - 전도전복,안전운전불이행,건조,맑음,단일로 - 기타,승용,남,31세,부상신고,,,,
2016123100100146,2016년 12월 31일 06시,토요일,전라남도 목포시 상동,경상사고,0,0,1,0,차대사람 - 횡단중,안전운전불이행,건조,맑음,단일로 - 기타,승용,남,67세,상해없음,보행자,여,59세,경상
2016123100100147,2016년 12월 31일 06시,토요일,전라남도 순천시 서면,경상사고,0,0,1,0,차대차 - 측면충돌,신호위반,건조,맑음,교차로 - 교차로안,승용,여,48세,상해없음,승용,남,71세,경상
2016123100100161,2016년 12월 31일 07시,토요일,전라남도 여수시 학동,경상사고,0,0,1,0,차대차 - 추돌,중앙선침범,건조,맑음,교차로 - 교차로안,승용,여,45세,상해없음,승용,남,56세,경상
2016123100100162,2016년 12월 31일 07시,토요일,전라남도 여수시 웅천동,중상사고,0,1,0,0,차대차 - 추돌,안전운전불이행,건조,맑음,교차로 - 교차로부근,승용,여,45세,상해없음,화물,여,58세,중상
2016123100100163,2016년 12월 31일 07시,토요일,전라남도 광양시 금호동,경상사고,0,0,1,0,차대차 - 측면직각충돌,신호위반,건조,맑음,교차로 - 교차로안,화물,남,48세,상해없음,승용,여,47세,경상
2016123100100176,2016년 12월 31일 08시,토요일,전라남도 보성군 보성읍,경상사고,0,0,1,0,차대사람 - 길가장자리구역통행중,안전운전불이행,습기,맑음,단일로 - 기타,승용,여,61세,상해없음,보행자,남,54세,경상
2016123100100207,2016년 12월 31일 10시,토요일,전라남도 곡성군 곡성읍,경상사고,0,0,1,0,차대사람 - 횡단중,보행자보호의무위반,건조,맑음,단일로 - 기타,승용,여,55세,상해없음,보행자,여,84세,경상
2016123100100227,2016년 12월 31일 11시,토요일,전라남도 목포시 산정동,경상사고,0,0,1,0,차대차 - 측면충돌,신호위반,건조,맑음,단일로 - 기타,승용,남,68세,상해없음,이륜,남,41세,경상
2016123100100228,2016년 12월 31일 11시,토요일,전라남도 목포시 용당동,경상사고,0,0,4,0,차대차 - 측면직각충돌,직진우회전진행방해,건조,맑음,교차로 - 교차로안,승용,남,34세,경상,승용,남,31세,경상
2016123100100229,2016년 12월 31일 11시,토요일,전라남도 보성군 조성면,중상사고,0,2,0,0,철길건널목 - 철길건널목,기타,건조,맑음,단일로 - 철길건널목,승용,남,69세,중상,기타불명,남,51세,상해없음
2016123100100230,2016년 12월 31일 11시,토요일,전라남도 영암군 신북면,경상사고,0,0,1,0,차대차 - 기타,안전운전불이행,건조,맑음,교차로 - 교차로안,승용,남,63세,상해없음,이륜,남,76세,경상
2016123100100253,2016년 12월 31일 12시,토요일,전라남도 강진군 성전면,경상사고,0,0,2,0,차대차 - 기타,안전운전불이행,건조,맑음,단일로 - 기타,승용,여,61세,경상,화물,남,47세,경상
2016123100100284,2016년 12월 31일 13시,토요일,전라남도 곡성군 고달면,중상사고,0,1,0,0,차대차 - 측면직각충돌,안전운전불이행,건조,흐림,교차로 - 교차로안,화물,남,58세,상해없음,이륜,남,73세,중상
2016123100100318,2016년 12월 31일 14시,토요일,전라남도 고흥군 도덕면,중상사고,0,1,0,0,차대차 - 측면충돌,안전운전불이행,건조,맑음,단일로 - 기타,승용,남,52세,상해없음,원동기,남,75세,중상
2016123100100319,2016년 12월 31일 14시,토요일,전라남도 화순군 화순읍,경상사고,0,0,2,0,차대사람 - 횡단중,신호위반,건조,맑음,단일로 - 횡단보도상,승용,남,51세,기타불명,보행자,여,9세,경상
2016123100100320,2016년 12월 31일 14시,토요일,전라남도 광양시 성황동,경상사고,0,0,1,0,차대사람 - 길가장자리구역통행중,안전운전불이행,건조,맑음,단일로 - 기타,승용,여,42세,기타불명,보행자,여,78세,경상
2016123100100379,2016년 12월 31일 16시,토요일,전라남도 목포시 용해동,경상사고,0,0,1,0,차대차 - 추돌,안전운전불이행,건조,맑음,단일로 - 기타,승용,남,26세,상해없음,승용,남,52세,경상
2016123100100403,2016년 12월 31일 17시,토요일,전라남도 곡성군 삼기면,경상사고,0,0,1,0,차대차 - 추돌,안전운전불이행,건조,맑음,단일로 - 기타,승용,남,64세,상해없음,화물,남,46세,경상
2016123100100547,2016년 12월 31일 20시,토요일,전라남도 여수시 둔덕동,중상사고,0,1,0,0,차대차 - 측면직각충돌,차로위반,건조,맑음,단일로 - 기타,승용,여,37세,상해없음,원동기,남,18세,중상
2016123100100548,2016년 12월 31일 20시,토요일,전라남도 순천시 교량동,경상사고,0,0,1,0,차대차 - 추돌,안전운전불이행,건조,맑음,단일로 - 기타,승용,여,52세,상해없음,승용,남,48세,상해없음
2016123100100579,2016년 12월 31일 21시,토요일,전라남도 여수시 시전동,중상사고,0,1,0,0,차대사람 - 횡단중,안전운전불이행,건조,맑음,교차로 - 교차로부근,승용,여,35세,상해없음,보행자,여,52세,중상
2016123100100580,2016년 12월 31일 21시,토요일,전라남도 해남군 삼산면,경상사고,0,0,1,0,차대차 - 측면직각충돌,안전운전불이행,건조,맑음,교차로 - 교차로안,승합,남,73세,상해없음,승용,남,34세,경상
2016123100100581,2016년 12월 31일 21시,토요일,전라남도 해남군 해남읍,중상사고,0,1,0,0,차대차 - 기타,안전운전불이행,건조,맑음,단일로 - 기타,승합,남,47세,상해없음,원동기,남,19세,중상
2016123100100618,2016년 12월 31일 22시,토요일,전라남도 여수시 오림동,경상사고,0,0,2,0,차대차 - 추돌,안전운전불이행,건조,맑음,교차로 - 교차로부근,승용,여,45세,상해없음,승용,남,25세,경상